tree
version=v4
num_class=1
num_tree_per_iteration=1
label_index=0
max_feature_idx=53
objective=binary sigmoid:1
feature_names=name_exact name_jw name_tsr name_tset name_qratio name_jac name_common_tok name_len_ratio name_len_diff addr_exact addr_jw addr_tsr addr_tset addr_jac addr_common_tok addr_len_ratio num_jac num_common num_conflict num_missing country_eq is_s3 name_missing addr_missing name_x_addr name_strong_addr_weak addr_strong_name_weak cand_count mapped_name_jaccard name_idf_jaccard name_idf_coverage name_rare_shared name_rare_missing name_information name_missing_either house_number_equal house_number_conflict last_number_equal last_number_conflict numeric_coverage mapped_name_tsr mapped_name_ratio name_consonant_ratio joint_retrieval name_x_addr_behind_best joint_retrieval_behind_best mapped_name_tsr_behind_best name_idf_coverage_behind_best addr_tsr_behind_best name_exact_count addr_exact_count expanded_name_tsr expanded_name_ratio expanded_name_jaccard
feature_infos=[0:1] [0:1] [0:1] [0:1] [0:1] [0:1] [0:16] [0.03125:1] [0:4294967296] [0:1] [0:1] [0:1] [0:1] [0:1] [0:33] [0:1] [0:1] [0:10] [0:1] [0:1] [0:1] [0:1] none [0:1] [0:1] [0:1] [0:1] [100:1459] [0:1] [0:1] [0:1] [0:10.308969497680664] [0:10.308969497680664] [3.6293702125549316:10.308969497680664] none [0:1] [0:1] [0:1] [0:1] [0:1] [0:1] [0:1] [0:1] [0:1.0000003576278687] [0:1] [0:1.0000003576278687] [0:1] [0:1] [0:1] [0:70] [0:19] [0:1] [0:1] [0:1]
tree_sizes=3427 3463 3479 3487 3495 3475 3505 3499 3500 3515 3519 3528 3502 3521 3534 3529 3524 3538 3539 3516 3542 3512 3538 3546 3525 3550 3542 3550 3530 3535 3557 3553 3543 3555 3504 3557 3554 3531 3545 3546 3531 3559 3539 3506 3538 3566 3564 3548 3535 3573 3531 3563 3552 3568 3524 3544 3543 3545 3560 3542 3552 3542 3550 3535 3559 3562 3551 3568 3545 3564 3542 3553 3567 3583 3545 3564 3550 3560 3567 3541 3583 3553 3532 3561 3572 3552 3545 3564 3556 3527 3541 3528 3545 3543 3574 3545 3588 3499 3542 3565 3559 3545 3532 3568 3523 3521 3550 3515 3528 3548 3554 3490 3554 3529 3558 3563 3539 3541 3576 3556 3526 3473 3554 3540 3531 3565 3556 3574 3529 3486 3554 3533 3505 3571 3481 3513 3499 3585 3549 3510 3494 3559 3474 3538 3512 3533 3526 3494 3518 3539 3540 3475 3529 3517 3541 3514 3492 3555 3546 3515 3484 3529 3438 3465 3450 3496 3523 3533 3525 3505 3520 3490 3456 3513 3492 3525 3529 3533 3538 3534 3523 3444 3485 3493 3534 3536 3507 3525 3520 3482 3524 3545 3477 3552 3560 3513 3510 3546 3522 3448 3437 3509 3477 3474 3540 3473 3513 3494 3513 3520 3502 3473 3512 3496 3480 3519 3448 3492 3531 3461 3479 3443 3490 3528 3513 3589 3523 3492 3479 3497 3521 3501 3456 3524 3461 3533 3482 3527 3531 3463 3452 3460 3534 3472 3519 3552 3537 3496 3483 3492

Tree=0
num_leaves=31
num_cat=0
split_feature=24 36 51 45 16 39 12 24 16 39 51 45 14 13 1 8 3 53 52 36 16 45 16 1 12 39 12 12 29 10
split_gain=1.09004e+06 183367 46468.1 32655.2 33072.4 21572.6 11775 11703.5 30482.7 9272.71 11537.3 8505.65 6263.53 6154.77 6019.92 5944.65 13077.7 5381.12 4948.92 2800.12 2739.38 2683.45 17467.7 14715.2 15128.9 2678.96 2541.22 2471.49 5441.08 2236.01
threshold=0.57142856717109691 1.0000000180025095e-35 0.93405798077583324 1.0000000180025095e-35 0.44949495792388922 0.88194444775581371 0.71569290757179271 0.49372234940528875 0.44949495792388922 0.88194444775581371 0.88792270421981823 0.35161769390106207 5.5000000000000009 0.8834841549396516 0.68354722857475292 19.500000000000004 0.99523812532424938 0.89444443583488475 0.47856706380844122 1.0000000180025095e-35 0.38750000298023229 0.3367536067962647 0.44949495792388922 0.73244071006774913 0.57214641571044933 0.43650794029235845 0.51382517814636242 0.66046389937400829 0.89658454060554515 0.85424965620040905
decision_type=2 2 2 2 2 2 2 2 2 2 2 2 2 2 2 2 2 2 2 2 2 2 2 2 2 2 2 2 2 2
left_child=3 9 5 4 27 15 -4 13 19 10 12 -10 -2 21 -15 16 -3 20 -6 -9 -8 22 -5 -24 -25 29 -20 -1 -29 -14
right_child=1 2 6 7 18 -7 17 8 11 -11 -12 -13 25 14 -16 -17 -18 -19 26 -21 -22 -23 23 24 -26 -27 -28 28 -30 -31
leaf_value=-2.8897017781310805 -1.3380251376745242 -2.6505908855902494 -2.5966937449780532 -2.9825594147242991 -2.4125416191876541 -1.430916831706418 -2.1309423758001826 -2.4624307266307817 -1.3470204474476331 -1.0111753537379573 -1.074063038240737 -2.5744871976627097 -2.3104794156142914 -2.6923962833032138 -1.2526564714578177 -2.8117890308830145 -1.2624977464150113 -1.0357472917306842 -2.7289460302490602 -2.9639487326023941 -1.0802160536937935 -3.0033074253026699 -2.8288332609238305 -2.8519043949241043 -1.2919228155153171 -2.7145447540138381 -1.1682089514358056 -2.672383454059712 -1.1960195533623177 -1.2319560151061584
leaf_weight=481.94076257944107 109.84809643495828 322.21616225037724 76.822214979678392 11009.632411509752 43.852116947993636 153.65527754742652 84.780324923805892 122.8545535504818 178.97138481959701 2788.5952376909554 383.45669633243233 82.4652428496629 51.571142201311886 206.13640795834363 33.804325496777892 988.92501262389123 85.984223757870495 313.79367463756353 10.990760512650011 1186.5707561522722 35.079352213069797 79097.42640993651 423.95688112452626 99.661814585328102 165.2504706280306 82.704648828133941 205.33879921399057 207.12595121748745 28.383971132338047 30.645701253786683
leaf_count=4135 4115 6578 1515 84595 727 5736 2791 2897 6769 110371 14900 1637 1493 4266 1328 22015 3202 12372 122 12922 1398 617546 4804 1072 6238 1270 7014 2934 999 1133
internal_value=-2.90416 -1.53705 -2.28316 -2.98462 -2.4097 -2.55557 -1.4556 -2.99069 -2.72006 -1.09086 -1.42846 -1.7342 -1.92304 -2.99536 -2.48956 -2.67926 -2.3582 -1.25346 -1.44386 -2.91689 -1.82343 -2.9967 -2.95199 -2.46349 -1.8788 -2.3127 -1.2475 -2.75996 -2.49445 -1.90847
internal_weight=99092.4 5508.08 2061.26 93584.4 977.632 1550.78 510.476 92606.7 1570.86 3446.82 658.226 261.437 274.77 91035.9 239.941 1397.13 408.2 433.653 260.182 1309.43 119.86 90795.9 11698.5 688.869 264.912 164.921 216.33 717.451 235.51 82.2168
internal_count=948894 188889 55607 760005 15931 37531 18076 744074 24225 133282 22911 8406 8011 719849 5594 31795 9780 16561 7863 15819 4189 714255 96709 12114 7310 3896 7136 8068 3933 2626
is_linear=0
shrinkage=1


Tree=1
num_leaves=31
num_cat=0
split_feature=43 18 24 51 28 43 16 10 33 30 49 43 42 24 11 43 46 45 36 5 12 29 3 29 53 16 13 39 53 53
split_gain=304467 9815.69 4049.42 3882.26 3198.14 2661.08 5505.04 5723.42 8128.26 4744.75 1624.63 1433.79 1512.06 1273.66 1210.97 1147.97 981.535 852.427 831.423 806.739 1154.31 740.377 731.242 730.982 966.879 587.629 570.275 1044.27 1355.29 1328.12
threshold=0.55904665589332592 1.0000000180025095e-35 0.6086411476135255 0.89386734366416942 0.095454547554254546 0.41896694898605352 0.44949495792388922 1.0000000180025095e-35 8.1992154121398944 0.88942623138427745 3.5000000000000004 0.51318171620368969 0.20204081386327746 0.57142856717109691 0.7161327898502351 0.78754961490631115 0.062951356172561659 0.11115464568138124 1.0000000180025095e-35 0.47727273404598242 0.52008968591690075 0.65291830897331249 0.94609126448631298 0.76184925436973583 0.095454547554254546 0.44949495792388922 0.14495798945426944 0.43650794029235845 0.095454547554254546 0.47727273404598242
decision_type=2 2 2 2 2 2 2 2 2 2 2 2 2 2 2 2 2 2 2 2 2 2 2 2 2 2 2 2 2 2
left_child=2 13 5 4 14 -1 7 8 -7 22 16 12 -8 18 -3 -6 -11 21 26 -14 -21 -5 -10 24 -20 -4 -2 28 -28 -30
right_child=1 3 25 17 15 6 11 -9 9 10 -12 -13 19 -15 -16 -17 -18 -19 23 20 -22 -23 -24 -25 -26 -27 27 -29 29 -31
leaf_value=-0.10005782168866095 0.14534064060221288 0.064370610139009798 0.086878292563386875 0.71263253449317154 -0.0026939251903392598 -0.0062547087818773887 0.56362131758890743 -0.09342810856665508 -0.0035539250558720096 1.2617315585570128 -0.0067265159828133097 0.37574880437475627 0.021182143172306083 0.36751649568101086 1.5335944584404393 0.2319245860690764 0.67453031461257684 0.1397455112772954 0.63381010365910662 -0.061484117539315666 0.50074683163804334 0.33627956300580514 0.52611743591371252 0.51164674955093714 0.13326717002387165 0.31397426533357864 1.5299344702724196 0.46175515240425524 0.18679794081338494 0.78965004911461145
leaf_weight=71562.940769371577 49.011511437594891 7.7948185205459621 216.9149070084095 56.267635714262724 1174.0914687616751 930.7900278698653 65.36866504792124 11345.368564333767 88.07939990516752 97.825012826360762 14.946694621816276 234.98033672757447 725.21956198569387 14581.85231279023 20.014141798019409 253.59363504871726 40.149595970287919 218.08386133145541 47.054877007380128 61.081475250422955 90.800951902754605 735.94041066989303 37.019087232649326 132.41537245456129 214.55639386922121 240.02234250679612 18.121509947814047 1443.3385465759784 50.470668666996062 132.43553711660206
leaf_count=583481 662 120 3209 1197 17534 21098 1762 96788 1738 3848 527 3088 8507 152317 706 4158 1586 3920 745 610 1380 9441 1392 1882 2687 2447 601 17649 882 2932
internal_value=-0.010247 0.350428 -0.0907301 0.164209 0.0596684 -0.0923206 -0.0519977 -0.0713885 0.135465 0.609934 0.983581 0.154751 0.0996505 0.377975 1.12177 0.0389804 1.09086 0.314816 0.451034 0.0650716 0.274638 0.363011 0.153186 0.320199 0.223298 0.206168 0.481477 0.491496 0.705028 0.623301
internal_weight=104887 19135 85751.5 2465.79 1455.49 85294.6 13731.6 12554.2 1208.81 278.02 152.921 1177.45 942.471 16669.3 27.809 1427.69 137.975 1010.29 2087.4 877.102 151.882 792.208 125.098 394.027 261.611 456.937 1693.38 1644.37 201.028 182.906
internal_count=948894 217433 731461 37076 22518 725805 142324 126977 30189 9091 5961 15347 12259 180357 826 21692 5434 14558 28040 10497 1990 10638 3130 5314 3432 5656 22726 22064 4415 3814
is_linear=0
shrinkage=0.1


Tree=2
num_leaves=31
num_cat=0
split_feature=43 18 43 16 10 31 43 8 1 13 51 3 32 28 43 49 12 2 30 8 16 52 14 36 16 39 12 42 32 53
split_gain=220483 7012.51 2949.05 4969.98 4371.85 3532.04 2746.8 1833.04 901.932 1442.51 982.753 727.081 733.678 711.924 705.771 654.589 642.316 877.59 625.523 565.183 1289.45 1647.12 577.229 548.906 508.13 503.495 479.231 1060.08 461.806 432.422
threshold=0.54694718122482311 1.0000000180025095e-35 0.41430960595607763 0.44949495792388922 1.0000000180025095e-35 7.5522551536560067 0.66464233398437511 21.500000000000004 0.72925108671188366 0.13100686669349673 0.22347065806388858 0.95293468236923229 5.152895689010621 0.55050507187843334 0.85967049002647411 2.5000000000000004 0.74092870950698864 0.86240702867507946 0.41712273657321935 2147483689.0000005 0.90454545617103588 0.90366768836975109 7.5000000000000009 1.0000000180025095e-35 0.44949495792388922 0.43650794029235845 0.98070716857910167 0.75162339210510265 1.5308482050895693 0.89444443583488475
decision_type=2 2 2 2 2 2 2 2 2 2 2 2 2 2 2 2 2 2 2 2 2 2 2 2 2 2 2 2 2 2
left_child=2 19 26 4 5 -4 -3 11 10 -10 -5 12 28 -7 29 -15 -6 23 -12 -2 21 22 24 -18 25 -21 -1 -28 -8 -9
right_child=1 6 3 8 16 13 7 14 9 -11 18 -13 -14 15 -16 -17 17 -19 -20 20 -22 -23 -24 -25 -26 -27 27 -29 -30 -31
leaf_value=-0.09955620272512776 0.29617192202770143 -0.0094283050572698604 -0.028239301241377093 0.350490018437071 -0.099973503382648682 0.056082661956199792 0.57710477835669227 0.030579754670050203 -0.063901334783335026 0.29114246281324141 -0.019709604096395914 0.32874568156120482 0.37098328844180706 0.39546793504688466 0.34224831158494334 0.054040859148317459 0.10437952220208102 0.35504804991923278 0.2903505838108314 0.22392157925719111 0.29326000780929079 0.31025355372476304 0.059725648286121362 -0.073052892326273919 0.28855255870809809 0.034246573535344264 -0.023507202214803468 0.75773062492574939 -0.018467241673485745 0.44950919178742127
leaf_weight=64734.881808378734 13323.093425966799 1066.0995836397633 908.45702713727951 98.391778675839305 9385.9198527242988 104.28727409336716 14.081198010593651 692.47930978890508 146.88833741098642 517.93424840178341 620.97896880283952 773.71591736190021 92.379423569887877 386.83688436634839 90.207315258681774 65.688243022188544 210.53799473680556 58.146555834449828 72.681073389947414 283.41622436791658 4222.8518262673169 862.92926130071282 590.52294741198421 1014.4902472002432 317.95972831174731 276.47289781831205 340.26116445753723 18.303259366191924 172.65927413851023 25.548182256519794
leaf_count=575804 120760 13830 19745 1956 83076 1951 255 12259 1254 5525 7079 7559 1515 7326 1495 1789 3382 1156 946 3198 37321 8693 5640 11670 3198 3629 4499 379 1619 386
internal_value=-0.0107223 0.263065 -0.0900714 -0.0477037 -0.0686569 0.0933111 0.11856 0.191878 0.126816 0.212698 0.0547301 0.278832 0.140474 0.291625 0.0786075 0.345907 -0.0909013 -0.0245413 0.0127782 0.284345 0.260304 0.200607 0.13617 -0.0425587 0.187594 0.13026 -0.0989176 0.0163718 0.026442 0.0454857
internal_weight=101489 22804.4 78684.7 13591.2 12134.4 1465.27 2927.17 1861.07 1456.87 664.823 792.052 1052.84 279.12 556.812 808.235 452.525 10669.1 1283.17 693.66 19877.2 6554.15 2331.3 1468.37 1225.03 877.849 559.889 65093.4 358.564 186.74 718.027
internal_count=948894 221357 727537 146855 130095 30811 38918 25088 16760 6779 9981 10948 3389 11066 14140 9115 99284 16208 8025 182439 61679 24358 15665 15052 10025 6827 580682 4878 1874 12645
is_linear=0
shrinkage=0.1


Tree=3
num_leaves=31
num_cat=0
split_feature=43 18 43 35 10 31 45 8 15 24 48 50 7 24 8 12 3 12 42 16 40 29 5 8 11 3 49 3 12 18
split_gain=172691 5287.81 2689.98 3733.97 3708.74 2136.42 2131.11 884.562 707.079 687.392 626.982 562.612 548.107 573.455 549.146 519.948 483.825 452.446 555.833 448.606 1510.17 1050.93 1202.37 819.792 443.507 435.429 413.104 409.498 367.666 453.168
threshold=0.54090765118598949 1.0000000180025095e-35 0.41430960595607763 1.0000000180025095e-35 1.0000000180025095e-35 7.3258960247039804 0.11115464568138124 18.500000000000004 0.44161255657672888 0.59047618508338939 1.0000000180025095e-35 1.5000000000000002 0.44543650746345526 0.42222224175930029 2147483689.0000005 0.43305535614490515 0.95861873030662548 0.98070716857910167 0.70320320129394542 0.90454545617103588 0.87428161501884472 0.03271185606718064 0.43650794029235845 21.500000000000004 0.97787567973136913 0.8589511811733247 4.5000000000000009 0.94360819458961498 0.71569290757179271 1.0000000180025095e-35
decision_type=2 2 2 2 2 2 2 2 2 2 2 2 2 2 2 2 2 2 2 2 2 2 2 2 2 2 2 2 2 2
left_child=2 19 17 4 5 -4 7 16 15 28 -8 12 14 -14 -10 -5 -3 -1 -19 20 21 -2 -23 27 -9 -7 -27 -24 -6 -30
right_child=1 6 3 8 9 25 10 24 11 -11 -12 -13 13 -15 -16 -17 -18 18 -20 -21 -22 22 23 -25 -26 26 -28 -29 29 -31
leaf_value=-0.098644781611758631 0.34742668989133318 0.10936593300765654 -0.029437103549164591 -0.053221364906459769 -0.10015842863302785 -0.045560586386987956 0.2275727938537323 0.065261476737392229 0.39823812490019117 0.10209006878860401 -0.026931428463118901 -0.073731492117970643 0.00991555288723725 0.16939642796025867 -0.088471480503368796 0.45901827645040028 0.25698534676335555 -0.026766172608295103 0.39467198989237273 0.2442933005605574 0.25047895466651598 0.025463210996202787 0.15957714772303247 0.11152565007519007 0.47773703872366013 0.24966759653973797 -0.077069719445661294 0.29831946623380334 0.039660455236072957 -0.084392180544002562
leaf_weight=59088.545520121232 259.75646497216076 301.44482484646142 861.62966372258961 25.385275638662279 8333.0946323154494 63.441475654952228 105.71923262439668 746.72753778938204 113.30914758332074 185.29378277808428 1147.0438617877662 182.93853623978794 462.89806119352579 439.57035548333079 29.144486973062158 90.320899371989071 842.71215812303126 326.56625644024462 34.611990322358906 14572.3082896173 4337.7235269639641 705.66108204424381 340.06316971126944 895.31311155855656 27.010728809982538 608.93160113506019 41.321523456834257 568.14651772193611 438.60764416120946 896.10671032965183
leaf_count=575804 2643 3017 19056 290 79812 828 1852 11029 2035 2682 16323 2248 5107 4011 220 1299 7287 4405 473 119127 37849 6162 3156 9263 407 9653 1274 5288 5981 10313
internal_value=-0.0107798 0.216606 -0.0890174 -0.0473797 -0.065919 0.0765503 0.0959852 0.162245 0.110316 -0.0886971 -0.00545411 0.0880465 0.11637 0.0875948 0.298663 0.346636 0.218093 -0.0979627 0.0136206 0.234248 0.213649 0.155952 0.13613 0.17943 0.0796607 0.204507 0.228904 0.24637 -0.0923538 -0.0436266
internal_weight=97071.3 24849.6 72221.7 12772 11428.4 1575.32 3170.66 1917.9 1343.57 9853.1 1252.76 1227.86 1044.92 902.468 142.454 115.706 1144.16 59449.7 361.178 21679 7106.66 2768.94 2509.18 1803.52 773.738 713.695 650.253 908.21 9667.81 1334.71
internal_count=948894 223403 725491 144809 129599 30811 39915 21740 15210 98788 18175 13621 11373 9118 2255 1589 10304 580682 4878 183488 64361 26512 23869 17707 11436 11755 10927 8444 96106 16294
is_linear=0
shrinkage=0.1


Tree=4
num_leaves=31
num_cat=0
split_feature=43 18 43 16 10 43 31 8 31 39 40 12 29 1 3 42 1 12 32 12 40 29 12 14 45 1 3 18 11 53
split_gain=140387 4422.45 2466.34 3029.87 3475.85 1891.73 1545.65 1132.34 576.679 539.583 1148.02 775.267 653.601 685.212 503.449 468.611 674.67 799.51 433.543 429.793 621.389 425.116 424.941 397.549 398.094 378.267 374.437 348.212 326.004 321.076
threshold=0.53524437546730053 1.0000000180025095e-35 0.40068039298057562 0.44949495792388922 1.0000000180025095e-35 0.63004326820373546 7.5522551536560067 24.500000000000004 8.5607156753540057 0.88194444775581371 0.88185438513755809 0.99166604876518261 0.14674913138151172 0.93272808194160473 0.95293468236923229 0.22401432693004611 0.72925108671188366 0.56103077530860912 5.3067038059234628 0.71569290757179271 0.88792270421981823 0.98690816760063182 0.98070716857910167 6.5000000000000009 0.20995983481407168 0.68014329671859752 0.93063348531723034 1.0000000180025095e-35 0.97787567973136913 0.080128207802772536
decision_type=2 2 2 2 2 2 2 2 2 2 2 2 2 2 2 2 2 2 2 2 2 2 2 2 2 2 2 2 2 2
left_child=2 9 22 4 6 29 -4 14 15 10 11 12 -2 23 18 -5 -17 -18 -7 -6 -21 28 -1 24 -14 -24 -8 -22 -9 -3
right_child=1 5 3 8 19 7 26 21 -10 -11 -12 -13 13 -15 -16 16 17 -19 -20 20 27 -23 25 -25 -26 -27 -28 -29 -30 -31
leaf_value=-0.098192775893337414 0.28650051975357332 0.2674799324833691 -0.026013722271654785 0.21723778424333595 -0.099760130790885984 0.009206242927669521 0.02728109116961765 0.022451625423705386 0.25311653918857618 0.21072544270373489 0.21443959644849483 0.27454456026773671 0.14504743479674695 0.18408775427632013 0.22848480521875614 -0.023232087474407859 -0.074125281675818264 0.20238599859791587 0.22399249457743289 -0.056833280179563621 0.48234731157347044 0.30558094969970323 -0.035573552385453622 -0.01666514937234076 -0.0051710741923388561 0.23989856881092272 0.19611103997438123 0.049842717937234701 0.3425775272662539 -0.046522384815459041
leaf_weight=52947.929203898646 170.43903207965195 33.698910752311349 922.2773688454181 165.92428151145577 8079.2068465780467 238.5395219065249 164.04492186941206 938.6413135798648 172.06382550206035 17259.275905627757 3074.5232210289687 287.98055254295468 504.10617317631841 483.52486553601921 942.30893002077937 735.60638225916773 144.83838786650449 376.09239972196519 155.06783119216561 1506.587009401992 32.739882279187441 60.939003024250269 264.47641831450164 585.86473402194679 271.39235420059413 61.424520663917065 659.41909489873797 43.147326542064548 32.927189543843269 967.23613516706973
leaf_count=563733 1654 431 20788 2565 84884 2264 2646 15315 1792 137017 25924 2797 4805 4749 8041 8241 1348 3370 1933 18711 566 708 3628 4812 2756 749 9362 1054 451 11800
internal_value=-0.0106998 0.186198 -0.087962 -0.0489138 -0.0669618 0.0793103 0.0628975 0.128022 0.0802039 0.202107 0.174449 0.121068 0.0991374 0.0818279 0.188809 0.0592881 0.038431 0.125505 0.0938247 -0.0904257 -0.0427695 0.049371 -0.0974921 0.0455076 0.0924772 0.0163463 0.162478 0.236437 0.0333009 -0.0359507
internal_weight=92282.2 26006.5 66275.8 13001.9 11407.4 3369.36 1745.74 2368.42 1594.53 22637.1 5377.83 2303.31 2015.33 1844.89 1335.92 1422.46 1256.54 520.931 393.607 9661.68 1582.47 1032.51 53273.8 1361.36 775.499 325.901 823.464 75.8872 971.569 1000.94
internal_count=948894 225457 723437 155327 138011 40943 32796 28712 17316 184514 47497 21573 18776 17122 12238 15524 12959 4718 4197 105215 20331 16474 568110 12373 7561 4377 12008 1620 15766 12231
is_linear=0
shrinkage=0.1


Tree=5
num_leaves=31
num_cat=0
split_feature=43 18 43 35 10 43 31 8 16 40 8 48 3 29 1 12 7 8 12 48 5 3 32 12 6 8 43 32 31 29
split_gain=116592 3568.88 2425.94 2601.19 3036.52 1462.17 1123.92 768.013 584.591 1120.9 574.86 556.089 547.265 540.81 507.235 655.748 474.772 490.21 402.471 370.202 358.648 356.635 348.959 334.434 328.5 322.625 317.129 297.875 285.765 265.142
threshold=0.53524437546730053 1.0000000180025095e-35 0.39855805039405828 1.0000000180025095e-35 1.0000000180025095e-35 0.65911090373992931 7.3258960247039804 21.500000000000004 0.90454545617103588 0.88185438513755809 19.500000000000004 1.0000000180025095e-35 0.94360819458961498 0.043783929198980338 0.72925108671188366 0.56103077530860912 0.50333333015441906 2147483689.0000005 0.98070716857910167 0.11733281612396242 0.37980769574642187 0.95861873030662548 3.6502132415771489 0.99166604876518261 1.5000000000000002 5.5000000000000009 0.81087541580200206 1.5308482050895693 4.3166134357452401 0.15794205665588382
decision_type=2 2 2 2 2 2 2 2 2 2 2 2 2 2 2 2 2 2 2 2 2 2 2 2 2 2 2 2 2 2
left_child=2 8 18 4 6 19 -4 21 9 10 12 -6 13 -2 16 -16 17 -5 -1 -3 -18 22 27 29 -8 -15 -9 -7 -20 -12
right_child=1 5 3 14 11 7 24 26 -10 -11 23 -13 -14 25 15 -17 20 -19 28 -21 -22 -23 -24 -25 -26 -27 -28 -29 -30 -31
leaf_value=-0.097393817632571919 0.23900974378575565 0.063481843244891673 -0.027428114757785435 0.22396948986015297 0.067270539432599391 0.3008441916430809 -0.061545290617778296 0.011968351352311259 0.19089929443525014 0.18939542338241219 0.23004454080631354 -0.091424741768457135 0.2209189327720476 0.10112639435365436 -0.047591539272011957 0.20029796689236079 -0.039883899615909761 -0.096749019170591352 -0.013068038015058637 -0.057635902566393463 0.2636556941394575 0.20076212278261521 0.17048477446776844 0.18208198364340578 0.14783409067712047 -0.051687630776142107 0.13958980327230996 -0.080326681453343429 0.33270241597679423 0.039778389336834349
leaf_weight=48161.303850346245 231.33269525878131 365.59164024982601 881.68730588722974 188.88612114917487 226.39993190951645 24.025948444381356 82.073228931054473 672.59661195892841 15124.085803277791 4532.0711669679731 77.678722197189927 8941.3298772946 699.18892464600503 572.24508994072676 136.89975166227669 483.97049156110734 580.15325953625143 63.740028471685946 295.03843320440501 814.8144969753921 41.725472282618284 922.70355193689466 209.16603132151067 225.73150708153844 861.18110120575875 182.12727348133922 274.04335323162377 139.77610115893185 26.009053045883775 1282.1018387004733
leaf_count=561644 2011 5662 20212 3211 2926 270 1112 10909 119425 36843 724 104988 5825 4827 1456 4496 6327 494 3955 9577 454 7522 2574 1964 11815 1262 3633 796 347 11633
internal_value=-0.0105632 0.16521 -0.0865263 -0.0472234 -0.0640564 0.06996 0.0537429 0.117382 0.17943 0.157198 0.11258 -0.0875057 0.15325 0.105251 0.0765182 0.145639 0.0274445 0.143049 -0.0966499 -0.0201237 -0.0195177 0.167407 0.0848865 0.06936 0.129616 0.0642327 0.0489136 -0.0244178 0.0149439 0.0506475
internal_weight=87319.7 26349.3 60970.4 12488 10992.7 3422.72 1824.94 2242.31 22926.6 7802.48 3270.41 9167.73 1684.89 985.705 1495.38 620.87 874.505 252.626 48482.4 1180.41 621.879 1295.67 372.968 1585.51 943.254 754.372 946.64 163.802 321.047 1359.78
internal_count=948894 225457 723437 157491 141053 40943 33139 25704 184514 65089 28246 107914 13925 8100 16438 5952 10486 3705 565946 15239 6781 11162 3640 14321 12927 6089 14542 1066 4302 12357
is_linear=0
shrinkage=0.1


Tree=6
num_leaves=31
num_cat=0
split_feature=43 18 43 18 31 12 51 10 1 39 40 42 48 5 12 12 32 46 49 24 5 8 3 6 8 28 13 30 29 53
split_gain=98246.9 3236.12 2255.85 2346.03 1683.43 1375.13 1264.06 754.574 723.313 663.25 932.73 659.678 624.447 592.397 546.429 499.873 497.232 496.08 699.947 464.003 458.708 458.502 422.091 418.232 377.26 338.414 331.65 317.767 312.739 270.801
threshold=0.52986019849777233 1.0000000180025095e-35 0.39638938009738928 1.0000000180025095e-35 8.9894409179687518 0.62303319573402416 0.88792270421981823 1.0000000180025095e-35 0.76219329237937938 0.88194444775581371 0.90803381800651561 0.2736185491085053 0.071445614099502577 0.47727273404598242 0.6005181372165681 0.99166604876518261 3.6502132415771489 0.067407608032226576 2.5000000000000004 0.53465852141380321 0.11805555596947671 18.500000000000004 0.96039214730262767 1.5000000000000002 2147483689.0000005 0.10555555671453477 0.93541666865348827 0.88144713640213024 0.84402811527252208 0.47727273404598242
decision_type=2 2 2 2 2 2 2 2 2 2 2 2 2 2 2 2 2 2 2 2 2 2 2 2 2 2 2 2 2 2
left_child=2 9 19 4 5 7 12 17 11 10 15 24 16 -6 -8 21 28 18 27 26 -10 22 25 -21 -7 -2 -1 -4 -3 -22
right_child=1 6 3 -5 13 8 14 -9 20 -11 -12 -13 -14 -15 -16 -17 -18 -19 -20 23 29 -23 -24 -25 -26 -27 -28 -29 -30 -31
leaf_value=-0.096847129288714556 0.21641037322283246 -0.036930880881379941 0.024052445397201441 -0.096456867675384514 -0.036347155904492438 0.18503693404900998 -0.063543858119627636 -0.096606834910584971 0.32228200295577569 0.17217766157722758 0.17442075373668556 -0.037659037457400853 -0.049698021700675811 0.14410958338798815 0.14530520955822476 0.19924901842343642 0.14296387022886214 -0.057346120927730629 -0.048621611038939021 0.2343733623913582 0.0037663782568305064 0.035707856562142752 0.19105946848470423 -0.041323820525207361 -0.083291075197709508 0.041296737917145464 0.22872626146499325 0.24964092836881493 0.15464105931447703 0.17076125840298106
leaf_weight=43823.28184294235 134.58068469911814 445.19161390233785 91.640057471580803 5253.8210787139833 230.23363173753023 248.99372971244156 137.40361671429127 2449.1073714597151 112.1622015805915 17166.436326187104 2773.816924976185 982.55243120715022 990.27144706901163 866.78815331403166 1419.3817103523761 388.33008023910224 433.03632227797061 686.45159353129566 260.06680716667324 75.047139992937446 182.10028745699674 1294.5056953281164 506.25519285257906 206.23200127389282 66.36228291131556 613.18582682684064 31.310632932931185 195.97517293598503 105.3878778051585 208.04823356028646
leaf_count=559759 1152 5449 1779 66729 2743 4190 1394 29712 1484 137412 22710 11223 12638 10163 15384 3314 5885 12820 7450 1085 1912 11870 4152 2460 662 4913 567 4125 1264 2494
internal_value=-0.010384 0.148605 -0.0853979 -0.0466273 -0.00684373 -0.0294666 0.0594964 -0.0644767 0.0421637 0.162357 0.132836 0.00273029 0.00635801 0.106237 0.126872 0.0935594 0.0627933 -0.000715167 0.0702647 -0.0957935 0.144055 0.077455 0.12055 0.032234 0.128571 0.0728131 -0.0966147 0.177764 -0.000261589 0.0928171
internal_weight=82378 26407.8 55970.2 11834.3 6580.48 5483.46 3530.67 3683.24 1800.22 22877.1 5710.67 1297.91 1973.89 1097.02 1556.79 2936.86 983.616 1234.13 547.682 44135.9 502.311 2548.53 1254.02 281.279 315.356 747.767 43854.6 287.615 550.579 390.149
internal_count=948894 227537 721357 157486 90757 77851 42014 55886 21965 185523 48111 16075 25236 12906 16778 25401 12598 26174 13354 563871 5890 22087 10217 3545 4852 6065 560326 5904 6713 4406
is_linear=0
shrinkage=0.1


Tree=7
num_leaves=31
num_cat=0
split_feature=43 18 43 18 31 43 12 39 40 10 8 1 42 28 45 24 46 49 3 14 5 12 39 12 39 13 15 43 29 42
split_gain=83531.5 3020.8 2103.12 2164.6 1391.94 1155.75 1077.27 725.137 832.846 721.471 685.994 558.057 585.788 477.204 430.195 426.665 422.725 474.952 388.661 375.16 332.731 329.104 320.587 295.441 282.606 265.522 459.152 483.179 259.268 256.098
threshold=0.52520248293876659 1.0000000180025095e-35 0.38873073458671575 1.0000000180025095e-35 8.9894409179687518 0.61752334237098705 0.61631563305854808 0.88194444775581371 0.90803381800651561 1.0000000180025095e-35 18.500000000000004 0.75794735550880443 0.2522727251052857 0.43650794029235845 0.18972989916801455 0.53465852141380321 0.083407133817672743 2.5000000000000004 0.9569842815399171 7.5000000000000009 0.11805555596947671 0.52954608201980602 0.81666666269302379 0.98070716857910167 0.43650794029235845 0.15075758099555972 0.33431373536586767 0.41670577228069311 0.98690816760063182 0.77485188841819774
decision_type=2 2 2 2 2 2 2 2 2 2 2 2 2 2 2 2 2 2 2 2 2 2 2 2 2 2 2 2 2 2
left_child=2 7 15 4 6 -3 9 8 14 16 18 12 -8 -6 19 23 17 -4 -7 -2 -13 -10 -17 -1 -21 26 27 -15 -12 -25
right_child=1 5 3 -5 13 10 11 -9 21 -11 28 20 -14 25 -16 22 -18 -19 -20 24 -22 -23 -24 29 -26 -27 -28 -29 -30 -31
leaf_value=-0.096734676750430404 0.13207222637500984 -0.042204650356085789 0.12870495637239762 -0.096168387369574768 -0.037873628073539903 0.058521305060675245 0.1182015562214158 0.1593807266825911 -0.052284647691884602 -0.096470477255986661 0.016838724985200171 0.26463735940819993 -0.038264708875795354 0.6104031653852543 0.019729694134622316 -0.038519591154267896 -0.060174454302420882 -0.046787049266543396 0.16750767334624586 0.13202906653954166 0.075025265339658809 0.16368536579055057 0.20124436467207849 -0.014987671698130908 -0.0043383550673591334 0.24486581829096302 -0.078766728303635639 0.11683592346636183 0.2146313999849383 0.38873374068881505
leaf_weight=39259.894631022587 1542.2163351718336 980.0226401630789 369.17420621588826 5035.0180834159255 232.0600132541731 493.87808645516634 309.58254828490317 16756.055309504271 72.458370517008007 2275.7891399329528 1121.1434704782441 120.67912990041077 1053.6121424073353 20.472712421789765 810.25513897556812 199.37155053019524 631.95825802534819 264.86030712258071 969.60636794567108 231.73876483365893 396.99615901336074 2690.35018900875 77.423722459003329 234.16781861986965 441.50142075680196 148.79751638416201 122.36000578850508 635.95948278810829 70.435253852978349 16.842550177127123
leaf_count=548605 12971 12978 7051 69798 2902 4599 4514 137740 520 30189 16584 1489 12800 759 7699 2650 12159 7918 8148 1906 4460 22386 774 3512 3248 1867 1458 6266 743 201
internal_value=-0.0101983 0.1352 -0.0842468 -0.0468142 -0.00906152 0.050605 -0.0303272 0.14884 0.118326 -0.0628078 0.0848624 0.0308357 -0.0027311 0.0903791 0.0820802 -0.0951765 -0.00229482 0.0553953 0.130728 0.104883 0.119227 0.158021 0.0285459 -0.0960432 0.0426012 0.122465 0.0990786 0.132229 0.0285304 0.0121016
internal_weight=77584.7 26179.7 51405 11617.3 6582.3 3635.09 5422.65 22544.6 5788.52 3541.78 2655.06 1880.87 1363.19 1159.65 3025.71 39787.7 1265.99 634.035 1463.48 2215.46 517.675 2762.81 276.795 39510.9 673.24 927.59 778.792 656.432 1191.58 251.01
internal_count=948894 229522 719372 163630 93832 43052 80580 186470 48730 57317 30074 23263 17314 13252 25824 555742 27128 14969 12747 18125 5949 22906 3424 552318 5154 10350 8483 7025 17327 3713
is_linear=0
shrinkage=0.1


Tree=8
num_leaves=31
num_cat=0
split_feature=43 16 43 18 51 31 13 19 53 15 12 45 12 42 5 7 48 39 42 8 28 46 49 43 15 32 5 29 13 12
split_gain=71497.7 2859.65 2066.21 2006.23 1602.58 1110.13 935.937 883.99 828.95 693.671 672.694 620.492 539.823 417.863 458.224 540.293 408.344 916.786 429.393 397.42 355.108 353.945 387.181 268.961 264.755 226.433 387.52 273.3 225.223 205.469
threshold=0.52520248293876659 0.43650794029235845 0.38873073458671575 1.0000000180025095e-35 0.91545841097831737 8.9894409179687518 0.18019481003284457 1.0000000180025095e-35 0.080128207802772536 0.22511260956525805 0.58629718422889721 0.11115464568138124 0.70740002393722545 0.77058032155036937 0.47727273404598242 0.48181217908859258 1.0000000180025095e-35 0.88194444775581371 0.18350168317556384 2147483689.0000005 0.43650794029235845 0.066183656454086318 3.5000000000000004 0.85307341814041149 0.51169630885124218 3.6502132415771489 0.47727273404598242 0.86158683896064769 0.98529410362243663 0.64022472500801098
decision_type=2 2 2 2 2 2 2 2 2 2 2 2 2 2 2 2 2 2 2 2 2 2 2 2 2 2 2 2 2 2
left_child=2 4 16 5 7 6 9 8 -2 21 -6 23 -9 14 15 19 17 -1 28 -8 -7 22 -4 25 -12 27 -27 -10 -19 -22
right_child=1 -3 3 -5 10 20 13 12 11 -11 24 -13 -14 -15 -16 -17 -18 18 -20 -21 29 -23 -24 -25 -26 26 -28 -29 -30 -31
leaf_value=-0.07542211214272132 0.23744985618942638 0.14697319614445159 0.11069927462261619 -0.09524956652329436 -0.04622622713366549 -0.035284888747865527 0.14819834854630165 -0.047596180498370326 -0.032452350109979232 -0.096905639787460474 0.26130914737459182 -0.044256474842834209 0.13966426267924062 0.13825512503645032 0.19025595461485223 -0.043483130929623498 -0.095606839577995498 1.4623260125111035 0.1746403789506121 -0.10003244980290671 0.085370698465846426 -0.0523311448678681 -0.057847061576680049 0.12959232332259371 0.13479686743019426 -0.021514297478342315 0.14748500255372463 0.099551958821899808 0.49134173135627218 0.21619991448480455
leaf_weight=473.10384234040976 156.30562580097467 17743.089130451903 395.73725288547575 4597.6246277326718 202.07548111956567 224.58036821708083 298.84682041406631 181.13749152608216 749.8320191539824 2038.6820867601782 176.09491204563528 1561.0405544405803 1025.3772876374424 288.31861312966794 126.47579009179026 1103.4167393469252 35750.229365486652 3.7925673723220807 112.88167702779174 82.247481720522046 833.78265978768468 686.24832340609282 207.89265772514045 292.96002429351211 2727.8311770316213 236.16500567272305 318.89716871641576 198.32664351724088 6.4541470296680927 140.23269698210061
leaf_count=6847 1530 150750 7238 69798 1885 2902 4432 1306 7408 29199 1847 20850 8722 3597 1626 13215 546797 200 1765 759 8736 14059 6455 2644 24624 2110 3648 2198 133 1614
internal_value=-0.00999691 0.124763 -0.082736 -0.0448139 0.0744079 -0.00873109 -0.0286321 0.0376994 0.0123396 -0.0605938 0.130192 0.00185893 0.11155 0.0273813 0.0075382 -0.00802879 -0.094238 -0.0121624 0.230904 0.0946254 0.0780702 -0.0032021 0.0526512 0.0419373 0.142469 0.0248544 0.07558 -0.00484097 0.850727 0.104207
internal_weight=72939.7 25569.1 47370.5 11024.1 7826.04 6426.46 5227.87 4720.04 3513.53 3328.56 3106 3357.22 1206.51 1899.31 1610.99 1484.51 36346.5 596.232 123.128 381.094 1198.6 1289.88 603.63 1796.18 2903.93 1503.22 555.062 948.159 10.2467 974.015
internal_count=948894 229522 719372 163630 78772 93832 80580 50416 40388 56951 28356 38858 10028 23629 20032 18406 555742 8945 2098 5191 13252 27752 13693 18008 26471 15364 5758 9606 333 10350
is_linear=0
shrinkage=0.1


Tree=9
num_leaves=31
num_cat=0
split_feature=43 36 43 18 51 31 12 53 10 5 8 12 13 24 16 1 3 28 49 29 46 29 53 29 43 32 12 14 12 42
split_gain=61431.1 2829.62 1933.18 1793.42 1471.36 901.24 759.581 707.72 624.869 597.048 595.205 534.685 534.347 435.223 422.585 376.434 405.352 313.26 353.407 299.501 296.902 267.733 266.525 512.981 476.211 288.05 259.199 241.371 233.326 249.475
threshold=0.52064967155456554 1.0000000180025095e-35 0.38873073458671575 1.0000000180025095e-35 0.88792270421981823 8.9894409179687518 0.64720088243484508 0.080128207802772536 1.0000000180025095e-35 0.47727273404598242 21.500000000000004 0.57073840498924266 0.17519181966781619 0.50878006219863903 0.44949495792388922 0.72925108671188366 0.25158227980136877 0.61250001192092907 2.5000000000000004 0.034151699393987663 0.1052631437778473 0.90507152676582348 0.89444443583488475 0.67496943473815929 0.83673569560050975 8.9894409179687518 0.98070716857910167 6.5000000000000009 0.67573738098144542 0.7228132188320161
decision_type=2 2 2 2 2 2 2 2 2 2 2 2 2 2 2 2 2 2 2 2 2 2 2 2 2 2 2 2 2 2
left_child=2 12 13 5 7 6 8 -3 17 -9 28 -6 -2 26 -15 16 -8 -4 -19 -17 -7 -12 23 25 -25 -13 -1 -16 -11 -30
right_child=1 4 3 -5 11 20 15 9 -10 10 21 22 -14 14 27 19 -18 18 -20 -21 -22 -23 -24 24 -26 -27 -28 -29 29 -31
leaf_value=-0.095227267869580579 0.0034837547664309772 0.1848755928953448 -0.063718388904682968 -0.094696740954690925 -0.0650862272522304 0.10781881512410155 0.094885540392397827 -0.050750636435899735 -0.093000948271385719 -0.042380732424688781 -0.013795849854088996 0.20514468970913222 0.13880501568940234 -0.056331374572082926 0.35431550320246602 0.25999979908124127 -0.037807555670645365 0.095596198252571984 -0.04444493620198512 0.060440178242893418 0.0070195902973437529 0.23148140448469501 0.14669589890984289 -0.0031196234049179275 0.14230413645863924 0.028392648609912832 0.0099905948552095076 0.05717276144925007 0.20697011404742149 0.082830243965049885
leaf_weight=32617.881209778134 296.74739286396652 241.64448318723589 498.47990361973643 4135.1947154919617 165.81777745205909 730.13607522286475 303.5730017516762 1162.2280407445505 1950.3286138451658 108.85942648071796 1340.0184743516147 428.37390571366996 17517.385364366695 263.44256898574531 44.955925846472383 91.166252320632339 952.70020996965468 443.1343425149098 303.70942477323115 429.58224422484636 487.19526127167046 46.031609799712896 1674.2877647206187 658.75313731282949 342.12811832502484 117.49001199938357 235.8209889838472 69.753694197162986 213.33365552779287 671.2483224729076
leaf_count=546670 2348 2204 8012 68636 1793 6953 4124 11994 30753 1274 17126 4348 155209 4176 639 987 12175 9048 10068 4605 6125 596 15469 6916 3070 1060 3634 623 2422 5837
internal_value=-0.00980074 0.1152 -0.0815013 -0.0437062 0.0621548 -0.00964234 -0.0285216 0.0192947 -0.0576662 0.00799746 0.0366921 0.110033 0.136551 -0.0932442 0.0134245 0.0238898 -0.00574284 -0.00232769 0.0386475 0.0953766 0.0674774 -0.00565004 0.119048 0.0891198 0.0465901 0.167101 -0.094472 0.173626 0.0957679 0.112769
internal_weight=68541.4 24984.3 43557.1 10325.2 7170.21 6190.01 4972.67 3783.36 3195.65 3541.72 2379.49 3386.85 17814.1 33231.9 378.152 1777.02 1256.27 1245.32 746.844 520.748 1217.33 1386.05 3221.03 1546.75 1000.88 545.864 32853.7 114.71 993.441 884.582
internal_count=948894 231666 717228 161486 74109 92850 79772 41453 57881 39249 27255 32656 157557 555742 5438 21891 16299 27128 19116 5592 13078 17722 30863 15394 9986 5408 550304 1262 9533 8259
is_linear=0
shrinkage=0.1


Tree=10
num_leaves=31
num_cat=0
split_feature=43 16 43 18 29 31 12 16 19 12 32 1 24 29 15 13 43 50 16 14 40 2 49 48 12 28 15 43 53 8
split_gain=52939 2782.39 1898.52 1665.2 1295 732.388 727.643 686.238 679.354 549.539 535.404 486.484 410.196 385.733 380.306 363.784 352.082 336.795 303.787 597.707 525.681 286.39 295.819 256.889 252.191 251.826 230.206 226.636 224.145 207.969
threshold=0.52064967155456554 0.43650794029235845 0.38873073458671575 1.0000000180025095e-35 0.91517937183380138 8.9894409179687518 0.70740002393722545 0.64583334326744091 1.0000000180025095e-35 0.60891634225845348 2.460000872612 0.89333844184875499 0.50878006219863903 0.03271185606718064 0.31319215893745428 0.16064515709877017 0.86594858765602123 1.5000000000000002 0.90454545617103588 8.5000000000000018 0.88185438513755809 0.87428161501884472 3.5000000000000004 0.10204082727432252 0.97603830695152294 0.32051283121109014 0.52512624859809887 0.45232811570167547 0.095454547554254546 2147483689.0000005
decision_type=2 2 2 2 2 2 2 2 2 2 2 2 2 2 2 2 2 2 2 2 2 2 2 2 2 2 2 2 2 2
left_child=2 4 12 5 6 7 -2 14 10 -6 16 23 24 -14 21 -16 26 29 19 -3 -21 -4 -23 -12 -1 -7 -8 -17 -29 -9
right_child=1 18 3 -5 9 25 8 17 -10 -11 11 -13 13 -15 15 27 -18 -19 -20 20 -22 22 -24 -25 -26 -27 -28 28 -30 -31
leaf_value=-0.094366760845063069 -0.054634058790247714 0.13472089142555985 -0.053769478679087136 -0.093742296332167172 -0.030588923415192683 -0.081520910923275167 0.1902837565249024 0.10863783734322517 0.11150617104449295 0.13802318902253138 0.057264776716226332 0.11478380252192144 0.339207772329707 -0.019707688023971996 -0.099288497024547645 -0.061532581609922345 0.10464400500589136 -0.081458538874081776 0.13820996927577706 -0.0072894644021938536 0.12421038557003682 0.082128985531845222 -0.055909468682045139 -0.056131959389695368 0.0066112915349983902 0.073515652965749134 -0.036422969642316824 0.20910662499172214 0.0049785531184547809 0.0075308597419923087
leaf_weight=29764.27685617283 817.28369684889913 2378.904822871089 623.4613174200058 3777.8743239399046 213.36956128664315 115.45829360745847 46.145677831023932 539.90758604276925 1229.8270328827202 2054.5410176794976 465.89596038684249 917.53729133773595 32.812711220234632 342.43479335214943 1557.5368682853878 499.88368176622316 222.4709328468889 175.26701453328133 12701.206758989021 708.74975492991507 532.32566058263183 494.46044764202088 226.30006506759673 349.74927756562829 249.40179603686556 1131.6086156507954 1525.5063160546124 66.068263497203588 289.51886283233762 326.44575577508658
leaf_count=546394 8937 21213 12014 68636 2265 1379 621 6821 10412 19580 5260 10405 566 4872 26481 6808 1830 2339 120220 4914 4820 9644 7632 4106 3910 11699 17083 1034 3944 3055
internal_value=-0.00957971 0.107404 -0.0798746 -0.0416587 0.0584511 -0.00911349 0.0325317 -0.026856 0.0475069 0.12216 0.025193 0.064832 -0.0922286 0.0116769 -0.0467669 -0.0705128 -0.0130997 0.0449644 0.130926 0.105371 0.0491138 -0.00414066 0.0387885 0.00864017 -0.0935277 0.0591618 -0.0297666 -0.0181215 0.0429056 0.0705403
internal_weight=64376.2 24163.5 40212.7 9823.79 7842.33 6045.92 5574.42 4798.85 4757.13 2267.91 3527.31 1733.18 30388.9 375.248 3757.23 2413.01 1794.12 1041.62 16321.2 3619.98 1241.08 1344.22 720.761 815.645 30013.7 1247.07 1571.65 855.471 355.587 866.353
internal_count=948894 231666 717228 161486 80499 92850 58654 79772 49717 21845 39305 19771 555742 5438 67557 38267 19534 12215 151167 30947 9734 29290 17276 9366 550304 13078 17704 11786 4978 9876
is_linear=0
shrinkage=0.1


Tree=11
num_leaves=31
num_cat=0
split_feature=43 16 43 18 45 53 31 12 8 48 16 28 3 12 1 42 16 14 40 10 32 32 53 53 1 12 15 53 12 10
split_gain=45781 2622.08 1869.1 1619.03 1221.74 728.842 660.925 718.375 485.476 413.426 523.404 365.801 361.348 346.09 326.657 369.53 322.654 524.144 495.733 311.137 280.93 339.607 279.295 274.297 247.343 226.884 370.022 223.102 1033.8 765.717
threshold=0.52064967155456554 0.43650794029235845 0.38118296861648565 1.0000000180025095e-35 0.17673590779304507 0.89444443583488475 7.5522551536560067 0.61302095651626598 19.500000000000004 1.0000000180025095e-35 0.64583334326744091 0.42261904478073126 0.96039214730262767 0.74705719947814953 0.77964827418327343 0.2736185491085053 0.90454545617103588 7.5000000000000009 0.90353596210479747 1.0000000180025095e-35 5.3727002143859872 1.5308482050895693 0.89444443583488475 0.080128207802772536 0.94034391641616832 0.65362662076950084 0.4853654950857163 0.47727273404598242 0.76776695251464855 1.0000000180025095e-35
decision_type=2 2 2 2 2 2 2 2 2 2 2 2 2 2 2 2 2 2 2 2 2 2 2 2 2 2 2 2 2 2
left_child=2 4 9 6 5 8 7 19 12 10 -1 -8 20 -6 15 -9 17 -3 24 -4 21 -2 23 -15 -19 26 -13 -11 29 -29
right_child=1 16 3 -5 13 -7 11 14 -10 27 -12 25 -14 22 -16 -17 -18 18 -20 -21 -22 -23 -24 -25 -26 -27 -28 28 -30 -31
leaf_value=-0.061916964328064428 0.15829733213685518 0.1292301374186331 -0.020053101232618858 -0.093100135168429812 -0.065312633164194653 0.13282429878003729 -0.051350826268759781 0.073055796915056648 0.021566860955244592 -0.097189386332818845 0.17231743463356861 0.07157578455056772 0.14168606683189619 0.16051066926271029 0.093992292951861581 -0.03968924552145095 0.13235451776858251 -0.01804487527604446 0.12727934801924312 -0.094434714379352358 0.11494620867473092 -0.022321421389945278 0.1832800879414252 -0.010164933909124232 0.13199936528538653 0.16779777031518264 -0.067247848854974257 0.030165820948936758 0.28402422143005757 -0.095634559570197189
leaf_weight=367.41238140081987 129.0861207684502 2118.8410677313805 894.77938865730539 3670.3152228021063 791.40244710445404 1652.0881988434121 352.94377437932417 410.99052221048623 2159.6830246960744 22596.450838624034 128.85356134362519 1111.681880352553 805.90185500495136 103.75475733261555 418.18666768493131 993.30000448552892 11974.337547997013 743.21108491718769 522.91006438061595 1513.7747134091333 449.18638841528445 537.81257278937846 96.055164620280266 1018.5220291484147 128.92362970113754 177.81927924882621 232.0830445275642 557.06269272509962 79.879643192514777 3681.1110649341717
leaf_count=6646 1106 19675 22572 72913 9750 16147 5095 5629 23407 436651 1918 12504 7052 984 4628 13014 120220 5042 5108 28460 3835 3756 1009 13453 1122 2012 3176 27885 2402 71723
internal_value=-0.00935033 0.100781 -0.078153 -0.0406121 0.0532678 0.0767841 -0.00905922 -0.0309588 0.0541014 -0.0915418 -0.0010989 0.0403708 0.0906596 -0.0138242 0.0164108 -0.00669241 0.124536 0.0978918 0.050294 -0.0668019 0.0538145 0.0126395 0.0196215 0.00561407 0.00413547 0.0616463 0.0475994 -0.0932094 -0.072382 -0.0790994
internal_weight=60418.4 23231.7 37186.6 9775.87 7743.49 5733.76 6105.56 4231.03 4081.67 27410.8 496.266 1874.53 1921.99 2009.73 1822.48 1404.29 15488.2 3513.89 1395.04 2408.55 1116.09 666.899 1218.33 1122.28 872.135 1521.58 1343.76 26914.5 4318.05 4238.17
internal_count=948894 231666 717228 170003 80499 55303 97090 74303 39156 547225 8564 22787 15749 25196 23271 18643 151167 30947 11272 51032 8697 4862 15446 14437 6164 17692 15680 538661 102010 99608
is_linear=0
shrinkage=0.1


Tree=12
num_leaves=31
num_cat=0
split_feature=43 39 43 18 40 31 48 45 12 32 48 39 3 32 15 13 13 5 1 53 50 53 12 11 31 2 16 21 24 6
split_gain=39669.6 2631.18 1767.35 1476.57 1254.08 576.249 582.144 573.169 534.151 453.301 390.179 463.594 365.135 508.54 310.677 387.449 283.782 322.069 273.449 260.618 245.7 227.059 759.348 700.627 613.568 1595.27 586.473 292.187 295.685 312.366
threshold=0.51666805148124706 0.88194444775581371 0.37938840687274938 1.0000000180025095e-35 0.90803381800651561 9.3015174865722674 0.0047619640827178964 0.20302534103393557 0.58629718422889721 5.6291582584381112 1.0000000180025095e-35 0.81666666269302379 0.96039214730262767 1.7195520401000979 0.37537878751754766 0.18019481003284457 0.12701612710952762 0.5634920895099641 0.77490171790122997 0.095454547554254546 1.5000000000000002 0.47727273404598242 0.76011696457862865 1.0000000180025095e-35 10.106236934661867 0.88548010587692272 0.41428571939468389 1.0000000180025095e-35 0.51695635914802562 2.5000000000000004
decision_type=2 2 2 2 2 2 2 2 2 2 2 2 2 2 2 2 2 2 2 2 2 2 2 2 2 2 2 2 2 2
left_child=2 4 10 5 7 6 20 9 -6 12 11 -1 -2 -14 16 -16 17 -8 -17 -9 -4 -12 23 24 -23 -26 -24 -28 29 -29
right_child=1 -3 3 -5 8 -7 14 19 -10 -11 21 -13 13 -15 15 18 -18 -19 -20 -21 -22 22 26 -25 25 -27 27 28 -30 -31
leaf_value=-0.066219682986277548 -0.015012175986225852 0.1230737966661772 0.08918053378694088 -0.092506904760044459 -0.041683263910909776 0.053905250954808651 -0.072550784425556472 0.1098229381340587 0.10864602564565823 0.10184654659613757 -0.096560137266678128 0.14603478041098891 0.024410029763148273 0.15448319302031768 -0.097330962213735106 -0.051203418526130008 0.20772442246353118 0.023615754493055016 0.050965014904615739 -0.041787023507920296 -0.074987712950678839 0.0018420834807653446 0.045409748723732796 -0.095074687283952464 0.2781985379835864 3.276224332977558 0.2992728087914962 2.3658154626041177 0.3422524385636258 0.93504000377042973
leaf_weight=339.85729448590428 1346.739279455971 13172.53258781787 553.83977926243097 3353.0893737957813 253.70232393965125 1154.8028211207129 554.51206906093284 123.49883706495166 3458.1057751011103 985.72016937006265 20515.489193288609 147.58893063198775 1280.5925418511033 392.75888110743836 1340.3264286615886 844.64731630356982 61.103427603840828 936.28535891696811 379.74050361989066 1384.3026663488708 109.12766361888498 542.65076162479818 72.673154435586184 3338.0915957521647 24.940009379293773 1.9108381834812451 16.845739447046071 2.0943527761846799 5.1030144300311804 5.6216027266345918
leaf_count=6515 10738 138332 6043 72769 2966 12177 10635 1197 35141 9349 435289 1972 14211 3704 26912 12551 852 21942 4603 18114 1419 26073 1703 71280 1442 191 321 137 58 258
internal_value=-0.00912109 0.0943905 -0.0767136 -0.039462 0.053435 -0.00949023 -0.0248073 0.0231837 0.098371 0.0429647 -0.0905454 -0.00195329 0.0237465 0.05494 -0.0388127 -0.0601824 -0.0034967 -0.012154 -0.0195162 -0.0293692 0.0621576 -0.0923062 -0.0705425 -0.0775848 0.024931 0.491553 0.198356 0.573047 0.93282 1.3234
internal_weight=56698.3 22398 34300.3 9287.47 9225.42 5934.39 4779.58 5513.61 3711.81 4005.81 25012.9 487.446 3020.09 1673.35 4116.62 2564.71 1551.9 1490.8 1224.39 1507.8 662.967 24525.4 4009.93 3907.59 569.502 26.8508 102.338 29.6647 12.819 7.71596
internal_count=948894 233752 715142 169903 95420 97134 84957 57313 38107 38002 545239 8487 28653 17915 77495 44066 33429 32577 17154 19311 7462 536752 101463 98986 27706 1633 2477 774 453 395
is_linear=0
shrinkage=0.1


Tree=13
num_leaves=31
num_cat=0
split_feature=43 39 43 18 29 12 31 39 12 8 24 28 18 45 3 12 50 32 32 32 6 29 10 28 31 43 16 15 43 2
split_gain=34369.7 2451.91 1795.23 1404.05 1177.61 528.265 478.975 609.049 436.071 424.512 383.674 302.772 298.029 275.126 272.007 236.731 228.906 218.695 257.971 216.739 209.974 209.106 206.028 527.903 291.343 357.319 204.581 330.048 218.114 298.286
threshold=0.52064967155456554 0.88194444775581371 0.37938840687274938 1.0000000180025095e-35 0.91978859901428234 0.98219570517539989 7.3258960247039804 0.88194444775581371 0.5336349904537202 6.5000000000000009 0.50036159157753002 0.42261904478073126 1.0000000180025095e-35 0.17673590779304507 0.99523812532424938 0.97309359908103954 1.5000000000000002 5.6291582584381112 1.5308482050895693 5.5929079055786142 1.5000000000000002 0.66371718049049389 1.0000000180025095e-35 0.43650794029235845 8.7522115707397479 0.31787763535976415 0.31666667759418493 0.42899160087108618 0.39638938009738928 0.90353596210479747
decision_type=2 2 2 2 2 2 2 2 2 2 2 2 2 2 2 2 2 2 2 2 2 2 2 2 2 2 2 2 2 2
left_child=2 4 10 6 5 9 7 -4 -6 14 15 -8 20 19 17 22 -9 18 -2 -11 -12 -20 23 -1 -25 -26 27 28 29 -13
right_child=1 -3 3 -5 8 -7 11 16 -10 13 12 26 -14 -15 -16 -17 -18 -19 21 -21 -22 -23 -24 24 25 -27 -28 -29 -30 -31
leaf_value=-0.094302921146477647 0.12536542140935905 0.11806494978250658 -0.053447910689209836 -0.091101155178280074 -0.067685876205911252 0.11131566004157936 -0.050578483197029511 0.051582970803444275 0.11872347465475067 0.0022453035296018452 0.21883005974172154 0.21021418667953173 -0.084192095060198147 -0.04090705362289071 0.13001890682718703 0.011409034091068554 -0.07754550413816419 0.078970443842825977 0.024672095679559792 0.073452252303939064 0.0081249463225834141 -0.081630675782832243 -0.095229287413746699 -0.01886072488284975 0.054570570149967496 0.44320541470900665 0.14824805766592336 -0.069034943392083908 0.053520607637892695 1.2089837631614797
leaf_weight=1472.716400408186 148.79907913971692 12367.601244696416 2786.5378239499405 3115.3346780901775 132.67026223894209 673.84664078615606 361.03804489877075 976.2747325534001 2319.9007312804461 2136.0377657655627 81.881066625006497 18.906477274838839 170.28346812771633 1214.8306461037137 390.88746893266216 222.89231427526101 159.74476361181587 704.51764437742531 455.55785445217043 534.39918801747262 111.96868644794449 311.62527192477137 20280.676356837619 473.03358181519434 93.851666517555714 31.631120161153376 189.84638762800023 240.51326844654977 1153.8123552510515 3.5519897267222396
leaf_count=35530 1311 138064 59742 73913 1400 6061 5461 11519 24955 21567 1043 764 3442 15996 4007 3808 2414 6911 4519 4988 1532 1887 472157 22890 3525 1312 2179 3528 12305 164
internal_value=-0.00895301 0.0891466 -0.0746424 -0.0368075 0.0495092 0.0274375 -0.00809166 -0.0282884 0.10864 0.0178522 -0.089496 0.0321707 0.0123341 -0.00145325 0.0551433 -0.0911385 0.0334252 0.0370822 0.00486434 0.016495 0.0971256 -0.0185075 -0.0921611 -0.0621188 0.0170737 0.152536 0.0507659 0.0377034 0.0595283 0.368178
internal_weight=53335.2 21390.7 31944.5 9005.56 9023.07 6570.5 5890.23 3922.56 2452.57 5896.65 22938.9 1967.67 364.133 3885.27 2011.39 22574.8 1136.02 1620.5 915.982 2670.44 193.85 767.183 22351.9 2071.23 598.516 125.483 1606.63 1416.78 1176.27 22.4585
internal_count=948894 231666 717228 171989 93602 67247 98076 73675 26355 61186 545239 24401 6017 42551 18635 539222 13933 14628 7717 26555 2575 6406 535414 63257 27727 4837 18940 16761 13233 928
is_linear=0
shrinkage=0.1


Tree=14
num_leaves=31
num_cat=0
split_feature=24 45 36 35 45 10 10 5 12 32 53 12 1 1 1 53 46 53 29 42 48 12 8 16 14 39 15 16 7 29
split_gain=27531.8 2442.89 2295.4 2213.98 839.51 768.514 618.233 805.332 575.62 504.595 482.796 456.804 510.36 453.565 385.842 376.078 345.98 335.475 313.403 309.716 283.323 262.1 255.05 250.068 474.859 364.774 223.666 200.045 196.939 371.387
threshold=0.46875001490116125 0.39283969998359686 1.0000000180025095e-35 1.0000000180025095e-35 0.12780070304870608 1.0000000180025095e-35 1.0000000180025095e-35 0.43650794029235845 0.93583863973617565 9.1332817077636737 0.89444443583488475 0.84866103529930126 0.67432832717895519 0.73909005522727977 0.63178393244743358 0.087121214717626586 1.0000000180025095e-35 0.095454547554254546 0.38040401041507726 0.22401432693004611 0.0080671310424804705 0.45983158051967626 20.500000000000004 0.90454545617103588 7.5000000000000009 0.30952382087707525 0.50159236788749706 0.31666667759418493 0.92403846979141246 0.63554948568344127
decision_type=2 2 2 2 2 2 2 2 2 2 2 2 2 2 2 2 2 2 2 2 2 2 2 2 2 2 2 2 2 2
left_child=1 3 9 5 10 16 7 -3 -8 23 22 27 -13 19 -5 -6 -1 -11 -19 -10 -17 -16 28 24 -2 -26 -22 -7 -4 -30
right_child=2 6 4 14 15 11 8 -9 13 17 -12 12 -14 -15 21 20 -18 18 -20 -21 26 -23 -24 -25 25 -27 -28 -29 29 -31
leaf_value=0.064899335100983696 0.11072912265722411 -0.091502709332378918 0.10326037470744021 0.010283046786181922 0.19476260784187738 -0.085874742454356445 -0.094624011617500406 0.022057809747962669 0.083079659697666175 0.13155622376399745 0.11724857202625183 -0.062118276988902016 0.090039028229289803 0.30654535194625165 -0.065861446433194346 0.069339101027476924 -0.030733898235960507 -0.077951499163916388 0.072086989101151813 -0.059293797159633205 0.22090254995584968 0.12582592383148114 0.015635653921344025 0.12289044868395622 0.082387461072305546 -0.057448895594500352 -0.042421496772891559 -0.0034784046386641372 0.096414216724347565 -0.068067760804128644
leaf_weight=728.42720309225842 2700.9946139738895 1325.9749148832634 849.50855552731082 531.8499592510052 82.439361173193902 3913.5090296631679 18883.228049056605 1180.4076451729052 191.32403736375272 237.21696606744081 1140.596556476783 557.98814339889213 364.40161448251456 41.646905404049903 76.369603374041617 286.86785281682387 787.03001246321946 308.53364867484197 253.69074138207361 758.70261816028506 32.853638264350593 1081.2469910429791 1735.7104374100454 8697.5529203559272 426.00291819358245 331.87002187827602 1774.9213578058407 318.64449453866109 325.21575610013679 237.54134867247194
leaf_count=11174 28930 35076 7795 6393 1365 74547 484796 38601 4057 2783 13448 9674 4465 732 1009 3588 14860 2914 2911 15844 665 11375 18252 107471 3959 2262 31399 4353 2894 1302
internal_value=-0.00870756 -0.0675937 0.0844986 -0.0214675 0.0358338 -0.047368 -0.084822 -0.0380202 -0.090724 0.108785 0.0615075 -0.0657732 -0.00200663 -0.0164616 0.0807877 -0.01474 0.0152336 0.0318279 -0.0102501 -0.0306215 -0.0229854 0.11318 0.041311 0.113846 0.0911022 0.0211536 -0.037636 -0.079671 0.0728667 0.0269859
internal_weight=50162.3 30740.8 19421.5 8359.47 6465.65 6670 22381.3 2506.38 19874.9 12955.9 4288.57 5154.54 922.39 991.674 1689.47 2177.08 1515.46 799.441 562.224 950.027 2094.64 1157.62 3147.98 12156.4 3458.87 757.873 1807.77 4232.15 1412.27 562.757
internal_count=948894 716956 231938 137850 80708 119073 579106 73677 505429 151230 43691 93039 14139 20633 18777 37017 26034 8608 5825 19901 35652 12384 30243 142622 35151 6221 32064 78900 11991 4196
is_linear=0
shrinkage=0.1


Tree=15
num_leaves=31
num_cat=0
split_feature=43 43 16 18 53 12 15 8 51 3 48 53 40 39 13 6 21 53 12 10 18 24 42 31 46 8 51 42 29 8
split_gain=26062.6 2471.08 1583.41 1548.16 1153.06 615.192 821.855 594.451 561.67 452.228 386.63 332.409 352.09 322.629 305.007 294.017 254.064 249.279 606.421 575.002 434.38 235.915 221.951 314.982 211.505 210.283 209.14 304.773 192.427 180.947
threshold=0.57900178432464611 0.37938840687274938 0.90454545617103588 1.0000000180025095e-35 0.89444443583488475 0.67573738098144542 0.22511260956525805 19.500000000000004 0.85584414005279552 0.9569842815399171 1.0000000180025095e-35 0.78888890147209179 0.85584414005279552 0.81666666269302379 0.15075758099555972 2.5000000000000004 1.0000000180025095e-35 0.47727273404598242 0.68500718474388134 1.0000000180025095e-35 1.0000000180025095e-35 0.65250319242477428 0.93063348531723034 1.5308482050895693 0.054238021373748786 2147483689.0000005 0.86240702867507946 0.67117112874984752 0.15253844112157824 5.5000000000000009
decision_type=2 2 2 2 2 2 2 2 2 2 2 2 2 2 2 2 2 2 2 2 2 2 2 2 2 2 2 2 2 2
left_child=1 10 4 5 7 6 15 9 16 22 13 12 28 -1 -8 -3 -7 -12 19 24 26 -5 23 -2 -19 -18 27 -20 -9 -25
right_child=2 3 -4 21 -6 8 14 11 -10 -11 17 -13 -14 -15 -16 -17 25 18 20 -21 -22 -23 -24 29 -26 -27 -28 -29 -30 -31
leaf_value=-0.058473961872466486 0.12793184563573756 -0.022642396657977539 0.11696286067438839 -0.086194419901078609 0.11872145401981549 -0.012556495413814431 -0.092274565130032446 0.13264325685956121 0.14740475678613749 0.11628598070170791 -0.094571306112439732 -0.054550237390200408 0.069009096829572694 0.12081960459706252 0.0053072221275453496 0.052720376849148987 0.088537209829099489 0.12475984442527953 0.56648370803587089 -0.095413623853008417 -0.061132018247517607 0.10938249052595778 0.10787651591239451 0.020081499764971061 -0.018131948933421977 0.00021404154728432275 0.47802538043154785 0.036301168022359803 -0.011180858085054384 -0.075739569494954126
leaf_weight=279.41524189291522 236.32644941098988 925.38267693901435 8850.5357548370957 3206.5376297328621 2282.6692809173837 1212.160989579279 1489.0973663381301 98.336119057610631 400.30283643677831 1203.9758397256956 15651.441450953018 677.62385809887201 1063.1926251333207 156.61870388593525 408.09414753643796 1174.98542776471 678.03265002788976 131.75036544026807 14.119019012432544 2502.9737359797582 71.707496008370072 62.886223610024899 368.99307936709374 1078.459623224102 484.58931239880621 447.44614030746743 31.129508557729423 46.720303727779537 1722.657632724382 241.13838161155581
leaf_count=6515 2289 17757 116731 82371 27830 15323 32461 893 4337 12459 435289 5944 12274 1972 6058 19352 8525 5941 424 69443 2088 1257 3536 9034 21765 4990 656 1146 18520 1714
internal_value=-0.008445 -0.066328 0.0869513 -0.0259713 0.0573506 0.00143505 -0.0235762 0.0364127 0.0379529 0.0682153 -0.0871724 0.00847554 0.0232831 0.00592636 -0.0712843 0.019517 0.0192101 -0.0893163 -0.0642634 -0.0741084 0.123361 -0.0824326 0.0381485 0.0216123 0.012413 0.0534234 0.267209 0.159341 -0.00341416 0.00257152
internal_weight=47199.3 29375.4 17823.9 10004.9 8973.37 6735.5 3997.56 6690.7 2737.94 3128.89 19370.5 3561.81 2884.19 436.034 1897.19 2100.37 2337.64 18934.4 3282.99 3119.31 163.676 3269.42 1924.92 1555.92 616.34 1125.48 91.9688 60.8393 1820.99 1319.6
internal_count=948894 737670 211224 192431 94493 108803 75628 66663 33175 29032 545239 37631 31687 8487 38519 37109 28838 536752 101463 97149 4314 83628 16573 13037 27706 13515 2226 1570 19413 10748
is_linear=0
shrinkage=0.1


Tree=16
num_leaves=31
num_cat=0
split_feature=43 16 43 29 36 42 29 5 32 12 6 48 49 2 5 39 29 40 12 10 31 1 31 36 39 30 7 4 16 8
split_gain=22676.4 2268.94 1563.44 1075.91 1045.87 473.393 562.67 762.201 635.275 452.909 368.935 366.095 329.38 453.597 301.477 254.132 247.746 247.719 712.674 422.193 295.642 389.013 353.047 227.501 223.327 229.954 242.993 215.845 212.287 209.209
threshold=0.51318171620368969 0.90454545617103588 0.37780103087425237 0.91978859901428234 1.0000000180025095e-35 0.9136645793914796 0.03271185606718064 0.47727273404598242 2.460000872612 0.62973192334175121 2.5000000000000004 1.0000000180025095e-35 2.5000000000000004 0.91922956705093395 0.58571431040763866 0.81666666269302379 0.85645082592964183 0.72438782453536998 0.79912281036376964 1.0000000180025095e-35 8.6518764495849627 0.91734439134597789 10.106236934661867 1.0000000180025095e-35 0.88194444775581371 0.36247888207435613 0.58411949872970592 0.80982515215873729 0.31666667759418493 2147483689.0000005
decision_type=2 2 2 2 2 2 2 2 2 2 2 2 2 2 2 2 2 2 2 2 2 2 2 2 2 2 2 2 2 2
left_child=2 3 11 5 12 6 -2 27 16 -5 -10 15 13 24 -12 -1 -9 -13 19 20 -19 -22 -23 -20 -4 26 29 -8 -6 -26
right_child=1 -3 4 9 28 -7 7 8 10 -11 14 17 -14 -15 -16 -17 -18 18 23 -21 21 22 -24 -25 25 -27 -28 -29 -30 -31
leaf_value=-0.056079523277415416 0.12702100640197886 0.11295341352159681 -0.026994969896840384 -0.017258112555359171 -0.088111934952731827 0.080099807143226981 -0.067129191236818694 -0.020922416562947615 0.13555029589605957 0.11188665266506477 -0.058500574545230791 -0.093777490562887145 -0.055567249140339739 0.075851968722331381 0.068947138824068013 0.10189139029228578 0.051169987121898901 -0.027195117023358348 0.31756801120858175 -0.090170370458896074 0.043609672088045101 1.0367563005848648 0.24617132008159381 0.017133872750549037 0.10553398438627067 0.14174251757572662 -0.039829582756470326 0.037270909266781144 -0.013941023553675684 -0.096432962614046214
leaf_weight=262.25247029028833 403.60471324482933 8578.9923566710204 1989.0504992404021 306.08080104924738 2662.6366458563134 1251.8272955198772 1424.3890980416909 1970.0320380008779 635.89618201320991 2407.3875487409532 243.80356061924249 14282.068037707359 943.1891804668121 828.89088785415515 777.53142123203725 166.48636192921549 628.83938635839149 467.37761514238082 61.609116560313851 2341.4983547260053 72.589599675498903 8.2000513947568852 18.153243706561625 42.655658734962344 298.65043721115217 158.61638027941808 440.94529835926369 230.01330698933452 451.28684626799077 61.922802339307964
leaf_count=6462 4035 120591 36880 3962 78439 13032 14088 20562 7532 30963 2531 435704 25294 10058 8639 1947 7341 22454 1005 71271 2473 630 309 1067 4009 1804 5221 2646 7338 607
internal_value=-0.00819666 0.0749848 -0.0695733 0.0432969 -0.0323753 0.0239222 0.0127845 0.00498374 0.0273729 0.097319 0.075754 -0.0860183 -0.00270381 0.0104934 0.038524 0.00526319 -0.00347848 -0.0882812 -0.0622202 -0.071431 0.00604866 0.163083 0.492169 0.194658 -0.00787606 0.0317314 0.00996072 -0.0526143 -0.0773627 0.0708493
internal_weight=44416.5 18858.4 25558.1 10279.4 7835.19 7565.94 6314.11 5910.5 4256.1 2713.47 1657.23 17722.9 4721.27 3778.08 1021.33 428.739 2598.87 17294.2 3012.08 2907.82 566.321 98.9429 26.3533 104.265 2949.19 960.135 801.519 1654.4 3113.92 360.573
internal_count=948894 235922 712972 115331 169650 80406 67374 63339 46605 34925 18702 543322 83873 58579 11170 8409 27903 534913 99209 97137 25866 3412 939 2072 48521 11641 9837 16734 85777 4616
is_linear=0
shrinkage=0.1


Tree=17
num_leaves=31
num_cat=0
split_feature=43 43 16 18 53 12 15 15 8 3 48 53 46 13 53 12 10 18 40 49 25 39 43 32 5 48 50 53 32 31
split_gain=19650.8 2233.32 1542.99 1284.21 983.665 468.701 716.293 462.493 440.427 382.137 349.895 279.988 272.061 257.795 253.839 463.159 533.057 281.732 243.101 236.019 230.819 229.966 211.411 205.699 215.876 201.454 185.604 236.232 175.871 175.374
threshold=0.57900178432464611 0.37780103087425237 0.90454545617103588 1.0000000180025095e-35 0.89444443583488475 0.67573738098144542 0.34384952485561376 0.52512624859809887 19.500000000000004 0.96178188920021068 0.0080671310424804705 0.78888890147209179 0.12500002980232242 0.16064515709877017 0.47727273404598242 0.66046389937400829 1.0000000180025095e-35 1.0000000180025095e-35 0.85584414005279552 1.5000000000000002 1.0000000180025095e-35 0.81666666269302379 0.47082783281803137 9.1332817077636737 0.10555555671453477 0.011312842369079592 1.5000000000000002 0.069047622382640853 1.7195520401000979 8.6518764495849627
decision_type=2 2 2 2 2 2 2 2 2 2 2 2 2 2 2 2 2 2 2 2 2 2 2 2 2 2 2 2 2 2
left_child=1 10 4 5 8 6 12 -7 9 -2 21 18 19 -8 -12 16 -16 20 -10 28 -17 -1 -9 -4 -25 -5 27 -24 -3 -26
right_child=2 3 23 25 -6 7 13 22 11 -11 14 -13 -14 -15 15 17 -18 -19 -20 -21 -22 -23 26 24 29 -27 -28 -29 -30 -31
leaf_value=-0.056226472339460334 0.031785852082172925 0.10610523219374988 0.11541447819201432 0.045927795157253377 0.11024130651521363 0.14318473796282669 -0.092835412852968244 -0.016226240366817395 -0.002554505605919348 0.10601684709343442 -0.093150768957785651 -0.052014080021841061 -0.039459984837455352 0.0028261303832688976 0.011434203725447116 0.16202137741407519 -0.095199063040566384 -0.058517695384865023 0.057546302031566271 -0.012820585514405462 0.88649685482487051 0.088116396216464429 0.12397604881610676 0.12075903225927938 -0.097724849072409456 -0.085132197343299298 -0.067944988715865393 0.027059078931152915 0.021452637321411991 0.066881520863076777
leaf_weight=277.48016115883365 1922.7830232968554 540.40889312000945 7133.5490917228162 122.54703755909577 2021.8129840195179 332.55405039759353 1275.0558540076017 1050.8791532148607 1790.4271811032668 1084.7465492002666 12973.840428542346 664.19761777855456 637.21296007279307 361.59900587331504 607.13114600582048 108.20207462087274 2057.5595003720373 75.102806757669896 1078.3786618690938 576.59822496958077 4.5840030284598461 183.28006859915331 360.37915044371039 218.8378983065486 127.48251320421696 2730.326973458752 133.6175890173763 832.44792624004185 449.60638409666717 131.479198127985
leaf_count=7342 16954 5695 110165 2748 27830 4046 30848 15111 19413 12078 432950 5944 13483 5427 27547 2392 68278 2552 12274 14065 145 2116 4016 3037 1646 81858 1877 8486 6688 1883
internal_value=-0.00794745 -0.0623085 0.0784 -0.0235047 0.0492787 0.000883946 -0.0215858 0.0327284 0.0304339 0.0585593 -0.0847115 0.00649176 0.0156313 -0.0717002 -0.0872123 -0.0602037 -0.0709034 0.091543 0.0200373 0.0380395 0.191466 0.00118988 0.0172771 0.11116 0.0476392 -0.0795024 0.0438202 0.0563398 0.067661 -0.0141514
internal_weight=41864.1 25690.4 16173.7 9403.23 8562.35 6550.36 3840.48 2709.88 6540.53 3007.53 16287.2 3533 2203.83 1636.65 15826.4 2852.58 2664.69 187.889 2868.81 1566.61 112.786 460.76 2377.32 7611.35 477.8 2852.87 1326.44 1192.83 990.015 258.962
internal_count=948894 737670 211224 194348 94493 109742 76206 33536 66663 29032 543322 37631 39931 36275 533864 100914 95825 5089 31687 26448 2537 9458 29490 116731 6566 84606 14379 12502 12383 3529
is_linear=0
shrinkage=0.1


Tree=18
num_leaves=31
num_cat=0
split_feature=43 16 43 18 53 12 29 3 31 36 12 42 14 16 15 43 32 13 32 3 53 12 10 32 28 39 30 8 7 31
split_gain=17063.7 2129.9 1427.42 1017.49 858.1 488.554 382.217 634.318 373.831 344.726 344.396 334.353 315.537 295.303 382.792 282.537 377.482 264.938 259.651 226.354 219.13 392.538 415.21 217.154 234.082 203.164 199.008 214.179 210.077 195.894
threshold=0.51052209734916698 0.90454545617103588 0.36397199332714086 1.0000000180025095e-35 0.89444443583488475 0.64357817173004161 0.03271185606718064 0.76817703247070324 10.106236934661867 1.0000000180025095e-35 0.93583863973617565 0.73252034187316906 6.5000000000000009 0.76388889551162731 0.34384952485561376 0.85307341814041149 4.7388997077941903 0.18019481003284457 9.1332817077636737 0.91024166345596325 0.47727273404598242 0.67573738098144542 1.0000000180025095e-35 9.1332817077636737 0.10555555671453477 0.43650794029235845 0.39338128268718725 2147483689.0000005 0.63714733719825756 8.7522115707397479
decision_type=2 2 2 2 2 2 2 2 2 2 2 2 2 2 2 2 2 2 2 2 2 2 2 2 2 2 2 2 2 2
left_child=2 4 10 8 6 29 -2 -8 13 12 20 -12 -9 14 19 16 -11 -16 -18 -4 -1 22 -22 -3 -25 -14 27 28 -15 -6
right_child=1 23 3 -5 5 -7 7 9 -10 15 11 -13 25 26 17 -17 18 -19 -20 -21 21 -23 -24 24 -26 -27 -28 -29 -30 -31
leaf_value=-0.093074046264280785 0.11595658227088264 0.1120221049764531 -0.054445471231168899 -0.08768356896769619 -0.047493646091976628 0.11159875441023773 -0.055641074867755248 0.084680474734852573 0.073467261276563445 -0.023741327139577134 -0.033401478890077253 0.21716712154196716 0.052551752888399306 0.095468397742588917 -0.095034560322922859 0.070639024464088915 0.073811196749168681 -0.022215251910529546 -0.039128324376534657 0.024014090540420044 0.0030243612097208775 0.092934786337921585 -0.094130730815393207 0.11974274120672895 -0.014566832870558731 -0.061450950718442948 0.14088598733703131 -0.057982335696415567 -0.028172708631827283 0.18878494680484065
leaf_weight=11440.578721780097 399.80998317105696 6875.0155818359926 497.0556085021235 2231.1039635618217 295.86997315939516 1860.9050761023536 1069.0566342100501 1525.3741251879837 516.36502412008122 2326.3041779967025 467.76420198590495 60.095801683608443 342.77907580137253 362.18281528470106 1009.9002849783283 660.21128598973155 854.05059431912377 988.85012971865945 267.26516456250101 1412.9485691778827 579.78096709121019 156.149300144054 1823.0085559398867 234.15431765653193 291.06845620833337 287.37425285577774 144.57811450492591 278.85772430640645 221.44149066670798 39.810450645629317
leaf_count=416310 4155 113517 11243 79965 4308 27893 10920 16499 5667 28300 12906 837 3082 5021 30049 6217 10802 16657 2631 27899 26287 4081 66344 3377 3831 1973 1667 2904 3044 508
internal_value=-0.00767926 0.0666787 -0.0657466 -0.0308264 0.0364119 0.0915686 0.0207429 0.0155512 -0.00747402 0.0277026 -0.0841673 -0.00487475 0.0600891 -0.0159762 -0.0284169 0.0107083 -0.000768266 -0.0590084 0.0468921 0.00359593 -0.0871571 -0.0607033 -0.0706877 0.107287 0.0453109 0.000562118 0.0323105 0.01411 0.0485559 -0.0194719
internal_weight=39519.7 17329 22190.7 7663.28 9928.81 2196.59 7732.23 7332.42 5432.18 6263.36 14527.4 527.86 2155.53 4915.81 3908.75 4107.83 3447.62 1998.75 1121.32 1910 13999.5 2558.94 2402.79 7400.24 525.223 630.153 1007.06 862.482 583.624 335.68
internal_count=948894 238013 710881 184116 117288 32709 84579 80424 104151 69504 526765 13743 21554 98484 85848 47950 41733 46706 13433 39142 513022 96712 92631 120725 7208 5055 12636 10969 8065 4816
is_linear=0
shrinkage=0.1


Tree=19
num_leaves=31
num_cat=0
split_feature=43 43 16 36 53 24 13 15 53 8 12 3 5 51 41 7 5 4 8 36 12 1 53 12 33 30 43 52 53 8
split_gain=14778.8 1974.37 1488.56 922.033 819.514 347.134 345.884 713.298 397.891 341.131 340.344 339.235 334.57 331.062 304.339 274.748 261.913 480.437 254.991 232.543 583.385 543.766 417.362 539.935 445.313 310.564 263.428 259.121 216.017 206.828
threshold=0.57900178432464611 0.3743033260107041 0.90454545617103588 1.0000000180025095e-35 0.89444443583488475 0.46875001490116125 0.16064515709877017 0.26145105063915258 0.47727273404598242 18.500000000000004 0.67573738098144542 0.99523812532424938 0.087121214717626586 0.85584414005279552 0.7577352523803712 0.86159002780914318 1.0000000180025095e-35 0.49752475321292883 2147483689.0000005 1.0000000180025095e-35 0.85120758414268505 0.75794735550880443 0.16025641560554507 0.96568545699119579 6.4857926368713388 0.65326651930809032 0.2748741358518601 0.23606810718774798 0.78888890147209179 35.500000000000007
decision_type=2 2 2 2 2 2 2 2 2 2 2 2 2 2 2 2 2 2 2 2 2 2 2 2 2 2 2 2 2 2
left_child=1 5 4 6 9 19 7 -3 14 11 -5 -2 -7 -12 16 28 17 18 -8 20 25 27 23 24 -23 -1 -27 29 -11 -22
right_child=2 3 -4 10 -6 12 8 -9 -10 15 13 -13 -14 -15 -16 -17 -18 -19 -20 -21 21 22 -24 -25 -26 26 -28 -29 -30 -31
leaf_value=-0.08906214085715336 0.027970194467377193 0.014839774612130124 0.10628907857477224 -0.087128865767911887 0.10225884475451273 0.21933070950433256 0.028379269062108692 -0.089128594046730208 0.10175761254451801 0.00010436003058775451 -0.043257773787020629 0.10166305496792075 -0.030142860061006867 0.094532818929273787 0.14098529836465257 0.044209431358213071 -0.065854105686503003 0.18284553699087905 -0.092960693670369868 -0.097108110222921096 0.31369431568308381 4.1329455561411175 0.27321100883681682 0.30217582121840847 1.2295130124857256 -0.045886506929572385 0.11482754628853303 -0.028464757804332844 -0.075551824756515062 -0.082025545020127044
leaf_weight=4808.5148471475113 2010.8434208659455 2141.2659011562355 6511.8883114270866 2080.9862014972605 1781.55758677423 62.842995883896947 603.18333739857189 953.83385992492549 629.69512466504239 1863.9777568988502 1256.0031752362847 906.16967422515154 371.82501296023838 202.4792264807038 156.47563883895054 1166.3828457007185 486.35377609240822 159.30352230090648 242.94248845940456 7164.9752692866605 43.293986883480102 0.90228924201801364 34.322024572873488 2.6207651132717729 1.27430914202705 720.23397275060415 118.81379597797059 348.2300534134265 473.20712944958359 19.006201608106494
leaf_count=188981 18151 38523 116731 68643 27830 1370 9085 26665 7663 21531 31350 10826 9544 3979 1870 11960 5349 2208 3108 284205 2249 120 769 36 99 34477 4781 12021 4195 575
internal_value=-0.00740993 -0.0581733 0.0705924 -0.0215396 0.0422519 -0.0820108 0.00456582 -0.0172007 0.0341405 0.0256014 -0.0611688 0.0508629 0.00592528 -0.0241285 0.00830823 0.00456905 -0.00560849 0.023534 -0.00646027 -0.0848929 -0.0705384 0.0390855 0.395328 1.26899 2.4331 -0.0792665 -0.0231285 0.00513921 -0.0152137 0.19297
internal_weight=37323.4 22609.4 14714 8912.52 8202.14 13696.9 5373.05 3095.1 2277.95 6420.58 3539.47 2917.01 434.668 1458.48 1648.26 3503.57 1491.78 1005.43 846.126 13262.2 6097.21 449.65 39.1194 4.79736 2.1766 5647.56 839.048 410.53 2337.18 62.3002
internal_count=948894 737670 211224 198443 94493 539227 94471 65188 29283 66663 103972 28977 10914 35329 21620 37686 19750 14401 12193 528313 244108 15869 1024 255 219 228239 39258 14845 25726 2824
is_linear=0
shrinkage=0.1


Tree=20
num_leaves=31
num_cat=0
split_feature=43 16 18 43 40 24 53 5 6 31 5 13 48 12 32 53 32 15 30 42 42 30 32 30 30 12 42 2 49 35
split_gain=12793.9 1934.52 1336.35 1152.67 720.276 626.03 397.345 449.312 466.764 360.224 343.268 336.186 307.095 288.183 277.243 241.374 239.048 228.677 220.19 213.985 214.535 213.109 216.558 207.801 203.912 252.24 199.945 192.272 281.224 190.603
threshold=0.51052209734916698 0.90454545617103588 1.0000000180025095e-35 0.34099322557449346 0.88185438513755809 0.42222224175930029 0.080128207802772536 0.47727273404598242 2.5000000000000004 8.9894409179687518 0.087121214717626586 0.12060606107115747 0.0047619640827178964 0.88473194837570202 4.8667016029357919 0.89444443583488475 9.1332817077636737 0.53879600763320934 0.066367000341415419 0.62397539615631115 0.20204081386327746 0.94048127532005321 8.9894409179687518 0.58282354474067699 0.65326651930809032 0.64357817173004161 0.87226107716560375 0.87428161501884472 2.5000000000000004 1.0000000180025095e-35
decision_type=2 2 2 2 2 2 2 2 2 2 2 2 2 2 2 2 2 2 2 2 2 2 2 2 2 2 2 2 2 2
left_child=2 4 3 5 6 13 -2 26 14 12 -7 -6 -5 24 -9 21 -3 -12 -18 20 -15 22 -13 -24 -1 -26 -8 29 -29 -14
right_child=1 16 -4 9 11 10 7 8 -10 -11 17 15 27 19 -16 -17 18 -19 -20 -21 -22 -23 23 -25 25 -27 -28 28 -30 -31
leaf_value=-0.089788116437976379 0.10437246327287208 0.1077285581274624 -0.095038067465007259 0.03979042262196298 -0.044164033110319682 0.27167423548600439 -0.057389596920481928 0.038581454567480328 -0.0090251935806325654 0.038317225948804629 0.33506331558694313 0.08668230823391701 -0.065469934221605533 0.17343361472601823 0.14422972473167425 0.09757129675803243 0.11306312091403037 -0.015149545638204243 -0.024057677216130592 0.19265890541922973 -0.054858079141009312 0.0084374785229173171 -0.11480741667968947 0.11564224663837729 -0.042634784653191815 0.3960650327318947 0.065431054950163561 0.041988445415400498 -0.060351149966449538 -0.0030126371218345402
leaf_weight=4993.6098416184541 383.45316964900121 5869.6044719172642 7386.4756725893822 682.11356166028418 280.16855175769888 65.957914429251105 1406.02026036405 879.28224995313212 2131.4570811279118 1300.2467406399082 20.357864957302809 1216.7488459409215 1830.5659878323786 47.826465347316116 346.18653195956722 1704.2249357211404 203.79304972104728 221.58100235415623 275.32372846268117 53.09755706996657 295.50019416166469 856.75398067943752 110.78602482425049 60.495158822275698 782.59851818485186 13.329471943667157 146.3422966892831 671.76763133145869 447.30605148058385 666.51765565713868
leaf_count=214587 4079 113517 317453 8003 4599 1338 15504 11354 21943 16290 452 13652 54765 1919 4240 28849 3377 5918 3831 1353 10327 9565 997 700 38263 592 1806 13015 15682 10924
internal_value=-0.00722163 0.0594275 -0.0615248 -0.0410537 0.0309192 -0.0697207 0.00633394 -0.00132362 0.019249 -0.00780216 0.0694499 0.0616872 -0.0217535 -0.0766477 0.0684264 0.069197 0.102185 0.014319 0.0342669 0.00583683 -0.0230563 0.0476554 0.0718625 -0.0334144 -0.0822956 -0.0352878 -0.0458112 -0.0333625 0.00108218 -0.0487989
internal_weight=35349.5 15870.6 19478.9 12092.4 9521.92 6493.86 5292.74 4909.29 3356.93 5598.52 307.897 4229.18 4298.27 6185.96 1225.47 3949.01 6348.72 241.939 479.117 396.424 343.327 2244.78 1388.03 171.281 5789.54 795.928 1552.36 3616.16 1119.07 2497.08
internal_count=948894 238013 710881 393428 117288 274749 58926 54847 37537 118679 7708 58362 102389 267041 15594 53763 120725 6370 7208 13599 12246 24914 15349 1697 253442 38855 17310 94386 28697 65689
is_linear=0
shrinkage=0.1


Tree=21
num_leaves=31
num_cat=0
split_feature=43 43 16 18 29 16 12 42 42 29 31 12 15 42 32 45 10 1 43 32 3 24 3 10 8 48 14 11 42 8
split_gain=11090.9 1806.08 1370.91 954.263 679.038 323.824 1005.36 506.411 401.414 307.827 307.285 340.58 394.632 288.92 276.666 305.007 268.802 315.075 294.41 220.881 210.355 210.004 201.24 196.424 194.603 232.553 232.845 316.392 244.941 192.054
threshold=0.58569058775901806 0.36397199332714086 0.90454545617103588 1.0000000180025095e-35 0.98690816760063182 0.44949495792388922 0.67867961525917064 0.76277059316635143 0.20204081386327746 0.33491063117980963 10.106236934661867 0.67867961525917064 0.36773157119750982 0.88416817784309398 3.6502132415771489 0.10561817884445192 1.0000000180025095e-35 0.89041274785995495 0.21737061440944674 8.7522115707397479 0.99523812532424938 0.50036159157753002 0.93127065896987926 0.83333557844161998 37.500000000000007 1.0000000180025095e-35 5.5000000000000009 0.76322144269943248 0.12701612710952762 2.5000000000000004
decision_type=2 2 2 2 2 2 2 2 2 2 2 2 2 2 2 2 2 2 2 2 2 2 2 2 2 2 2 2 2 2
left_child=1 5 4 10 14 16 -7 8 24 -10 11 12 22 -13 15 29 17 -1 -19 -4 -16 -5 -3 -14 25 -8 27 -27 -29 -2
right_child=2 3 19 21 -6 6 7 -9 9 -11 -12 13 23 -15 20 -17 -18 18 -20 -21 -22 -23 -24 -25 -26 26 -28 28 -30 -31
leaf_value=-0.080741795330229196 -0.056585794698586302 -0.050414845636902621 0.10807756209241326 -0.084691343786047368 0.09590560273326719 -0.091483608962245055 0.21492598362375259 0.27902707548988337 -0.02627352214546877 0.28089658398159884 0.065423143321804753 0.0091687068164578566 -0.077964596016424859 0.12298489388676462 0.035674148536861142 -0.045689620520050225 -0.094309512948619389 -0.011009877326839633 0.21541858829551749 0.034952922400005991 0.12063344703147212 0.0033137005729154271 0.021289063925458884 0.16196225620027924 -0.069771500187382818 0.56715812925994291 0.28757287703298007 3.1345770492043221 1.2323380826084129 0.030873914972163064
leaf_weight=816.19571016938426 282.0869213193655 553.60914171813056 5074.9665680192411 2097.8814586526714 1560.6158342324197 1386.4570853658952 28.105545109137893 90.618989051552489 460.2343142372556 35.1140653162729 654.16539291478693 2355.7212940040044 1256.1270959454123 246.35733875771984 2374.8559564482421 926.06701640691608 8128.9127728147432 357.44299027416855 68.414454126730561 449.67809375748038 332.19183416943997 311.40024003665894 1335.9071285754908 35.075007902923971 12.279790411237625 4.533052603248505 6.845732195302844 1.0369516646023842 1.9495670369360594 2283.9793622791767
leaf_count=36039 1565 13259 108841 85508 27511 64549 359 1566 16977 705 7154 32429 36185 3032 24417 11394 380122 21176 3292 7387 4432 8590 26383 479 382 605 573 157 263 23563
internal_value=-0.00694598 -0.0535361 0.0640535 -0.0196319 0.0369479 -0.0798497 -0.04361 0.0599842 0.0239008 -0.00449897 0.000461737 -0.00688687 -0.028837 0.0199445 0.0221055 0.00350549 -0.0876892 -0.044361 0.0253661 0.102126 0.0460998 -0.0733167 0.000280544 -0.0714471 0.280844 0.382219 0.709525 1.09366 1.89282 0.0212595
internal_weight=33528.8 20244.4 13284.4 8846.24 7759.8 11398.1 2027.18 640.718 550.099 495.348 6436.96 5782.8 3180.72 2602.08 6199.18 3492.13 9370.97 1242.05 425.857 5524.64 2707.05 2409.28 1889.52 1291.2 54.7506 42.4708 14.3653 7.51957 2.98652 2566.07
internal_count=948894 739784 209110 213019 92882 526765 86136 21587 20021 17682 118921 111767 76306 35461 65371 36522 440629 60507 24468 116228 28849 94098 39642 36664 2339 1957 1598 1025 420 25128
is_linear=0
shrinkage=0.1


Tree=22
num_leaves=31
num_cat=0
split_feature=43 39 18 43 12 43 42 36 51 12 31 32 28 42 39 39 16 10 32 29 13 1 29 48 42 16 51 31 15 39
split_gain=9579.4 1847.47 1211.19 886.455 514.766 509.836 448.718 344.936 266.302 272.537 266.174 250.995 286.64 247.651 221.253 220.415 255.41 218.385 216.83 212.273 210.455 206.365 322.016 183.393 180.972 176.34 211.836 175.335 172.457 169.224
threshold=0.5000000298023225 0.88194444775581371 1.0000000180025095e-35 0.3394849449396134 0.84232923388481151 0.80765390396118175 0.73765182495117199 1.0000000180025095e-35 0.80735492706298839 0.59609016776084911 8.9894409179687518 9.1332817077636737 0.095454547554254546 0.2736185491085053 0.88194444775581371 0.53571429848670971 0.64583334326744091 1.0000000180025095e-35 5.6291582584381112 0.37769094109535223 0.19292803853750232 0.82638135552406322 0.034151699393987663 0.26115253567695623 0.96051946282386791 0.90454545617103588 0.86996778845787059 8.9894409179687518 0.5313907563686372 0.88194444775581371
decision_type=2 2 2 2 2 2 2 2 2 2 2 2 2 2 2 2 2 2 2 2 2 2 2 2 2 2 2 2 2 2
left_child=2 5 3 4 8 7 14 15 -1 17 13 25 -13 -5 -6 20 -17 27 28 -14 -2 -15 -23 -20 -7 26 -3 -10 -9 -12
right_child=1 11 -4 10 6 24 -8 18 9 -11 29 12 19 21 -16 16 -18 -19 23 -21 -22 22 -24 -25 -26 -27 -28 -29 -30 -31
leaf_value=-0.086653854750479903 -0.021104276111000037 0.019706835656633934 -0.094222514659320231 0.047125760111976278 -0.065991404524407271 0.043164525797289875 0.20116639507027206 0.055227394919070839 0.00068640516576830746 0.21613210582174675 0.022405311251202219 0.11348169292123432 -0.10693943757012694 -0.057990669414662854 0.057609369268007284 -0.15194939193546977 0.071850158801503181 -0.088393664986272158 0.04183642157408124 0.049377755419637029 0.064563467626402374 0.23353567367884009 -0.015777151740797964 -0.066870097769534356 0.10853321613036465 0.10376420572463139 0.1019227041960926 0.23976262258745448 -0.034129545897012718 0.18215077727636347
leaf_weight=4250.2782719905954 352.54015549318865 611.263079572469 6053.9540101885796 464.5501342213247 390.34924072446302 1397.9232401084155 107.49458750081249 235.14955455320887 221.19603460980579 46.302394528873265 1194.7298917481676 228.36188755463809 178.17851292900741 1536.4717904238496 230.2540535221342 123.25701730698347 86.979108985513449 339.22274391865358 969.51985065895133 169.5262302197516 1536.9517901656218 53.269590210635215 1886.8996331605595 184.76913420693018 607.59756229072809 5034.2276484733447 643.11497068172321 35.614944281289354 2650.2768387964461 70.211170554626733
leaf_count=215796 5784 5835 312471 7755 17338 14018 1560 4478 13562 1200 14900 3974 1960 37653 6138 597 1064 17074 11322 2553 17372 950 52205 3525 12054 114051 11377 1070 38343 915
internal_value=-0.00672069 0.0514026 -0.0584013 -0.0383714 -0.0659099 0.0191942 0.0125387 0.00489476 -0.0775842 -0.0175714 -0.00864 0.089618 0.0264404 -0.0214499 -0.0201335 0.0377723 -0.0593588 -0.0357265 -0.012194 -0.0307257 0.0485796 -0.030613 -0.00893198 0.0244356 0.0629688 0.0954054 0.0618586 0.0338419 -0.0268473 0.0312721
internal_weight=31890.4 15009.6 16880.8 10826.8 5620.71 8144.96 728.098 6139.44 4892.61 642.336 5206.13 6864.67 576.067 3941.19 620.603 2099.73 210.236 596.034 4039.72 347.705 1889.49 3476.64 1940.17 1154.29 2005.52 6288.61 1254.38 256.811 2885.43 1264.94
internal_count=948894 248307 700587 388116 273738 108557 25036 82485 248702 32906 114378 139750 8487 98563 23476 24817 1661 31706 57668 4513 23156 90808 53155 14847 26072 131263 17212 14632 42821 15815
is_linear=0
shrinkage=0.1


Tree=23
num_leaves=31
num_cat=0
split_feature=43 43 16 18 29 18 12 1 30 21 39 13 15 15 8 3 32 48 7 15 29 13 53 43 29 8 40 4 31 5
split_gain=8271.22 1594.62 1290.11 751.878 593.67 308.25 462.025 429.142 314.497 286.314 280.173 268.779 345.171 287.218 242.666 281.616 220.199 212.004 187.778 181.383 177.524 173.209 166.559 149.856 146.88 294.575 217.371 181.83 169.167 145.256
threshold=0.58569058775901806 0.36397199332714086 0.90454545617103588 1.0000000180025095e-35 0.98690816760063182 1.0000000180025095e-35 0.82112231850624096 0.73909005522727977 0.65326651930809032 1.0000000180025095e-35 0.88194444775581371 0.10762548446655275 0.19157801568508151 0.47765946388244634 18.500000000000004 0.99523812532424938 8.7522115707397479 0.011312842369079592 0.83935481309890758 0.41517429053783422 0.69259262084960949 0.10435571894049646 0.78888890147209179 0.26733316481113439 0.61890679597854625 1.5000000000000002 0.83096900582313549 0.78305697441101085 1.5308482050895693 0.10555555671453477
decision_type=2 2 2 2 2 2 2 2 2 2 2 2 2 2 2 2 2 2 2 2 2 2 2 2 2 2 2 2 2 2
left_child=1 5 4 9 14 6 8 10 -1 -3 -8 12 -11 -13 15 24 -4 -5 22 21 -20 23 -16 -10 26 27 28 -26 -2 -18
right_child=2 3 16 17 -6 -7 7 -9 19 11 -12 13 -14 -15 18 -17 29 -19 20 -21 -22 -23 -24 -25 25 -27 -28 -29 -30 -31
leaf_value=-0.085914794736642708 0.094208233770729025 -0.020961152432223497 0.10502671925649421 0.059038416777866289 0.090182280580798246 -0.097461966266328998 -0.073536892571538934 0.15121610273516362 -0.013558357871814739 0.021359327101014323 0.05263154885825351 0.14154670156265595 -0.087410794654726412 0.030322441427105253 -0.0052575718019393664 0.09025156568590878 0.10663533625252374 -0.076972198580524009 0.059502679247386392 -0.074246269575251655 -0.011517530204509151 0.39503539295804974 -0.078071672347320459 0.13638593615721936 0.077320212327751131 0.060451348982101472 0.090236685647693243 -0.11207032630036938 -0.018491593362975716 -0.014587478037491917
leaf_weight=3890.5150460621808 169.97477459814399 3200.9151525399648 4280.5548943206668 121.64426584378816 1399.8910575322807 4146.8451943717664 490.1951828058809 161.38085800921544 368.46350122778676 998.20494018564932 274.59971152245998 278.48626662837341 412.24194699991494 1396.0872002339456 1599.6397849926725 798.13346940651536 155.69297080300748 1980.0705025119241 793.08697201963514 320.4664337108843 632.77333166170865 12.226360242348163 390.92302369559184 81.371978183742613 61.181937113404274 259.28830238245428 500.25156357511878 295.70036313310266 615.42338599264622 270.73162841424346
leaf_count=212291 2080 62721 108841 3210 27511 237488 24262 2637 22760 18605 7740 3800 13534 20261 18716 10772 3255 90888 8493 16009 6300 541 3488 3037 614 2691 5744 1518 4955 4132
internal_value=-0.0064313 -0.0492867 0.0571465 -0.0173213 0.0314372 -0.0767967 -0.0614917 0.00303243 -0.0742801 -9.01949e-06 -0.0282361 0.0217302 -0.0104317 0.0488193 0.0179919 0.0403979 0.0982001 -0.0691001 0.000284677 -0.0164356 0.0279851 0.0236593 -0.0195574 0.0135655 0.0194759 -0.0206669 0.038715 -0.0796023 0.00589875 0.0296725
internal_weight=30357 18133.7 12223.2 8387.65 7516.27 9746.06 5599.22 926.176 4673.04 6285.94 764.795 3085.02 1410.45 1674.57 6116.38 2699.95 4706.98 2101.71 3416.42 782.528 1425.86 462.062 1990.56 449.835 1901.82 616.171 1285.65 356.882 785.398 426.425
internal_count=948894 739784 209110 213019 92882 526765 289277 34639 254638 118921 32002 56200 32139 24061 65371 28374 116228 94098 36997 42347 14793 26338 22204 25797 17602 4823 12779 2132 7035 7387
is_linear=0
shrinkage=0.1


Tree=24
num_leaves=31
num_cat=0
split_feature=43 16 18 5 12 42 40 12 10 7 29 5 8 16 4 6 53 6 49 32 32 45 15 29 6 51 51 43 53 42
split_gain=7129.8 1615.29 1151.8 798.674 849.105 675.776 484.805 447.5 765.474 423.192 365.746 397.325 343.292 311.002 289.626 278.497 270.294 304.074 231.833 227.064 225.757 221.181 210.207 265.026 205.604 196.366 196.297 344.6 186.126 180.986
threshold=0.5000000298023225 0.90454545617103588 1.0000000180025095e-35 0.43650794029235845 0.78100872039794933 0.73765182495117199 0.87428161501884472 0.56103077530860912 1.0000000180025095e-35 0.48181217908859258 0.15794205665588382 0.32051283121109014 2147483689.0000005 0.43650794029235845 0.60107529163360607 1.5000000000000002 0.47727273404598242 2.5000000000000004 1.5000000000000002 4.7388997077941903 9.1332817077636737 0.064976781606674208 0.51869320869445812 0.60801562666893016 1.5000000000000002 0.87428161501884472 0.93582704663276683 0.41430960595607763 0.58571431040763866 0.77485188841819774
decision_type=2 2 2 2 2 2 2 2 2 2 2 2 2 2 2 2 2 2 2 2 2 2 2 2 2 2 2 2 2 2
left_child=2 6 3 4 -1 9 10 8 18 12 -2 -12 -6 21 -9 -13 -17 19 26 28 -3 -8 -23 -24 -7 -16 -5 -28 -18 -19
right_child=1 20 -4 7 5 24 13 14 -10 -11 11 15 -14 -15 25 16 17 29 -20 -21 -22 22 23 -25 -26 -27 27 -29 -30 -31
leaf_value=-0.083829410871823162 0.0896720270587964 0.10003606356283445 -0.092796672926396276 0.021498946260853823 0.086315927296177791 0.20558117778505214 0.054426546382940505 0.27962785939328005 -0.088989921466425551 -0.052436036221058871 -0.076183062571436908 0.12156399417549002 -0.097015578267057881 0.093175718034865032 0.010674114157257213 -0.061736466507764765 -0.030257136927726708 0.027896075000109207 -0.021067195977574747 0.11987128180881307 0.02615299880797722 0.096905360452097355 0.06845914471422157 -0.043012813461797444 -0.047029191284330259 0.16621466147149194 0.36151878772289048 0.070696279316310923 0.068216685268113045 -0.035297703091512644
leaf_weight=3979.8654827115824 419.1776572894305 4283.1298344852403 5042.8296105772024 1045.2793597544078 468.20912146801129 177.75452442327514 1685.3785528130829 72.930791474645957 883.88265099655837 1575.2576292236336 719.21506040147506 193.78831126913428 130.63654773170128 1059.629613853991 248.22775656660087 618.83838783972897 360.01915747625753 702.4881723895669 850.74781640665606 344.72648455458693 457.77359261363745 192.49748088931665 281.72055254131556 877.97357012983412 39.353642817120999 120.60226044384763 45.796162817627192 369.29941401816905 411.12941471487284 1277.1508822324686
leaf_count=214883 4886 114051 312471 23148 11519 2570 24390 1165 41942 46841 9156 3191 3845 19461 4777 7334 4038 8261 30229 4465 7391 3431 3502 15200 528 1772 1337 3560 6417 13133
internal_value=-0.0061479 0.0455336 -0.0538255 -0.0341883 -0.0555319 -0.00843419 0.0209737 0.00320233 -0.00984125 -0.0252335 0.000226096 -0.00787653 0.0463227 0.0465287 0.0975391 0.00469392 -0.00140352 0.0106579 0.0204289 0.0524033 0.092902 0.0302563 0.000130361 -0.0159333 0.159792 0.0615337 0.0446027 0.102782 0.0222431 -0.012873
internal_weight=28935.3 13884.6 15050.7 10007.8 6371.08 2391.21 9143.73 3636.77 3195.01 2174.1 5046.53 4627.36 598.846 4097.2 441.761 3908.14 3714.35 3095.51 2311.12 1115.88 4740.9 3037.57 1352.19 1159.69 217.108 368.83 1460.37 415.096 771.149 1979.64
internal_count=948894 248307 700587 388116 280186 65303 126865 107930 100216 62205 60881 55995 15364 65984 7714 46839 43648 36314 58274 14920 121442 46523 22133 18702 3098 6549 28045 4897 10455 21394
is_linear=0
shrinkage=0.1


Tree=25
num_leaves=31
num_cat=0
split_feature=24 36 18 45 32 45 15 13 13 5 39 37 53 1 8 7 1 8 29 48 49 3 49 14 42 12 10 32 29 48
split_gain=6203.12 1428.23 1152.85 890.889 478.714 351.808 323.109 583.974 458.46 332.269 307.813 330.137 286.69 225.323 222.999 223.512 216.742 197.485 188.889 220.019 160.272 156.756 282.427 154.572 195.33 150.326 172.127 143.27 142.558 140.172
threshold=0.42877975106239324 1.0000000180025095e-35 1.0000000180025095e-35 0.52062702178955089 8.7522115707397479 0.27697922289371496 0.45550055801868444 0.29520697891712194 0.12701612710952762 0.42261904478073126 0.88194444775581371 1.0000000180025095e-35 0.080128207802772536 0.6647450625896455 2147483689.0000005 0.64760348200798046 0.83286681771278392 24.500000000000004 0.48273408412933355 0.080122649669647231 1.5000000000000002 0.99523812532424938 3.5000000000000004 4.5000000000000009 0.9173496961593629 0.54721674323081981 1.0000000180025095e-35 1.7195520401000979 0.35498340427875524 1.0000000180025095e-35
decision_type=2 2 2 2 2 2 2 2 2 2 2 2 2 2 2 2 2 2 2 2 2 2 2 2 2 2 2 2 2 2
left_child=2 4 3 6 10 17 8 -8 9 -1 11 23 -6 14 15 -9 -14 21 19 -5 27 -3 -23 -2 -25 26 -20 -11 -18 -7
right_child=1 5 -4 18 12 29 7 13 -10 20 -12 -13 16 -15 -16 -17 28 -19 25 -21 -22 22 -24 24 -26 -27 -28 -29 -30 -31
leaf_value=-0.072849218891401724 0.091364585194522313 0.016492281882395168 -0.091463283148509628 0.01931138308662202 0.11077637381439448 0.089937159434177474 -0.079325931665936628 0.05508943951119144 0.11575707941424998 0.072711919999137883 0.099620575886614243 -0.12202596242810045 -0.11479645082896157 0.067362196389229578 -0.072742444328710965 -0.053807638615538493 -0.06599026823088093 -0.00036961990029485897 0.013817221957037745 -0.083644798318685987 -0.020127090478411949 0.094645400596066964 -0.037915928825744016 0.014630822612856871 0.11277206998566601 0.18380677765608508 -0.096107966495153282 0.0071482513508655914 0.061729713095272636 -0.056839724959883757
leaf_weight=488.86883995193057 969.01094067748636 1257.2115076337941 4665.583126755897 222.07330309518147 177.24256417131983 70.008103815838695 1327.834275667672 534.97150092688389 405.26307283784263 653.07028630608693 4148.0126506928355 102.24372167792171 212.98218121333048 477.02225541649386 420.41893950011581 291.01006991439499 143.14259540266357 2520.0703532937914 363.80070706177503 3177.1702193254605 689.59658941649832 833.2855128319934 199.12769195437431 884.74743492947891 263.10834148339927 35.067173379240558 234.11685481737368 680.68068769900128 224.38516290346161 921.44906746037304
leaf_count=19358 16118 12628 295752 7524 3842 1249 45805 10069 6403 7625 116793 631 2487 7747 9462 6689 1763 32058 20652 203296 17837 16214 3896 8451 5523 1190 14342 13135 3585 36770
internal_value=-0.00590339 0.0446023 -0.0504154 -0.0312661 0.0745964 0.00776411 -0.00673468 -0.0294856 0.0170594 0.00113779 0.0835385 0.0534776 -0.000541201 0.00891463 -0.0134544 0.0167228 -0.0345289 0.0189449 -0.0675789 -0.0769186 0.0190141 0.0402035 0.0690775 0.0619544 0.0371265 -0.0174225 -0.0292244 0.0392515 0.0119861 -0.0464756
internal_weight=27592.6 12926 14666.5 10001 7124.88 5801.15 5968.74 3051.26 2917.48 2512.22 6367.12 2219.11 757.753 1723.42 1246.4 825.982 580.51 4809.7 4032.23 3399.24 2023.35 2289.62 1032.41 2116.87 1147.86 632.985 597.918 1333.75 367.528 991.457
internal_count=948894 262008 686886 391134 159193 102815 144130 79772 64358 57955 147516 30723 11677 33967 26220 16758 7835 64796 247004 210820 38597 32738 20110 30092 13974 36184 34994 20760 5348 38019
is_linear=0
shrinkage=0.1


Tree=26
num_leaves=31
num_cat=0
split_feature=43 43 16 18 29 18 12 30 1 39 15 21 12 32 11 32 43 13 15 51 15 46 49 1 31 16 43 13 3 5
split_gain=5335.98 1348.09 1052.06 519.726 488.694 323.772 381.01 316.187 281.383 236.373 235.179 232.385 221.331 205.089 202.847 185.538 183.713 183.405 258.669 226.793 178.991 158.608 197.967 150.063 152.101 149.604 145.609 142.138 130.982 125.25
threshold=0.60499799251556408 0.36397199332714086 0.90454545617103588 1.0000000180025095e-35 0.98690816760063182 1.0000000180025095e-35 0.82112231850624096 0.5744021236896516 0.75794735550880443 0.88194444775581371 0.82940685749053966 1.0000000180025095e-35 0.70740002393722545 8.7522115707397479 0.98190006613731395 2.460000872612 0.88523977994918834 0.10435571894049646 0.22511260956525805 0.84273937344551098 0.42194667458534246 0.090909108519554152 2.5000000000000004 0.77490171790122997 4.5213291645050058 0.41428571939468389 0.52064967155456554 0.21132376790046695 0.99523812532424938 1.0000000180025095e-35
decision_type=2 2 2 2 2 2 2 2 2 2 2 2 2 2 2 2 2 2 2 2 2 2 2 2 2 2 2 2 2 2
left_child=1 5 4 11 10 6 7 -1 9 -8 25 -3 -5 -4 15 16 -12 18 -13 29 21 22 -9 -14 26 -2 -25 -22 -17 -19
right_child=2 3 13 12 -6 -7 8 20 -10 -11 14 17 23 -15 -16 28 -18 19 -20 -21 27 -23 -24 24 -26 -27 -28 -29 -30 -31
leaf_value=-0.086206819942816981 0.026911052053394238 -0.018823736268356858 0.10168863907439685 -0.085153635644940093 0.086023003412497037 -0.096299000656059883 -0.067605936140515424 0.18234053435663497 0.13090483269744876 0.049729455930988244 -0.036795227020090228 0.016762308453441645 -0.060740247126971229 0.024020444311375115 0.1005540937174039 0.011624771538700313 0.044411063304336022 0.055038982240872614 -0.085155440658828463 0.10662358701042403 -0.092465728849902729 -0.021195778574983448 -0.021407866286341608 0.86536559560474413 0.013915168238351726 0.09315094893624544 0.17222433760377356 0.0954881853770259 0.10536227221156531 -0.0050767358922594631
leaf_weight=2755.3000984439859 1188.6667746631429 3151.7880262625404 3264.1556220147759 1207.6395960510708 1154.2711853925139 3147.4747945232084 429.90764583123382 102.78906341944821 147.57607632223517 285.84092885442078 1754.5319162234664 1004.8614303106442 343.24258286727127 379.51130094192922 194.37100630160421 1429.2240961305797 331.16976836696267 619.94048459758051 331.07286646869034 401.78565496439114 375.13787118834443 439.17190623865463 88.958826933987439 3.5150536511791897 316.90052280761302 478.10062066093087 21.994964780285954 45.069252576446161 166.42706727050245 785.98383550462313
leaf_count=191876 13715 64238 107480 67882 26939 237488 24492 3699 2280 7867 18371 18865 17406 7103 2097 14475 3440 9416 13086 6430 24977 26858 5413 354 10420 6713 243 1815 2669 10787
internal_value=-0.00563477 -0.041807 0.0503562 -0.0134515 0.0268281 -0.07151 -0.0548019 -0.0684053 0.0051763 -0.0207469 0.0145002 0.000364265 -0.0593907 0.093599 0.000991696 -0.00426508 -0.0239012 0.019602 -0.00849507 0.0403663 -0.0217426 0.0119343 0.0878142 -0.0140144 0.0328249 0.0459115 0.267733 -0.0723068 0.0214016 0.0214312
internal_weight=26346.4 16006 10340.4 8188.73 6696.76 7817.23 4669.75 3806.43 863.325 715.749 5542.49 6295.43 1893.29 3643.67 3875.72 3681.35 2085.7 3143.64 1335.93 1807.71 1051.13 630.92 191.748 685.653 342.411 1666.77 25.51 420.207 1595.65 1405.92
internal_count=948894 745892 203002 219127 88419 526765 289277 254638 34639 32359 61480 122822 96305 114583 41052 38955 21811 58584 31951 26633 62762 35970 9112 28423 11017 20428 597 26792 17144 20203
is_linear=0
shrinkage=0.1


Tree=27
num_leaves=31
num_cat=0
split_feature=24 39 43 18 19 32 15 45 15 13 13 28 15 43 32 14 1 43 30 15 29 48 48 41 14 51 5 10 14 48
split_gain=4630.4 1180.87 1104.07 580.146 425.981 402.049 286.171 346.729 246.863 489.68 310.438 216.8 214.613 273.305 275.769 206.785 201.957 313.833 196.958 204.098 188.43 170.326 160.226 197.102 159.105 185.707 151.348 144.888 161.605 161.361
threshold=0.42877975106239324 0.88194444775581371 0.34712071716785436 1.0000000180025095e-35 1.0000000180025095e-35 8.7522115707397479 0.47765946388244634 0.2962739765644074 0.40068027377128607 0.19292803853750232 0.098780486732721343 0.095454547554254546 0.99719101190567028 0.81087541580200206 5.1036133766174325 5.5000000000000009 0.90190932154655468 0.41430960595607763 0.5744021236896516 0.41517429053783422 0.37769094109535223 1.0000000180025095e-35 0.024800300598144535 0.76833632588386547 10.500000000000002 0.87570226192474376 0.47727273404598242 0.85424965620040905 5.5000000000000009 0.20923805236816409
decision_type=2 2 2 2 2 2 2 2 2 2 2 2 2 2 2 2 2 2 2 2 2 2 2 2 2 2 2 2 2 2
left_child=2 4 18 8 6 24 -2 12 10 -10 16 -7 13 14 -8 -16 -4 -18 21 -20 -13 -1 -11 26 -3 -26 -24 28 29 -6
right_child=1 5 3 -5 27 11 7 -9 9 22 -12 20 -14 -15 15 -17 17 -19 19 -21 -22 -23 23 -25 25 -27 -28 -29 -30 -31
leaf_value=0.0081817120445831001 0.14748012918498057 0.097725864290862358 -0.052494305271222556 -0.075433195659259933 0.1038940623797347 0.106461290578011 -0.020235131462729386 -0.059581394599772242 -0.088290689834689795 0.039289791248981187 0.10895008027125615 -0.086877374705770963 -0.054201790019957168 0.059671524210975518 0.06996155544841054 -0.024605050554222331 0.17668370140349204 0.0097715405403414959 -0.0039277302677552511 -0.085862607463763341 0.044522479741451737 -0.087875822631793166 -0.048732198447089085 0.078736980092157571 0.01073875358549304 0.10046027813660077 0.089592058451391621 0.13114986102129153 -0.0077044908009623481 0.0012008261042831677
leaf_weight=191.64246202842332 131.20952832966577 3403.7734509313013 473.07426383066922 1398.0880908191903 531.48987638426479 145.57574915396981 2072.6089363658102 879.39533456682693 829.10512194863986 761.37523847725242 333.65904289565515 270.21487443475053 485.29200050467625 1071.3058392219245 772.71806502144318 329.97027265094221 120.66511294827797 1695.4321107335854 692.14175063208677 542.16156201041304 183.07423854758963 5019.3495281048818 911.68104516225867 173.52969577000476 512.86353707266971 419.30045592039824 86.615613578935154 258.3637951137498 354.05371865979396 214.86448395380285
leaf_count=6077 2526 106099 14597 83764 8911 3529 29176 36439 32915 10402 4987 2898 5042 15626 10800 3118 3999 29153 41986 41556 3201 393999 19431 2772 9126 13648 1248 4240 3632 3997
internal_value=-0.00536235 0.039519 -0.046198 -0.0180372 0.0134079 0.0770934 0.00149413 -0.00191948 -0.00313602 -0.0239991 0.0188365 0.000289785 0.00879666 0.015996 0.00126039 0.0416633 0.00570199 0.0208615 -0.0758354 -0.0399172 -0.0338077 -0.0843432 0.00357403 -0.0196317 0.0877013 0.0510968 -0.0367307 0.0637585 0.0479357 0.0743302
internal_weight=25264.6 12036.1 13228.5 6783.23 7101.27 4934.8 5742.5 5611.29 5385.14 2762.31 2622.83 598.865 4731.9 4246.6 3175.3 1102.69 2289.17 1816.1 6445.3 1234.3 453.289 5210.99 1933.2 1171.83 4335.94 932.164 998.297 1358.77 1100.41 746.354
internal_count=948894 262008 686886 203268 123507 138501 102727 100201 119504 66768 52736 9628 63762 58720 43094 13918 47749 33152 483618 83542 6099 400076 33853 23451 128873 22774 20679 20780 16540 12908
is_linear=0
shrinkage=0.1


Tree=28
num_leaves=31
num_cat=0
split_feature=45 16 18 12 5 15 8 1 30 12 3 39 49 5 12 13 49 50 13 7 8 43 30 46 4 14 29 7 2 46
split_gain=3999.15 1178.11 886.118 519.206 767.827 327.567 314.639 274.144 253.108 250.42 294.618 215.898 192.858 186.518 181.913 179.585 169.714 155.992 151.844 151.671 175.746 225.395 150.778 143.216 140.536 140.499 138.981 277.978 136.174 135.836
threshold=0.24970078468322757 0.90454545617103588 1.0000000180025095e-35 0.78100872039794933 0.43650794029235845 0.4853654950857163 5.5000000000000009 0.75794735550880443 0.58538314700126659 0.60891634225845348 0.99523812532424938 0.88194444775581371 1.5000000000000002 0.11805555596947671 0.98351600766181957 0.21807064861059192 3.5000000000000004 1.5000000000000002 0.11651583760976793 0.53907206654548656 33.500000000000007 0.40720972418785101 0.49598883092403417 1.0000000180025095e-35 0.83752357959747326 6.5000000000000009 0.63554948568344127 0.92052632570266735 0.7927781641483308 1.0000000180025095e-35
decision_type=2 2 2 2 2 2 2 2 2 2 2 2 2 2 2 2 2 2 2 2 2 2 2 2 2 2 2 2 2 2
left_child=1 6 3 4 24 16 9 11 -3 12 26 -5 29 -9 -8 -7 18 19 23 20 21 -13 -21 -6 -2 -15 -11 -28 -29 -1
right_child=2 8 -4 7 5 15 14 13 -10 10 -12 17 -14 25 -16 -17 -18 -19 -20 22 -22 -23 -24 -25 -26 -27 27 28 -30 -31
leaf_value=0.075643586918526615 -0.085538603783739425 0.035747284058075125 -0.086223451759475087 -0.051089341171809015 0.064835230185049705 -0.089444467599962066 -0.0064486760934552015 0.1450530175294085 0.09903815157605507 0.046803230191600369 0.094534607058414794 0.2505071833053209 -0.068088930566400571 0.063088283667132011 0.055202676970912558 0.030148911067578932 -0.046465340416741358 -0.080816105229938359 0.18723900232520027 -0.019359551956452878 -0.077289428491286186 0.057835535681794975 0.1444643811694494 0.00064514297851893387 0.020947246460303715 -0.032473882894887625 0.092197373348311254 0.061195845685889497 -0.09560149395975695 -0.038066944871882502
leaf_weight=275.39030336588621 2775.6251069196733 825.40338938566856 3743.3784779735142 840.33028347231448 528.38909610267729 579.77623645437416 4632.2537375735119 180.27973760652822 2694.7768772020936 1097.2071949685924 1056.3452822408872 87.338671618141234 336.01747466879897 455.01261253864504 533.75269556045532 160.27044723636936 371.11170354415663 139.8890850150492 58.134775586193427 477.95551583974157 55.888581989100203 199.19315322674811 63.663249516859651 1015.7501068480778 129.7307888668729 232.44787543290295 163.00903376052156 68.580027869669721 287.94684608886018 169.84553850267548
leaf_count=3620 201192 16328 305372 39729 7371 33108 76483 2925 102172 14301 27566 2866 9360 7019 6682 3082 20638 2748 1286 10144 1185 2133 987 30100 7844 2947 2063 648 1798 5197
internal_value=-0.00509461 0.0354501 -0.0457948 -0.0276719 -0.0450589 -0.00680724 0.0155436 0.00808722 0.0841979 0.0389072 0.0534631 -0.0135246 -0.0108967 0.0545182 -7.88474e-05 -0.0635444 0.01447 0.0173045 0.0285835 0.032831 0.0849243 0.116564 -0.000103269 0.0226104 -0.0807838 0.0307763 0.0266279 -0.0159803 -0.0654406 0.0322661
internal_weight=24234.7 12140.5 12094.2 8350.79 5618.79 2713.43 8620.35 2732 3520.18 3454.34 2673.09 1864.26 781.253 867.74 5166.01 740.047 1973.39 1023.93 1602.27 884.039 342.42 286.532 541.619 1544.14 2905.36 687.46 1616.74 519.536 356.527 445.236
internal_count=948894 266218 682676 377304 304621 95585 147718 72683 118500 64553 46376 59792 18177 12891 83165 36190 59395 20063 38757 17315 6184 4999 11131 37471 209036 9966 18810 4509 2446 8817
is_linear=0
shrinkage=0.1


Tree=29
num_leaves=31
num_cat=0
split_feature=45 16 18 46 12 43 30 29 5 49 39 7 15 49 32 50 15 13 13 32 2 49 5 1 4 4 29 8 12 28
split_gain=3424.35 1110.91 824.704 455.934 599.334 305.099 277.88 272.388 237.921 237.632 214.087 180.735 171.326 169.587 166.254 161.912 142.174 233.028 158.178 137.598 128.7 133.032 123.099 151.577 146.999 120.548 241.703 117.329 114.007 110.842
threshold=0.27697922289371496 0.90454545617103588 1.0000000180025095e-35 0.11116036772727968 0.78100872039794933 0.7804861068725587 0.58538314700126659 0.98690816760063182 0.47727273404598242 3.5000000000000004 0.88194444775581371 0.86159002780914318 0.86696165800094616 5.5000000000000009 8.9894409179687518 1.5000000000000002 0.51869320869445812 0.098780486732721343 0.19292803853750232 5.4786596298217782 0.94791099429130565 1.5000000000000002 0.069047622382640853 0.77069172263145458 0.4401834905147553 0.50944742560386669 0.03271185606718064 5.5000000000000009 0.79912281036376964 0.78888890147209179
decision_type=2 2 2 2 2 2 2 2 2 2 2 2 2 2 2 2 2 2 2 2 2 2 2 2 2 2 2 2 2 2
left_child=1 5 3 9 8 11 22 12 -5 16 25 27 -7 14 19 -12 17 -2 -18 20 -13 -22 24 -24 -3 -6 -27 -1 -15 -14
right_child=2 6 -4 4 10 7 -8 -9 -10 -11 15 13 29 28 -16 -17 18 -19 -20 -21 21 -23 23 -25 -26 26 -28 -29 -30 -31
leaf_value=0.033165605987266242 0.034403216087206742 0.00043691687215053162 -0.087260095357304224 -0.084644361269703428 -0.064168206805073152 0.067752640134259953 0.097111791502607944 0.10355990736646742 -0.027991572506561032 -0.051010489282189458 0.041354643112669343 -0.0014751911200225954 0.017757387931592351 -0.086343920775639765 -0.035469892143959639 -0.073771483977519398 -0.088549171579923619 0.17316633971724951 0.051105868643684819 0.075198377678559081 0.088097138912432177 -0.0019916585292999128 -0.11238750206088073 0.02734720914326122 0.11409331125732312 0.18326339471805797 -0.024244360790170734 -0.023296800197179304 0.049847554743948502 -0.058031673583692892
leaf_weight=424.17105181317311 987.41615937603638 195.69282607664354 3308.3391073177336 2430.9079417379107 587.63597196910996 648.17176968511194 2503.4996144333854 553.46517010964453 1066.5279944927897 417.93875501933508 1048.8789958661655 1020.2849072137615 1260.4176697228104 235.94734161533415 377.54490143666044 138.2640881948173 174.35314907738939 137.92535177012905 151.637905483949 649.40868892695289 436.06027825048659 262.63798936468083 104.70828125043772 300.17378066014498 271.91513488045894 64.549474919796921 430.47374803863931 2780.7706162622198 83.118169694207609 227.85652350634336
leaf_count=8308 20131 2108 300092 194827 32778 8444 103104 18598 50220 23207 19985 14044 13453 6588 7294 2848 10097 2251 2655 10351 7190 6139 1014 7070 7241 1903 8569 55200 1115 2070
internal_value=-0.00483872 0.0312866 -0.0455552 -0.0274876 -0.0413985 0.0128659 0.0801749 0.0410389 -0.0673683 0.0154316 -0.00138271 0.00077926 0.0248423 0.0181406 0.0261588 0.0279461 0.0345648 0.0514105 -0.0235873 0.035983 0.021168 0.0542331 0.0315765 -0.00879018 0.0665284 -0.033542 0.002814 -0.0158241 -0.0508654 0.00615399
internal_weight=23280.7 12335.8 10944.8 7636.51 5767.24 8959.86 3375.99 2689.91 3497.44 1869.27 2269.8 6269.94 2136.45 3065 2745.94 1187.14 1451.33 1125.34 325.991 2368.39 1718.98 698.698 872.49 404.882 467.608 1082.66 495.023 3204.94 319.066 1488.27
internal_count=948894 279331 669563 369471 311130 158794 120537 42565 245047 58341 66083 116229 23967 52721 45018 22833 35134 22382 12752 37724 27373 13329 17433 8084 9349 43250 10472 63508 7703 15523
is_linear=0
shrinkage=0.1


Tree=30
num_leaves=31
num_cat=0
split_feature=24 16 18 43 32 29 32 42 13 14 16 29 12 12 19 30 31 42 48 46 13 10 17 1 1 8 29 51 53 42
split_gain=3019.57 933.493 916.946 565.167 372.321 359.315 294.586 270.597 403.384 281.802 313.938 264.994 220.171 197.34 184.61 184.347 182.633 181.094 166.723 197.803 178.769 254.387 165.85 163.062 143.505 139.906 138.572 138.138 172.175 137.342
threshold=0.4256692379713059 0.90454545617103588 1.0000000180025095e-35 0.31942778825759893 8.7522115707397479 0.031089915893971923 8.9894409179687518 0.9136645793914796 0.21807064861059192 6.5000000000000009 0.44949495792388922 0.61890679597854625 0.97748586535453807 0.82112231850624096 1.0000000180025095e-35 0.5744021236896516 9.5042500495910662 0.95553359389305126 0.024800300598144535 0.095238119363784804 0.12701612710952762 1.0000000180025095e-35 1.5000000000000002 0.94476571679115307 0.81968975067138683 2147483689.0000005 0.98690816760063182 0.91545841097831737 0.72077924013137828 0.63702240586280834
decision_type=2 2 2 2 2 2 2 2 2 2 2 2 2 2 2 2 2 2 2 2 2 2 2 2 2 2 2 2 2 2
left_child=2 5 3 13 -3 -2 7 9 -9 10 12 -10 14 15 26 -1 18 -13 25 20 21 -20 -12 27 -6 -5 -7 28 -11 -15
right_child=1 4 -4 16 24 6 -8 8 11 23 22 17 -14 29 -16 -17 -18 -19 19 -21 -22 -23 -24 -25 -26 -27 -28 -29 -30 -31
leaf_value=-0.086232294516867702 0.13271870309525563 0.093754736119964766 -0.086804227135687001 0.055681490361204927 -0.078834078912595154 -0.015185241259669247 -0.054647475328858552 -0.042801996595536719 0.14516227594619954 -0.027746609918015835 0.1234555671779447 -0.011402368090967263 0.13274131838450623 -0.023059159404096915 0.061737478808408297 -0.027160521398330081 0.032400295854302756 0.074547321756932655 0.018605893484995816 -0.041873206580667961 0.096687318627149355 -0.087945286550546523 -0.0021779310626916285 0.064411211467710325 0.03830827224187483 -0.043162013229941835 0.099143352188562309 0.11461419700721404 -0.11273982213375361 0.11969876129168269
leaf_weight=1793.8833691659383 249.53008652629796 2647.4740247866139 3109.6523925170186 548.72601795999799 164.96270152903162 2177.6207080575405 631.29957196000032 384.14450837986078 372.61211081175134 1147.0221241608961 402.84296542289667 353.83192334522028 134.52266542054713 391.84350499988068 430.79772795410827 748.81975684454665 1112.5425692570861 798.02215009846259 916.30927970039193 2080.8379377191886 190.77815042284783 296.59413624787703 142.15537478588521 168.07135032583028 285.68802140909247 193.76558573823422 111.44026324048173 56.033044564072043 300.85806826269254 81.389073204481974
leaf_count=174895 5296 112121 293734 7735 2133 41651 13395 14465 5595 11397 6740 3890 1939 21990 6073 55111 15167 23516 18979 71525 3603 16180 1810 2466 6151 2700 3351 1188 1971 2127
internal_value=-0.00457107 0.0329626 -0.0404476 -0.023195 0.0794522 0.01464 0.0107689 0.0166854 0.0487805 0.0046064 0.0211384 0.071858 0.00785948 -0.0578004 0.00168289 -0.0688358 -0.00364891 0.0481449 -0.013137 -0.0223046 0.00670417 -0.00744932 0.0906858 -0.0290055 -0.00457221 0.0298866 -0.00961929 -0.0394454 -0.0454075 0.00149311
internal_weight=22424.1 10958.9 11465.1 8355.49 3098.12 7860.8 7611.27 6979.97 1908.61 5071.36 3399.38 1524.47 2854.38 3015.94 2719.86 2542.7 5339.55 1151.85 4227.01 3484.52 1403.68 1212.9 544.998 1671.98 450.651 742.492 2289.06 1503.91 1447.88 473.233
internal_count=948894 265148 683746 390012 120405 144743 139447 126052 47466 78586 61564 33001 53014 254123 51075 230006 135889 27406 120722 110287 38762 35159 8550 17022 8284 10435 45002 14556 13368 24117
is_linear=0
shrinkage=0.1


Tree=31
num_leaves=31
num_cat=0
split_feature=45 16 18 46 12 30 43 15 12 13 39 29 14 16 12 31 12 17 16 36 32 35 50 10 24 11 47 10 10 11
split_gain=2573.4 904.106 736.421 358.2 513.844 274.164 254.966 231.702 301.185 200.036 193.367 178.095 171.472 401.157 213.812 166.858 151.261 143.282 206.283 140.74 136.763 133.368 130.711 119.834 111.321 109.157 111.006 105.945 99.5678 94.8443
threshold=0.27697922289371496 0.90454545617103588 1.0000000180025095e-35 0.15789476037025454 0.76011696457862865 0.64006173610687267 0.88523977994918834 0.51869320869445812 0.47087103128433233 0.21807064861059192 0.88194444775581371 0.48587501049041754 8.5000000000000018 0.43650794029235845 0.97748586535453807 9.3015174865722674 0.69779551029205333 1.5000000000000002 0.64583334326744091 1.0000000180025095e-35 6.5419886112213144 1.0000000180025095e-35 1.5000000000000002 1.0000000180025095e-35 0.59972983598709118 0.76606327295303356 0.14223158359527591 1.0000000180025095e-35 0.76190578937530529 0.99004951119422924
decision_type=2 2 2 2 2 2 2 2 2 2 2 2 2 2 2 2 2 2 2 2 2 2 2 2 2 2 2 2 2 2
left_child=1 6 3 7 11 -3 12 8 23 -9 -6 -5 13 14 15 16 27 -15 -19 -18 -13 29 -12 -2 -4 -17 -27 -1 -29 -14
right_child=2 5 24 4 10 -7 -8 9 -10 -11 22 20 21 17 -16 25 19 18 -20 -21 -22 -23 -24 -25 -26 26 -28 28 -30 -31
leaf_value=-0.0023058868562319998 0.020914523353148841 0.031116759091369146 -0.088389131696220924 -0.083411565798297185 -0.035462533910779415 0.096477955083190584 0.068245696996351524 -0.089083670769496637 0.14473571984005992 0.026322028669439803 0.035433959140849153 -0.03655150922829304 -0.019797639479622285 0.092967497344947608 0.098733729047165639 0.050732246511418472 0.045200841513772211 -0.073800971115243544 0.08726684188745909 -0.012005075766236988 0.13082861348703051 -0.10395835373781925 -0.071159730541626595 -0.083968452685111106 0.025642439157978709 -0.018722153075628231 0.062794989191339634 -0.067619647376773867 0.076793367419299499 0.15792393379380987
leaf_weight=493.93575094896369 1331.9614055355778 944.1551432874985 2732.8976700149942 2056.5855833609821 1045.8644229338388 2003.7093704948202 723.54948239307851 379.26759058760945 194.90056491806172 248.67195579432882 1043.31692282937 555.19283210707363 906.44466842524707 739.59070890792646 218.88089532253798 800.82671101600863 564.91844074754044 147.77310118684545 172.13995257508941 1801.6098006223328 53.521667215623893 199.4704416054301 129.296920034918 118.6381720880745 88.37863818090409 712.90404013241641 218.17410020390525 871.02677723683883 50.511233837925829 31.057161799166352
leaf_count=10629 35648 21909 297387 191892 47801 98628 15042 25533 3432 4343 20443 26814 9310 14655 3444 11632 9193 1563 3199 29967 2817 1434 2834 7914 2705 9680 2799 34711 1160 376
internal_value=-0.0043132 0.0277146 -0.0415477 -0.0244915 -0.0397551 0.0755438 0.01142 0.00829736 0.0280186 -0.0433816 -0.00420148 -0.0693483 0.00623467 0.0122512 0.00180359 -0.00204417 -0.013816 0.0687815 0.012867 0.00165066 -0.0218345 -0.0297082 0.0236805 0.0123366 -0.084817 0.0236623 0.000379283 -0.0396747 -0.0597041 -0.0139102
internal_weight=21579.2 11600.7 9978.49 7157.22 4883.78 2947.86 8652.81 2273.44 1645.5 627.94 2218.48 2665.3 7929.26 6792.29 5732.79 5513.91 3782 1059.5 319.913 2366.53 608.714 1136.97 1172.61 1450.6 2821.28 1731.9 931.078 1415.47 921.538 937.502
internal_count=948894 279331 669563 369471 292601 120537 158794 76870 46994 29876 71078 221523 143752 132632 113215 109771 85660 19417 4762 39160 29631 11120 23277 43562 300092 24111 12479 46500 35871 9686
is_linear=0
shrinkage=0.1


Tree=32
num_leaves=31
num_cat=0
split_feature=24 18 16 43 32 29 15 43 29 15 13 14 12 29 15 45 32 14 28 41 8 28 28 31 1 43 42 7 10 42
split_gain=2248.32 781.856 780.08 430.579 347.415 320.719 289.784 315.124 288.697 164.89 370.279 207.758 161.153 165.496 161.002 157.895 156.347 179.229 153.812 183.301 151.927 195.118 150.765 166.544 149.144 276.76 121.645 120.253 117.52 108.601
threshold=0.41599999368190771 1.0000000180025095e-35 0.90454545617103588 0.31942778825759893 8.4771885871887225 0.031089915893971923 0.5313907563686372 0.74777555465698253 0.98690816760063182 0.36773157119750982 0.18019481003284457 1.5000000000000002 0.86501669883728038 0.40865744650363928 0.82940685749053966 0.34188887476921087 3.6502132415771489 5.5000000000000009 0.47727273404598242 0.6696164906024934 2147483689.0000005 0.32051283121109014 0.087121214717626586 8.8637833595275897 0.87811535596847545 0.40720972418785101 0.7228132188320161 0.58411949872970592 0.88265812397003185 0.83935481309890758
decision_type=2 2 2 2 2 2 2 2 2 2 2 2 2 2 2 2 2 2 2 2 2 2 2 2 2 2 2 2 2 2
left_child=1 3 5 12 -4 -2 -7 15 14 11 -11 24 13 28 -9 16 -8 18 -18 -20 27 26 -6 -24 -5 -26 -22 -12 29 -1
right_child=2 -3 4 9 22 6 7 8 -10 10 20 -13 -14 -15 -16 -17 17 -19 19 -21 21 -23 23 -25 25 -27 -28 -29 -30 -31
leaf_value=-0.087057219238338368 0.12279399336164394 -0.084965721035230229 0.09043949151256736 -0.055983943675010417 0.094678847673408131 0.10598260859159528 -0.028130324429716476 0.062988577840650775 0.097235176555572067 -0.087394407115848852 0.05006850909373381 0.099958342355926766 0.01123906839207691 -0.018381247324146237 0.0020371828937781312 -0.055108391224397951 -0.012160148271824978 -0.027120577591588726 0.18009617507311459 0.044027329114706457 -0.089975779858336213 0.044154641699876658 -0.082627735215334785 0.062006497016921069 0.13210860358114021 0.0029039245703668913 0.11329649769204589 -0.012251464779942895 0.17666715692022192 0.030438454788076687
leaf_weight=1636.6329840224935 253.83013683289755 2570.1017290084274 2281.1553652054863 349.03556652832776 118.60160459030885 292.97360337909777 1513.6578214913607 550.46652180794626 511.2683693729341 650.46937725960743 653.49907729006372 251.45993415778503 334.09800146112684 614.54118057421874 2037.3895579250529 751.98093857074855 396.90246338979341 642.59576951502822 116.3216768266866 664.94400037371088 416.9929048292106 195.15259213012177 243.07099517993629 118.3898164939601 182.86698202160187 1774.813433290692 31.676509998040274 588.42257008864544 17.827707163989544 82.63847714883741
leaf_count=181113 5935 287312 111587 14827 3561 6110 25763 7762 20247 36036 11978 4251 14931 47095 22317 40782 6577 6269 1757 10179 11146 3524 3348 2769 6429 31067 564 13895 1578 8185
internal_value=-0.00407659 -0.0371461 0.0285412 -0.0213492 0.0741673 0.0122481 0.00849605 0.00452125 0.0285684 -0.004268 -0.0223365 0.0136454 -0.0537494 -0.0629823 0.0150022 -0.0137161 -0.00438122 0.0153621 0.038533 0.0642865 0.00010455 -0.0393176 -0.0031546 -0.0352555 0.00423626 0.0149729 -0.0756246 0.0205413 -0.0787611 -0.0814097
internal_weight=20843.8 10350.2 10493.5 7780.13 2761.22 7732.33 7478.5 7185.53 3099.12 5094.39 2536.21 2558.18 2685.74 2351.64 2587.86 4086.4 3334.42 1820.76 1178.17 781.266 1885.74 643.822 480.062 361.461 2306.72 1957.68 448.669 1241.92 1737.1 1719.27
internal_count=948894 673931 274963 386619 121265 153698 147763 141653 50326 133717 77143 56574 252902 237971 30079 91327 50545 24782 18513 11936 41107 15234 9678 6117 52323 37496 11710 25873 190876 189298
is_linear=0
shrinkage=0.1


Tree=33
num_leaves=31
num_cat=0
split_feature=43 43 16 29 18 31 48 48 40 18 53 32 47 45 43 15 13 1 42 46 49 53 52 5 42 53 29 13 40 6
split_gain=1910.99 728.558 627.048 316.368 308.382 298.413 262.176 248.052 251.96 218.951 196.747 174.254 155.906 162.326 144.103 131.98 140.516 122.51 128.606 119.944 180.782 127.814 461.023 124.869 132.382 114.368 114.344 107.366 162.566 120.458
threshold=0.63589584827423107 0.34712071716785436 0.90454545617103588 0.98690816760063182 1.0000000180025095e-35 9.3015174865722674 0.0047619640827178964 0.13062736392021182 0.72438782453536998 1.0000000180025095e-35 0.32051283121109014 8.5607156753540057 0.14223158359527591 0.074970155954360976 0.38873073458671575 0.4853654950857163 0.11269841343164445 0.7542615830898286 0.2522727251052857 0.11009162664413454 3.5000000000000004 0.11805555596947671 0.51191151142120372 0.47727273404598242 0.64075469970703136 0.37980769574642187 0.48587501049041754 0.087595909833908095 0.88185438513755809 1.5000000000000002
decision_type=2 2 2 2 2 2 2 2 2 2 2 2 2 2 2 2 2 2 2 2 2 2 2 2 2 2 2 2 2 2
left_child=1 4 3 12 7 6 -3 17 26 19 -7 -4 13 -2 -12 16 -10 18 -1 20 -8 22 -21 -23 -25 -18 -9 -16 29 -29
right_child=2 5 11 -5 -6 10 9 8 15 -11 14 -13 -14 -15 27 -17 25 -19 -20 21 -22 23 -24 24 -26 -27 -28 28 -30 -31
leaf_value=0.10330708250948509 0.010803579623083731 0.024925788441880252 0.095375833878280247 0.079324125389563294 -0.09309921144006042 -0.079410651809422236 0.022137479861190967 -0.078455495915784712 0.0062625175737665564 -0.064525564964233229 0.17847533357899584 0.012883877658092978 0.035460622456276653 -0.039027178961890313 0.0075607140824963254 -0.061838628206298145 0.54236044936602723 0.13485580223149582 -0.028677969039308859 -0.044107976556849969 -0.057355431650599947 -0.074144255357013647 0.14618176078001868 0.091076253098619012 -0.033961221091041938 0.11769665282557029 0.026311847452373666 0.20437076515695329 0.14121874607761847 0.017427747279610818
leaf_weight=96.798455726006068 2235.9020523168147 1110.1571542973397 1757.5242373691872 737.17438820376992 1665.8236551616574 156.04022159636952 1249.6574965063483 1718.7975533631397 433.06238793116063 1278.8433056956856 70.077529075264465 299.74217788130045 1491.5167328123935 923.82379896938801 827.2826593273785 254.89765307505149 7.1414184930035836 84.628376641543582 311.08648796810303 493.19321804703213 371.02647552092094 824.7261943758931 171.62344374414533 97.211031397921033 656.54767036240082 56.641759637044743 110.89600050519221 37.254597238847055 184.85551833314821 460.84129193413537
leaf_count=4021 24418 16362 104391 25907 225766 4965 27125 195440 29623 97310 3003 7085 18773 12217 9162 22998 318 2101 14259 13227 16800 24352 3852 2411 19581 1350 8537 827 3841 8872
internal_value=-0.00385047 -0.027389 0.0363908 0.0184595 -0.0584495 -0.00896188 -0.0191461 -0.0396723 -0.0520803 -0.0286597 0.0277138 0.0833568 0.00881305 -0.00376567 0.0382913 -0.00333983 0.0266719 0.0253623 0.00264446 -0.0167894 0.00393901 -0.0317647 0.00501561 -0.0472556 -0.0178353 0.165244 -0.0721056 0.0317865 0.0611321 0.03141
internal_weight=20174.8 12729.1 7445.68 5388.42 4739.77 7989.34 6252.99 3073.95 2581.44 5142.83 1736.35 2057.27 4651.24 3159.73 1580.31 751.743 496.846 492.513 407.885 3863.99 1620.68 2243.3 664.817 1578.48 753.759 63.7832 1829.69 1510.23 682.951 498.096
internal_count=948894 756103 192791 81315 504413 251690 221020 278647 258266 204658 30670 111476 55408 36635 25705 54289 31291 20381 18280 107348 43925 63423 17079 46344 21992 1668 203977 22702 13540 9699
is_linear=0
shrinkage=0.1


Tree=34
num_leaves=31
num_cat=0
split_feature=24 15 16 16 32 30 12 29 32 13 15 45 32 42 42 8 5 6 12 5 43 4 28 29 3 32 29 32 5 8
split_gain=1648.54 666.404 670.92 652.457 340.301 313.79 300.842 279.512 269.305 258.628 247.842 211.867 264.369 203.442 202.564 263.302 174.903 292.023 161.143 155.659 158.412 181.418 152.639 276.768 152.393 256.81 183.335 149.619 370.786 148.852
threshold=0.4036035835742951 0.32779997587203985 0.44949495792388922 0.90454545617103588 5.4667701721191415 0.55733734369277965 0.62303319573402416 0.031089915893971923 9.1332817077636737 0.098780486732721343 0.5313907563686372 0.11686769127845766 4.56504249572754 0.94201681017875682 0.60660174489021312 2147483689.0000005 0.47727273404598242 2.5000000000000004 0.92970100045204174 0.095454547554254546 0.42161169648170477 0.74443346261978161 0.087121214717626586 0.34503801167011267 0.95293468236923229 1.7195520401000979 0.66371718049049389 1.5308482050895693 0.72077924013137828 2147483689.0000005
decision_type=2 2 2 2 2 2 2 2 2 2 2 2 2 2 2 2 2 2 2 2 2 2 2 2 2 2 2 2 2 2
left_child=1 5 18 7 -5 -1 -4 -2 10 -7 -9 13 -13 24 15 -8 -14 -18 -3 20 21 -16 -6 -24 26 27 -12 29 -29 -26
right_child=3 2 6 4 22 9 14 8 -10 -11 11 12 16 -15 19 -17 17 -19 -20 -21 -22 -23 23 -25 25 -27 -28 28 -30 -31
leaf_value=-0.06657262415809273 0.11005694708774715 -0.083075054134928397 -0.072848004189182872 0.098749628644532433 0.09801644383544228 0.0067116705056038967 0.029571074179496337 0.10113000464581448 -0.056994964840737052 0.12543222789827646 0.011643702971868345 -0.046325345523782806 -0.02418115490632718 0.06638388648277975 0.33533597493415501 -0.07493252736120419 0.1535260661261586 0.0072379969499037607 -0.0048744731066689834 0.014798355244204905 0.12362771338998335 1.4127829526949696 -0.060483719581118513 0.059163457865342654 0.10824518743379857 0.10544770787231793 -0.062310905481008351 0.12645671322060589 -0.39034626689007906 0.0059454438108312996
leaf_weight=566.0243793122936 268.39186729845824 3724.0856997187366 499.18153582076775 1497.2354490616126 213.60414481861517 2626.927786564047 898.33361019770382 297.7271977144992 618.69000199344009 197.27431515551871 1014.1561225214973 1300.3892132744077 494.75638768303907 813.80701811786275 23.628781493753198 329.53946098632878 203.95562792988494 412.3330003246665 283.57207399059553 99.350820045627188 90.71448178216815 1.6734255173942063 366.98280800308567 408.59093108715024 160.82572791539133 362.57367187412456 500.70709380216431 26.022057842696086 29.758967200294137 1230.4447125883307
leaf_count=54960 6988 408183 53856 92894 6850 83294 21643 6514 16616 5071 9759 38658 17658 25339 1224 11553 4628 9969 16352 2516 1979 56 6095 16489 4090 7519 3391 352 150 14248
internal_value=-0.00363374 -0.0340018 -0.0541641 0.0241178 0.0686794 0.00138454 -0.00593079 0.00979261 0.00618832 0.0150045 0.0118971 0.00784093 -0.01572 0.0215702 0.0172142 0.00152415 0.0201011 0.0556508 -0.0775418 0.106668 0.185341 0.406596 0.0231646 0.0025493 0.0106002 0.0301892 -0.0128005 0.0113324 -0.149256 0.0177709
internal_weight=19561.3 9340.31 5950.08 10221 2486.41 3390.23 1942.42 7734.54 7466.15 2824.2 6847.46 6549.73 2411.43 4138.3 1443.24 1227.87 1111.05 616.289 4007.66 215.368 116.017 25.3022 989.178 775.574 3324.49 1809.63 1514.86 1447.05 55.781 1391.27
internal_count=948894 660687 517362 288207 122328 143325 92827 165879 158891 88365 142275 135761 70913 64848 38971 33196 32255 14597 424535 5775 3259 1280 29434 22584 39509 26359 13150 18840 502 18338
is_linear=0
shrinkage=0.1


Tree=35
num_leaves=31
num_cat=0
split_feature=45 16 18 30 1 12 29 15 48 40 16 32 42 29 32 3 32 47 43 29 4 7 42 29 36 30 33 21 29 24
split_gain=1433.57 564.456 557.992 253.533 249.648 461.436 190.775 175.837 174.511 170.3 181.045 166.887 167.893 164.683 167.708 159.641 191.656 169.05 156.217 153.041 146.274 115.427 110.492 141.563 101.954 97.2113 95.187 93.1251 91.9951 88.9705
threshold=0.24970078468322757 0.90454545617103588 1.0000000180025095e-35 0.64006173610687267 0.90615773200988781 0.69100430607795726 0.53146395087242138 0.4853654950857163 0.0047619640827178964 0.85584414005279552 0.41428571939468389 8.4771885871887225 0.22401432693004611 0.67496943473815929 8.9894409179687518 0.93957650661468517 1.7195520401000979 0.87077999114990245 0.88523977994918834 0.48587501049041754 0.59417229890823375 0.83935481309890758 0.86576575040817272 0.39376124739646917 1.0000000180025095e-35 0.61914592981338512 6.7900164127349862 1.0000000180025095e-35 0.41509692370891577 0.50036159157753002
decision_type=2 2 2 2 2 2 2 2 2 2 2 2 2 2 2 2 2 2 2 2 2 2 2 2 2 2 2 2 2 2
left_child=1 9 4 -3 5 19 -6 -8 -4 15 13 22 -13 14 -11 17 28 21 24 -2 -19 -1 27 -24 -15 -16 -21 -7 -17 -10
right_child=2 3 8 -5 6 11 7 -9 29 10 -12 12 -14 18 25 16 -18 20 -20 26 -22 -23 23 -25 -26 -27 -28 -29 -30 -31
leaf_value=-0.049563425787232093 -0.084400409144439636 0.022284933446485831 0.072808038025047192 0.092565362812561197 0.069582545779703769 -0.013731575932412305 0.0095268489097317145 -0.074216259295929649 -0.088030073458784067 0.082569047452115962 0.068636754720381943 0.050119637405121868 -0.049654151385323593 0.019996296015548119 -0.083036390670911078 0.22388566590225567 0.088671354493491658 -0.031487233784622072 0.077504294216666048 -0.064426534257681814 0.13868309734215487 -0.0058210887875266041 0.25687081367077919 0.026368841518489367 -0.024606856900243446 0.10032021538571012 0.023058120132499641 0.038887795523750754 -0.0038467795997973587 -0.020739055846061245
leaf_weight=1129.5391847082647 1461.6326639963081 804.14482429577038 76.238685895921662 1419.151848359732 427.89614637114573 730.53684752032859 1460.2174373489106 302.71087548788637 1923.3075372291496 547.8501807594439 759.03074670233764 204.39512098039268 964.53490458824672 846.88548150274437 113.1125967715634 18.098361189244315 340.05952789774165 86.595891073928215 243.64481808524579 245.95950979751069 121.22463381919079 1294.7559209113242 42.755606906022877 70.705522448290139 1297.834927100339 38.844979569548741 251.58207408990711 623.30621139629511 891.89987756905612 218.84315539617091
leaf_count=22668 175588 20599 5617 97901 19749 25025 38971 17180 289282 7903 20119 7223 46683 17921 1603 252 6950 2844 7128 16957 2322 18766 787 1060 25004 491 9878 18203 13747 10473
internal_value=-0.00341483 0.022742 -0.0323256 0.0671456 -0.0180929 -0.0313361 0.00968553 -0.00485261 -0.0758644 0.0099696 0.0248804 -0.00401872 -0.032208 0.0141256 0.0567869 -0.00480685 0.0246185 -0.0187817 0.00162557 -0.0680938 0.0677755 -0.0262017 0.0184384 0.113229 -0.00699442 -0.0361649 -0.0201899 0.0104943 0.000682442 -0.0811556
internal_weight=18957.3 9952.67 9004.62 2223.3 6786.23 4595.41 2190.82 1762.93 2218.39 7729.38 3847.2 2636.23 1168.93 3088.17 699.808 3882.17 1250.06 2632.12 2388.37 1959.17 207.821 2424.3 1467.3 113.461 2144.72 151.958 497.542 1353.84 909.998 2142.15
internal_count=948894 266218 682676 118500 377304 301404 75900 56151 305372 147718 80169 98981 53906 60050 9997 67549 20949 46600 50053 202423 5166 41434 45075 1847 42925 2094 26835 43228 13999 299755
is_linear=0
shrinkage=0.1


Tree=36
num_leaves=31
num_cat=0
split_feature=43 43 18 29 16 1 24 11 31 16 29 31 30 42 48 15 10 52 40 19 30 16 15 47 49 15 13 12 14 53
split_gain=1242.48 634.049 332.281 249.585 236.501 231.781 194.395 187.163 177.758 169.41 167.017 170.117 165.286 202.261 159.53 265.666 159.164 155.056 150.479 148.548 140.697 133.496 131.658 124.339 118.634 105.372 100.799 99.593 98.3552 97.5804
threshold=0.36397199332714086 0.80111765861511242 1.0000000180025095e-35 0.98690816760063182 0.44949495792388922 0.9162617325782777 0.37622487545013433 0.97787567973136913 9.3015174865722674 0.90454545617103588 0.031089915893971923 1.7195520401000979 0.56069543957710277 0.22401432693004611 0.17682564258575442 0.46259328722953802 0.78352749347686779 0.481704592704773 0.87428161501884472 1.0000000180025095e-35 0.83151850104331981 0.64583334326744091 0.38364128768444067 0.22257116436958316 1.5000000000000002 0.88583961129188549 0.2419017776846886 0.67867961525917064 4.5000000000000009 0.32051283121109014
decision_type=2 2 2 2 2 2 2 2 2 2 2 2 2 2 2 2 2 2 2 2 2 2 2 2 2 2 2 2 2 2
left_child=2 4 6 9 7 18 12 8 14 25 17 -12 13 27 19 20 -17 -8 -6 23 -16 -13 -14 -2 -22 -3 -24 -1 -25 -10
right_child=1 3 -4 -5 5 -7 10 -9 29 -11 11 21 22 -15 15 16 -18 -19 -20 -21 24 -23 26 28 -26 -27 -28 -29 -30 -31
leaf_value=-0.082596097969417803 -0.037996779826869886 0.053258472184603889 -0.090709790447440805 0.10073459471766069 -0.0010044970898507063 0.067032520023810133 -0.074841484302212144 0.11685024242045393 -0.072861516781609667 0.082425841191792609 -0.09533925063442826 0.0060177506742933665 0.020085619811252946 -0.07144020136382391 -0.046458325916890829 -0.075296080345075733 0.036102180167793166 0.25538113778101951 0.079171037979942738 0.053473885147777268 0.048911338345574651 0.1830213826264144 -0.089156803413382654 0.050584621627008601 -0.018139415850756315 0.00017735401681602444 0.21409752950032104 0.080704524030253966 -0.022157086408207342 0.016630515928943709
leaf_weight=50.769285530841444 919.8869340615347 574.41768283955753 1384.4881808601785 777.77462674910203 2338.5590848951833 855.45954000845086 19.218472356325947 115.31086850212887 129.0496250934666 558.75990298623219 114.18584262765944 149.65306000848068 591.53362074488541 1507.3235515012639 597.55113974696724 1417.3271250738762 141.02010245271958 54.66159824206261 260.13462628994603 415.11283468664624 510.52253115631174 59.569980454689357 197.10454785445472 401.52771808608668 546.19223293126561 1071.7368000941351 11.606193000799975 141.2603209320223 346.09821536199888 2181.2297682999051
leaf_count=8122 14114 8070 237488 54552 41273 29746 629 1541 4426 39453 4943 8834 36262 193500 23937 87253 4239 1555 8931 7630 10548 1690 24237 12433 21336 11574 607 8898 9034 32039
internal_value=-0.00320773 0.0110671 -0.0504119 0.0520295 0.000133961 0.0218837 -0.0311526 -0.00959646 -0.0115136 0.0348489 0.0338242 0.00283469 -0.0414801 -0.0591263 -0.0216117 -0.0355868 -0.0652153 0.16948 0.00702124 -5.39922e-05 -0.00767621 0.0564142 -0.00400757 -0.0133793 0.0142543 0.0186998 -0.0722931 0.0375307 0.0169103 0.0116316
internal_weight=18439 14157.7 4281.37 2982.69 11175 3454.15 2896.89 7720.83 7605.52 2204.91 397.289 323.409 2499.6 1699.35 5295.24 3212.61 1558.35 73.8801 2598.69 2082.63 1654.27 209.223 800.244 1667.51 1056.71 1646.15 208.711 192.03 747.626 2310.28
internal_count=948894 422129 526765 113649 308480 79950 289277 228530 226989 59097 17651 15467 271626 210520 190524 147313 91492 2184 50204 43211 55821 10524 61106 35581 31884 19644 24844 17020 21467 36465
is_linear=0
shrinkage=0.1


Tree=37
num_leaves=31
num_cat=0
split_feature=45 39 51 1 29 18 12 5 4 32 1 49 29 3 5 4 28 41 43 42 51 12 14 8 8 2 13 1 32 14
split_gain=1078.25 575.625 352.566 290.386 305.142 238.452 215.412 172.321 273.312 181.908 168.046 162.639 188.805 154.958 179.252 327.025 268.284 159.128 138.082 129.855 128.796 178.4 124.944 124.421 122.768 118.306 122.898 117.828 202.494 119.315
threshold=0.50992578268051159 0.88194444775581371 0.87428161501884472 0.75017172098159801 0.034151699393987663 1.0000000180025095e-35 0.98219570517539989 0.47727273404598242 0.70299971103668224 5.1036133766174325 0.97037997841835033 5.5000000000000009 0.92510893940925609 0.92403846979141246 0.069047622382640853 0.49752475321292883 0.29285715520381933 0.60107529163360607 0.7161405384540559 0.94826045632362377 0.84028983116149913 0.74092870950698864 7.5000000000000009 6.5000000000000009 2147483689.0000005 0.85584414005279552 0.93095237016677868 0.83467578887939464 5.3655571937561044 6.5000000000000009
decision_type=2 2 2 2 2 2 2 2 2 2 2 2 2 2 2 2 2 2 2 2 2 2 2 2 2 2 2 2 2 2
left_child=1 3 13 25 -5 20 7 10 9 23 -6 12 19 14 15 24 -16 -18 -13 -10 21 -2 -8 -9 -3 26 -1 28 -19 -30
right_child=5 2 -4 4 6 -7 22 8 11 -11 -12 18 -14 -15 16 -17 17 27 -20 -21 -22 -23 -24 -25 -26 -27 -28 -29 29 -31
leaf_value=-0.052142343867731727 -0.068106105378870449 0.018113793523816268 0.08256617244486647 0.12243216550470747 -0.038865698928623515 -0.091040019738565417 0.11650847946024963 0.14492467967588471 -0.012800554934976088 0.15249511500685992 0.14547557278672615 -0.075115263634305179 0.036579956021298904 0.0658403283984038 -0.1125405475374644 0.11504932974034079 0.10517351104017691 0.045478267067254823 0.038294266765441162 0.046985001104587323 0.013588213786802387 -0.0084602698042279892 0.014036605791767288 -0.0025775633702207119 -0.083020186251118996 0.089463328859150676 0.1443610531982937 0.013357481491358767 -0.28880948514712051 -0.065169882119254438
leaf_weight=1495.5500138959615 1311.4295625101659 564.12394198018592 1379.9370604474097 212.5826037263032 1492.7758430787362 1076.9752104704385 243.78823064127937 73.132091270177625 3632.5145589901367 187.84328137227567 51.146296662336681 485.14981928421184 1333.4841791744111 573.02151552936994 254.40088040870614 345.40759737620829 134.47858034877572 67.10909376712516 137.86725487653166 403.67350008280482 450.15852147148689 811.91186390537769 232.43614837573841 262.28393174544908 152.47253459354397 65.322487765806727 32.519649037159979 397.97134862397797 49.560294251190498 45.996823969297111
leaf_count=93908 182940 9071 89216 5233 60894 211091 5641 1580 68600 4494 1085 22000 32091 26271 3984 10194 2936 1640 2725 6778 28920 49117 3205 7087 3502 1272 400 11381 1080 558
internal_value=-0.00302156 0.00935643 0.041754 -0.00306272 0.0040884 -0.051532 0.00114117 -0.00272026 0.00439726 0.0737068 -0.0327589 -0.00165459 0.00395689 0.0199637 0.00689479 0.0351214 -0.0246757 0.00748133 -0.0500189 -0.00682119 -0.0349984 -0.0452991 0.0664939 0.0295829 -0.00340481 -0.0423266 -0.0479605 -0.0159518 -0.0876586 -0.18116
internal_weight=17957 14306.5 3964.48 10342.1 8748.68 3650.48 8536.1 8059.87 6515.95 523.259 1543.92 5992.69 5369.67 2584.54 2011.52 1062 949.517 695.116 623.017 4036.19 2573.5 2123.34 476.224 335.416 716.596 1593.39 1528.07 560.638 162.666 95.5571
internal_count=948894 476826 159833 316993 221413 472068 216180 207334 145355 13161 61979 132194 107469 70617 44346 22767 21579 17595 24725 75378 260977 232057 8846 8667 12573 95580 94308 14659 3278 1638
is_linear=0
shrinkage=0.1


Tree=38
num_leaves=31
num_cat=0
split_feature=45 16 51 48 5 18 49 4 1 53 11 32 42 4 28 42 7 8 30 32 13 15 15 15 3 47 43 46 3 43
split_gain=925.088 518.685 425.953 262.934 275.315 219.278 216.005 192.651 178.68 169.819 162.725 155.471 151.584 144.786 141.464 133.169 126.869 137.41 124.96 122.053 156.621 158.91 126.175 107.328 103.475 95.8604 109.386 91.7439 91.3449 90.2398
threshold=0.5178155004978181 0.44949495792388922 0.87428161501884472 1.0000000180025095e-35 0.47727273404598242 1.0000000180025095e-35 2.5000000000000004 0.80982515215873729 0.9162617325782777 0.89444443583488475 0.97787567973136913 9.1332817077636737 0.71834933757781994 0.86526826024055492 0.10555555671453477 0.95311355590820324 0.58411949872970592 22.500000000000004 0.55733734369277965 8.7522115707397479 0.29289215803146368 0.41517429053783422 0.61566331982612621 0.99719101190567028 0.84561213850975048 0.21934598684310916 0.8885696828365327 0.1052631437778473 0.95293468236923229 0.69810324907302868
decision_type=2 2 2 2 2 2 2 2 2 2 2 2 2 2 2 2 2 2 2 2 2 2 2 2 2 2 2 2 2 2
left_child=1 3 8 10 7 19 9 -5 16 12 23 -4 24 -11 -9 28 17 -3 -13 20 21 27 -22 25 -6 26 -1 -2 -14 -8
right_child=5 2 11 4 6 -7 29 14 -10 13 -12 18 15 -15 -16 -17 -18 -19 -20 -21 22 -23 -24 -25 -26 -27 -28 -29 -30 -31
leaf_value=-0.0017999515124826147 0.048270638937951277 0.065573364900511577 0.086128564607132252 -0.05614605714054334 0.13247950248767243 -0.090481991871851825 -0.05631388097550058 0.1672568458407302 0.063002454407968839 0.15355564181622142 0.11328436630421697 -0.11684354327867955 -0.037936402986674549 0.032593310153381842 -0.0036291800848305151 0.059939155417094693 -0.012142486919288382 -0.016767866208023497 0.079900002651223878 -0.069582308979146926 0.16135537935611274 -0.07968390797970272 0.0092299098025619662 -0.047300327952417981 0.024591310428350596 0.07056067312076518 0.099564595936837585 -0.030590054220318814 -0.00043839958008339138 0.018837458062982981
leaf_weight=809.44294943695422 209.67175778676756 536.61039838480065 1477.3092454216676 1865.4064624932362 117.03152734856121 959.19077251915587 842.21031383000081 57.372880915296264 607.43050269037485 114.65263184951618 204.40510912518948 71.34281279402785 1127.0156110380776 722.60079383710399 311.25233619468054 250.54307181714103 1807.7129045402398 325.66576149023604 58.963952720630914 683.27327736682491 62.999114849546459 528.76791384187527 405.17638363095466 214.51276452798629 369.78204176470172 390.32887268334161 122.58305883035064 497.68570984335383 1533.6694403342553 197.19112004060298
leaf_count=10330 10323 11588 95024 133068 3598 206636 40654 1410 22308 2602 3441 1018 23130 13810 12570 4334 39424 7953 1562 89387 2516 81562 22119 3191 10779 6988 2968 49726 30904 3971
internal_value=-0.00282258 0.00837083 0.0347305 -0.00555004 -0.013669 -0.0500979 -0.00120733 -0.043092 0.0140495 0.00881763 0.0294608 0.0768926 -0.00112189 0.0491578 0.0229675 -0.00975875 0.00291256 0.0344746 -0.0278169 -0.0338738 -0.0195579 -0.0382142 0.0297004 0.0183121 0.050528 0.0289558 0.0115318 -0.00721452 -0.0163218 -0.0420565
internal_weight=17481.8 14135 4885.04 9250 7508.73 3346.76 5274.7 2234.03 3277.42 4235.3 1741.27 1607.62 3398.04 837.253 368.625 2911.23 2669.99 862.276 130.307 2387.57 1704.3 1236.13 468.175 1536.87 486.814 1322.35 932.026 707.357 2660.69 1039.4
internal_count=948894 486625 178877 307748 280830 462269 133782 147048 81273 89157 26918 97604 72745 16412 13980 58368 58965 19541 2580 255633 166246 141611 24635 23477 14377 20286 13298 60049 54034 44625
is_linear=0
shrinkage=0.1


Tree=39
num_leaves=31
num_cat=0
split_feature=45 43 16 14 18 1 29 29 1 48 49 12 5 41 39 16 5 12 16 39 32 12 11 42 28 32 24 43 12 16
split_gain=795.018 450.679 254.398 235.136 197.564 191.271 220.095 145.794 138.721 134.599 122.188 184.151 166.693 120.12 118.525 183.036 118.652 116.425 112.399 110.202 107.681 129.232 183.561 104.311 104.131 103.388 146.601 102.562 98.9793 97.3905
threshold=0.52951070666313182 0.84962108731269848 0.44949495792388922 5.5000000000000009 1.0000000180025095e-35 0.75017172098159801 0.034151699393987663 0.93141421675682079 0.83286681771278392 0.0080671310424804705 2.5000000000000004 0.76211830973625194 0.89444443583488475 0.86526826024055492 0.43650794029235845 0.29285715520381933 0.32051283121109014 0.45983158051967626 0.64583334326744091 0.53571429848670971 8.6518764495849627 0.64022472500801098 1.0000000180025095e-35 0.85053193569183361 0.37980769574642187 5.6291582584381112 0.50036159157753002 0.39855805039405828 0.83293461799621593 0.90454545617103588
decision_type=2 2 2 2 2 2 2 2 2 2 2 2 2 2 2 2 2 2 2 2 2 2 2 2 2 2 2 2 2 2
left_child=1 2 5 8 20 9 -7 29 25 -1 12 -12 14 -14 15 16 -8 -10 19 -5 21 22 -2 -23 28 -4 -27 -19 -25 -3
right_child=4 7 3 18 -6 6 10 -9 17 -11 11 -13 13 -15 -16 -17 -18 27 -20 -21 -22 23 -24 24 -26 26 -28 -29 -30 -31
leaf_value=0.019732351481478456 0.0032167221792271123 0.018382692675387374 0.08249259043539342 0.0572648952361689 -0.090095119548440974 0.10600980770788833 -0.052218826745451391 0.098624047821143035 -0.06697636860390814 -0.059462044243330209 -0.058192362187315751 0.020624688149971468 0.13827518584222187 0.027556971956265153 -0.039998695852746291 0.17632395339900384 0.004660501919162746 0.24401585762296338 0.012906088244549222 -0.060120263654116469 -0.068610725687700325 0.0039188992976233296 -0.083249625637789523 0.76701830572898111 0.044003587330426364 0.014646215024724702 -0.12335246054985077 0.069532965603173985 0.216911353659339 0.085095209472266245
leaf_weight=268.44060857139993 475.34981150686508 845.78103124350309 169.48611490585608 96.230031319893897 846.42097920851666 182.49614599434426 409.5444164260407 542.22429766505957 60.963326401193626 1070.2615488136653 903.20465651020641 441.26535255706403 113.82828607433476 704.18201824731659 839.7415514177992 58.897095726104453 3509.5581893201452 34.755396318505518 1310.7959639192559 473.52205144963227 616.33648579329019 528.48818720463896 507.79677315149456 4.051799941458742 36.831963041913696 519.68706799315987 90.368162104394287 1097.503539430094 16.967998835025355 295.20565230259672
leaf_count=6962 38323 10391 6826 1648 200404 4899 25884 46906 1926 95476 51947 7752 2709 12178 11068 1061 85254 910 32542 5476 88676 34282 86455 160 635 13349 1989 46219 263 26324
internal_value=-0.00264166 0.00738831 0.000774761 0.022089 -0.049076 -0.00888601 -0.00240143 0.0559316 0.0462073 -0.0435817 -0.00523581 -0.032324 0.00122637 0.0429637 -0.00586026 0.00134624 -0.00128336 0.0676407 -0.00321205 -0.0402941 -0.033192 -0.0192831 -0.0414433 0.0178739 0.145356 0.0133998 -0.00579568 0.0748888 0.322951 0.0356431
internal_weight=17070.2 14037.9 12354.7 3853.31 3032.24 8501.42 7162.72 1683.21 1972.76 1338.7 6980.22 1344.47 5635.75 818.01 4817.74 3978 3919.1 1193.22 1880.55 569.752 2185.82 1569.49 983.147 586.34 57.8518 779.541 610.055 1132.26 21.0198 1140.99
internal_count=948894 499696 416075 110885 449198 305190 202752 83621 71219 102438 197853 59699 138154 14887 123267 112199 111138 49055 39666 7124 248794 160118 124778 35340 1058 22164 15338 47129 423 36715
is_linear=0
shrinkage=0.1


Tree=40
num_leaves=31
num_cat=0
split_feature=24 15 48 16 32 15 1 16 24 53 32 28 1 8 32 45 53 6 32 31 30 53 6 5 28 12 42 53 50 42
split_gain=693.925 434.649 498.261 351.61 302.632 240.253 205.019 199.667 194.672 190.214 186.136 181.765 173.758 172.313 168.709 182.284 159.207 160.194 153.953 154.587 149.112 145.96 130.617 254.292 128.589 123.1 137.255 149.345 106.524 103.653
threshold=0.39456887543201452 0.36773157119750982 0.06909604370594026 0.90454545617103588 5.4667701721191415 0.47765946388244634 0.81968975067138683 0.31666667759418493 0.28395466506481176 1.0000000180025095e-35 8.9894409179687518 0.087121214717626586 0.8857199251651765 2147483689.0000005 5.6478943824768075 0.074970155954360976 0.47727273404598242 2.5000000000000004 5.5929079055786142 8.9894409179687518 0.7135373353958131 0.89444443583488475 1.5000000000000002 0.32051283121109014 0.58571431040763866 0.6005181372165681 0.5793287754058839 0.11805555596947671 1.5000000000000002 0.61986863613128673
decision_type=2 2 2 2 2 2 2 2 2 2 2 2 2 2 2 2 2 2 2 2 2 2 2 2 2 2 2 2 2 2
left_child=1 8 13 5 -5 -2 11 -4 12 -7 14 -6 20 28 15 21 22 -18 -14 -20 -1 -11 23 -16 -19 -9 -27 -28 -3 -15
right_child=3 2 7 4 6 9 -8 25 -10 10 -12 -13 18 29 16 -17 17 24 19 -21 -22 -23 -24 -25 -26 26 27 -29 -30 -31
leaf_value=-0.068252987232313087 0.1112206089257351 0.043869585363739846 -0.084460106403082533 0.092783805243900994 0.067170119255776831 0.091977237264346368 0.054690466232013638 -0.07400199746980822 0.10301061604253239 0.003918117898714487 -0.053617534717983723 -0.085596771730200832 0.0013174550980328058 -0.073736700585455228 -0.034010200356666173 -0.025299444991306749 0.126377196325656 -0.065613454368415314 0.024702660699602044 0.1833892424603227 0.031654390934143524 0.066565468533378316 -0.064296734921545959 0.19258366409674971 0.060675542462473281 -0.033150063667238314 0.22346746328110628 0.016896585797309772 -0.074690131914701904 0.091241121796557967
leaf_weight=601.93748228257755 211.4113173384103 787.15506397254649 2086.8707063496695 990.51269391702954 108.43913956359029 232.33210881683044 496.54058050463209 400.17995091743069 182.38286307093222 2456.6491034382489 591.77299853716977 276.41495485295309 2062.6668550950126 289.82033592456719 140.39576855971245 2099.7389982675377 285.75334528560052 106.20599891489837 169.46136679023039 96.260508802952245 198.70325271144975 438.24566971359309 213.18426258239197 76.519528007484041 334.73992880783044 444.634105909965 46.938255563261919 137.59123915887903 83.856393535796087 43.843972204718739
leaf_count=69317 5032 26222 342152 93139 2219 7122 23421 61199 6559 29178 19529 4336 58828 18237 5914 61389 6325 2044 8894 2543 11015 22455 7585 1929 6941 34629 1979 5647 1626 1489
internal_value=-0.00246403 -0.0246778 -0.0455689 0.0162516 0.0548549 0.006197 0.0122303 -0.0666825 0.00258196 0.003014 -5.1164e-05 -0.0425521 -0.00327176 0.00904716 0.00510197 -0.00286803 0.0395135 0.0680539 0.0105467 0.0821885 -0.0434579 0.013402 -0.00870852 0.0459236 0.0302576 -0.0306407 -0.00306066 0.0694414 0.0324553 -0.0520584
internal_weight=16691.2 7632.3 4320.89 9058.86 1871.91 7186.95 881.395 3116.21 3311.41 6975.54 6743.21 384.854 3129.03 1204.68 6151.43 4994.63 1156.8 726.699 2328.39 265.722 800.641 2894.89 430.1 216.915 440.946 1029.34 629.164 184.529 871.011 333.664
internal_count=948894 650336 493180 298558 123115 175443 29976 445606 157156 170411 163289 6555 150597 47574 143760 113022 30738 15310 70265 11437 80332 51633 15428 7843 8985 103454 42255 7626 27848 19726
is_linear=0
shrinkage=0.1


Tree=41
num_leaves=31
num_cat=0
split_feature=45 43 29 31 12 10 10 18 32 53 4 16 8 53 43 7 42 29 29 16 1 45 14 48 15 13 30 36 14 15
split_gain=598.029 363.1 261.901 193.087 201.021 212.221 179.79 155.64 144.638 238.776 293.683 134.86 130.594 128.789 147.877 121.377 111.903 154.14 107.993 104.852 104.354 98.2676 97.7803 94.1889 131.304 88.6707 92.1122 87.5691 104.317 86.4729
threshold=0.56495186686515819 0.7804861068725587 0.98690816760063182 9.3015174865722674 0.69100430607795726 1.0000000180025095e-35 0.76190578937530529 1.0000000180025095e-35 9.1332817077636737 1.0000000180025095e-35 0.53410851955413829 0.90454545617103588 2147483689.0000005 0.2264957278966904 0.40263707935810095 0.6195238232612611 0.91945946216583263 0.55445328354835521 0.59709247946739208 0.90454545617103588 0.83657327294349682 0.069956511259078993 8.5000000000000018 0.16000792384147647 0.53879600763320934 0.23904761672019961 0.5450091063976289 1.0000000180025095e-35 4.5000000000000009 0.64729991555213939
decision_type=2 2 2 2 2 2 2 2 2 2 2 2 2 2 2 2 2 2 2 2 2 2 2 2 2 2 2 2 2 2
left_child=1 3 11 4 5 20 -7 23 16 10 12 18 15 -5 -15 -10 27 -18 -3 22 -1 -20 -16 -2 25 26 -25 28 -6 -19
right_child=7 2 -4 13 8 6 -8 -9 9 -11 -12 -13 -14 14 19 -17 17 29 21 -21 -22 -23 -24 24 -26 -27 -28 -29 -30 -31
leaf_value=-0.08358831601032371 0.015871084803724948 0.056426608309743387 0.097132164015830039 -0.088898716483847284 0.054148990206656825 -0.06458348151277743 0.063172605025167944 -0.089595590165239061 0.041814895310334575 -0.076589081417234417 0.12751465305042473 0.070406893169390958 -0.089680012503447898 0.11281665515623103 0.018737000225889932 -0.059394968713586072 0.12511408753495121 0.071391596514348371 0.011384606364471511 0.087673231483184899 0.007623935296606388 -0.050896567345158343 -0.049552134638520498 -0.07663539601966475 -0.076301081609849816 0.088201043082987651 -0.0011751971801353422 -0.011342681123696328 0.0014926296983229052 -0.040010882948899776
leaf_weight=139.91397263377439 326.95840518170735 403.306715763174 578.11126120528206 104.9668745782692 614.46319696027786 1521.5487636931357 118.75190402532462 655.9806455190992 333.09543862496503 557.0901917166193 164.59196062409319 465.63030672678724 198.0889347884804 175.32058290042914 2111.4351522416691 183.91745279415045 196.67770375381224 125.95764773379778 1198.1928094858304 198.36125296331011 1211.6615612354944 321.26050590071827 232.79319220222533 244.84213101508794 664.98760289029451 73.942898341047112 476.73744585987879 1583.3102027009591 970.38027189509012 155.93965835031122
leaf_count=9665 16684 5233 57763 5181 18344 139744 6531 183029 11850 17169 4908 44084 16619 8245 32490 11154 5598 3873 14868 11393 32401 3866 2259 48478 124281 3994 37154 48360 19682 3994
internal_value=-0.0023188 0.00572022 0.0367382 -0.00272285 -0.0105926 -0.0311586 -0.0553344 -0.0479343 0.00151136 -0.0253616 0.00707956 0.0221198 -0.0206405 0.0197902 0.0239878 0.00581142 0.0120991 0.0571701 0.0104262 0.0178627 -0.00181828 -0.0017836 0.0119556 -0.0326451 -0.0435062 -0.0160926 -0.0267799 0.00529078 0.0219081 0.00976609
internal_weight=16308.2 13864.8 2966.5 10898.3 8075.39 2991.88 1640.3 2443.45 5083.51 1436.78 879.694 2388.39 715.102 2822.88 2717.91 517.013 3646.73 478.575 1922.76 2542.59 1351.58 1519.45 2344.23 1787.47 1460.51 795.522 721.58 3168.15 1584.84 281.897
internal_count=948894 535274 125814 409460 349892 188341 146275 413620 161551 61700 44531 68051 39623 59568 54387 23004 99851 13465 23967 46142 42066 18734 34749 230591 213907 89626 85632 86386 38026 7867
is_linear=0
shrinkage=0.1


Tree=42
num_leaves=31
num_cat=0
split_feature=1 16 12 13 15 15 29 14 1 36 1 32 7 8 12 32 12 30 4 12 42 32 28 3 28 4 8 12 42 6
split_gain=523.239 520.02 294.854 243.675 474.604 263.537 189.805 163.611 195.498 165.538 141.541 126.289 190.307 236.779 115.888 113.474 132.293 109.104 103.067 102.442 100.676 96.0284 134.654 115.4 92.6083 92.6073 89.8313 87.8722 84.0223 110.912
threshold=0.75794735550880443 0.90454545617103588 0.81698724627494823 0.16064515709877017 0.25074850022792822 0.74369570612907421 0.15794205665588382 4.5000000000000009 0.94605144858360302 1.0000000180025095e-35 0.82438379526138317 5.8036348819732675 0.58411949872970592 37.500000000000007 0.52657252550125133 9.3015174865722674 0.5336349904537202 0.67673298716545116 0.49752475321292883 0.97309359908103954 0.16843970865011218 4.8667016029357919 0.47727273404598242 0.98529094457626354 0.095454547554254546 0.6696164906024934 9.5000000000000018 0.91236156225204479 0.78346124291419994 2.5000000000000004
decision_type=2 2 2 2 2 2 2 2 2 2 2 2 2 2 2 2 2 2 2 2 2 2 2 2 2 2 2 2 2 2
left_child=2 3 17 4 -2 27 -7 9 10 -8 -9 -4 13 18 -6 16 -3 -1 26 21 -14 23 -23 -11 -17 -24 -13 -5 -12 -30
right_child=1 15 11 5 14 6 7 8 -10 19 28 12 20 -15 -16 24 -18 -19 -20 -21 -22 22 25 -25 -26 -27 -28 -29 29 -31
leaf_value=-0.076527730948934183 0.0060946971785538744 -0.050712035487901652 0.023725967745700821 0.037391919738786909 -0.087373752673312072 0.094506701720615038 0.06685872635398904 0.038481856242377183 0.030112229557167788 -0.058133885990474712 -0.023179396442556795 0.16261562636903523 0.13482032103221445 -0.090179841310541492 -0.023133781514612404 0.11479256938289156 0.086109454404650204 0.0066593267044561845 0.18534715488982689 0.15807492531252257 -0.054294384706264853 -0.033992679875727946 0.21273373252506633 0.006474064551332058 -0.031042010423653066 0.052984364802860187 0.017799447729329631 0.096115439251188706 -0.014303829574880956 -0.093973993403139874
leaf_weight=1363.6518002782541 2606.6738861397316 75.386825033521745 717.55909493600484 1044.7291046585306 910.59567611513194 213.17626700276742 518.17875228403136 220.4633630514727 581.42511975544039 430.67330546316225 762.87728508689906 46.298091010889038 28.82090748756309 179.53862135531381 406.04112210622407 56.704409191035666 1129.197116161522 178.27502178662689 45.019395412440645 41.352887210901827 1208.7086044323223 182.44568452017847 41.484651300677797 772.07977075874805 187.6193004680681 289.70675876532914 572.56926946295425 337.01690758834593 253.04266511008609 564.66208840266336
leaf_count=276685 89406 6780 23268 30481 132023 6701 14690 3651 15123 6101 10963 2079 1452 18438 28956 2886 107824 12795 1132 783 79414 9203 972 16679 4170 5371 23492 8383 3982 5011
internal_value=-0.00216948 0.00889199 -0.0317968 0.000911646 -0.0186242 0.0131684 0.00223523 -0.00198728 -0.0203042 0.0171872 -0.03658 -0.0124502 -0.0249245 0.0117066 -0.0675626 0.0649432 0.0775467 -0.0669098 0.0392604 0.00254413 -0.0498901 -0.00120306 0.0349922 -0.0166603 0.00280433 0.0729944 0.0286333 0.051715 -0.0470498 -0.0693197
internal_weight=15966 11625.5 4340.44 10176.6 3923.31 6253.31 4871.57 4658.39 2382.47 2275.92 1801.05 2798.51 2080.95 843.425 1316.64 1448.91 1204.58 1541.93 663.887 1757.74 1237.53 1716.39 513.637 1202.75 244.324 331.191 618.867 1381.75 1580.58 817.705
internal_count=948894 510139 438755 388479 250385 138094 99230 92529 38730 53799 23607 149275 126007 45141 160979 121660 114604 289480 26703 39109 80866 38326 15546 22780 7056 6343 25571 38864 19956 8993
is_linear=0
shrinkage=0.1


Tree=43
num_leaves=31
num_cat=0
split_feature=5 42 29 48 42 43 7 42 12 43 13 7 1 29 51 49 29 30 8 24 12 32 12 15 51 35 31 42 32 28
split_gain=455.243 426.299 367.131 363.377 355.964 343.607 215.095 186.868 183.363 203.567 175.239 173.284 158.313 337.468 209.702 172.44 198.955 163.295 143.709 140.86 140.709 172.986 202.547 254.726 184.484 123.987 122.048 113.498 105.203 104.762
threshold=0.47727273404598242 0.77485188841819774 0.21903234720230105 0.058062046766281135 0.71834933757781994 0.88523977994918834 0.82182541489601146 0.87226107716560375 0.55016779899597179 1.0000000180025095e-35 0.18019481003284457 0.6195238232612611 0.91905894875526439 0.56379467248916637 0.88792270421981823 6.5000000000000009 0.86158683896064769 0.55493307113647472 2147483689.0000005 0.50036159157753002 0.92970100045204174 5.4356987476348886 0.78589195013046276 0.72349074482917797 0.7927781641483308 1.0000000180025095e-35 8.8637833595275897 0.77058032155036937 8.9894409179687518 0.11805555596947671
decision_type=2 2 2 2 2 2 2 2 2 2 2 2 2 2 2 2 2 2 2 2 2 2 2 2 2 2 2 2 2 2
left_child=1 3 8 11 6 12 -2 -4 -3 19 26 18 14 17 27 16 -15 -14 -1 20 21 22 23 24 -10 -18 -9 -6 -12 -23
right_child=4 2 7 -5 5 -7 -8 10 9 -11 28 -13 13 15 -16 -17 25 -19 -20 -21 -22 29 -24 -25 -26 -27 -28 -29 -30 -31
leaf_value=0.051945077646074783 0.019919018433360709 -0.069622579379164523 -0.051981209229318752 -0.060913610477410209 -0.0075213012107202106 0.06976765464836257 0.095380557549897965 -0.052826927094733481 4.4862793198968083 0.095208809951319764 0.076315229453008226 -0.031623719211684019 -0.033073565704658657 -0.020961317837272828 0.037425762467127886 -0.060738395406173089 0.014433049492765672 0.090501718403157627 -0.048710480430612289 0.14267914795477279 0.203123208840396 0.88871942677404425 0.71496007441768716 0.56895810320054152 1.7723381979014066 0.087798567872606259 0.24914401122501073 -0.065923218292255878 -0.08778953519887911 0.13962935122759212
leaf_weight=650.79407548156451 779.28461260558106 54.597309753269656 529.61154206719948 2813.6920962152071 510.61117572677904 709.78814275423065 733.03988752432633 265.96387250898988 0.4541449276148366 309.48255336441798 440.77086303543183 1009.8167720215279 129.97652544005541 1909.7591076932149 384.08740972704254 487.69339629620663 1790.5061599479523 603.1470881641726 181.37425744079519 27.603916740859859 12.056245461688375 2.6611277298943588 5.2675336537067778 0.76186390197835852 0.55849194846814498 264.36269971454749 14.093740102194714 955.36988373167696 42.863609679916408 6.2559069397684652
leaf_count=15922 33314 10989 27107 437330 18961 52504 29212 31479 104 9654 17014 30381 4142 48128 14756 32399 45904 22193 8874 525 175 281 157 137 80 22617 573 32263 716 1003
internal_value=-0.00203704 -0.0226158 0.0200367 -0.0383093 0.0121199 0.00345512 0.056496 -0.0063357 0.101303 0.126864 0.0253189 -0.0037804 -0.00323492 0.00572514 -0.0283485 -0.00462672 0.00227564 0.0685929 0.0300068 0.303002 0.46097 0.655759 1.02624 1.95025 2.98948 0.0238717 -0.0376304 -0.0455814 0.0617709 0.363182
internal_weight=15626.3 6368.68 1713 4655.68 9257.63 7745.3 1512.32 1293.3 419.699 365.102 763.692 1841.99 7035.51 5185.44 1850.07 4452.32 3964.63 733.124 832.168 55.6192 28.0153 15.9591 7.04203 1.7745 1.01264 2054.87 280.058 1465.98 483.634 8.91703
internal_count=948894 592501 99994 492507 356393 293867 62526 76889 23105 12116 49782 55177 241363 175383 65980 149048 116649 26335 24796 2462 1937 1762 478 321 184 68521 32052 51224 17730 1284
is_linear=0
shrinkage=0.1


Tree=44
num_leaves=31
num_cat=0
split_feature=43 29 1 29 16 49 28 43 11 42 46 43 28 3 30 14 29 42 5 6 8 1 15 5 29 13 43 29 5 4
split_gain=404.685 311.493 243.153 334.37 251.907 223.761 237.299 182.762 135.282 124.544 149.295 136.201 120.095 129.596 136.196 122.274 119.375 114.651 113.279 124.122 110.707 109.042 107.277 106.717 103.551 100.925 108.136 92.0299 190.502 271.919
threshold=0.70715633034706127 0.98690816760063182 0.77964827418327343 0.03271185606718064 0.44949495792388922 2.5000000000000004 0.32051283121109014 0.42916247248649603 0.72138634324073803 0.67117112874984752 0.011036694049835207 0.41430960595607763 0.78888890147209179 0.99523812532424938 0.87908327579498302 7.5000000000000009 0.63554948568344127 0.95040985941886913 0.47727273404598242 1.5000000000000002 2.5000000000000004 0.90910768508911144 0.53879600763320934 0.11805555596947671 0.52648377418518078 0.087595909833908095 0.50814667344093334 0.46720910072326666 1.0000000180025095e-35 0.49752475321292883
decision_type=2 2 2 2 2 2 2 2 2 2 2 2 2 2 2 2 2 2 2 2 2 2 2 2 2 2 2 2 2 2
left_child=2 12 4 25 7 6 23 -1 22 18 11 -11 13 16 -15 -14 -2 -18 19 -8 -19 -12 -7 -5 -23 -4 -27 28 29 -6
right_child=1 -3 3 5 27 8 9 -9 -10 10 21 -13 15 14 -16 -17 17 20 -20 -21 -22 24 -24 -25 -26 26 -28 -29 -30 -31
leaf_value=-0.074054622179104246 0.022334508402996261 0.089617614817508073 -0.086137351817171554 0.12461150367249887 -0.011763233489641485 -0.026004596513691414 0.10723349157349008 -0.009207395003505316 0.030357737584896995 0.123125040454658 -0.034584309583579179 0.020167730147795548 0.0013284353184646451 0.10959298094871271 0.028204170006551343 -0.10659878858307151 -0.047964973202850973 -0.1029682917894905 0.083339429806645507 -0.072024908459222353 0.11708430454085261 0.049238532656507447 -0.08362604013205871 -0.078972597120425037 -0.0081639055478755825 0.20693780855130517 0.072227090942770036 0.080660301805261903 -0.067230774202075183 0.11205490767365255
leaf_weight=1517.5662012079556 1188.4110610038042 617.8574952587951 24.44308373745298 27.476078236533795 1074.5081636371324 731.16240242059575 57.599954126460943 609.03431964054471 238.89842133986531 141.36702374141896 1048.9182466625352 1410.4865412926883 321.66965993260965 254.34799260273576 1072.8928130492568 155.82242669723928 582.2199155301787 30.901629311498255 404.71447450990672 117.2657048550318 87.881432240828872 424.25666559033561 578.93105589656625 409.39433268841822 1212.1279988063616 100.25846589994035 146.89772907784209 117.40878885070561 444.94955821940675 212.43159088882385
leaf_count=332298 31637 65961 5214 1536 50852 51899 3872 24245 5234 5739 54448 28719 7609 13615 31375 2237 7617 339 14948 10647 4037 18110 57537 39177 35544 5436 4589 2826 22892 8705
internal_value=-0.00208463 0.0238976 -0.0122235 -0.00110271 -0.0320104 -0.00544683 0.00440122 -0.0554831 -0.0388478 0.0108018 0.00485469 0.0295467 0.0129057 0.0198526 0.0438012 -0.033892 0.00302954 -0.0296982 0.0542794 -0.012978 0.0598372 -0.00941497 -0.0514675 -0.0661686 0.00671852 0.107702 0.126872 -0.00501799 -0.0108263 0.00867509
internal_weight=15362.1 4312 11050.1 7074.2 3975.9 6802.6 5253.61 2126.6 1548.99 4816.74 4237.16 1551.85 3694.15 3216.65 1327.24 477.492 1889.41 701.003 579.58 174.866 118.783 2685.3 1310.09 436.87 1636.38 271.599 247.156 1849.3 1731.89 1286.94
internal_count=948894 164427 784467 342649 441818 327410 212740 356543 114670 172027 142560 34458 98466 88620 44990 9846 43630 11993 29467 14519 4376 108102 109436 40713 53654 15239 10025 85275 82449 59557
is_linear=0
shrinkage=0.1


Tree=45
num_leaves=31
num_cat=0
split_feature=45 43 21 38 13 10 53 50 13 10 8 3 28 53 4 49 43 41 14 1 47 42 42 3 16 32 6 53 53 51
split_gain=368.851 234.655 180.751 146.087 123.894 200.68 142.459 124.577 112.807 178.549 160.062 178.463 157.358 178.319 156.492 134.616 130.875 107.352 94.0407 92.6078 114.119 112.042 88.3968 94.9849 86.1465 85.0047 85.1131 83.7129 83.5675 81.6247
threshold=0.56495186686515819 0.89506053924560558 1.0000000180025095e-35 1.0000000180025095e-35 0.29520697891712194 1.0000000180025095e-35 0.89444443583488475 1.0000000180025095e-35 0.098780486732721343 1.0000000180025095e-35 22.500000000000004 0.99523812532424938 1.0000000180025095e-35 0.32051283121109014 0.58204835653305065 5.5000000000000009 0.5000000298023225 0.61620295047760021 5.5000000000000009 0.77069172263145458 0.16762453317642215 0.19201229512691501 0.9136645793914796 0.93582704663276683 0.44949495792388922 1.5308482050895693 1.5000000000000002 0.70714285969734203 0.47727273404598242 0.8263767957687379
decision_type=2 2 2 2 2 2 2 2 2 2 2 2 2 2 2 2 2 2 2 2 2 2 2 2 2 2 2 2 2 2
left_child=1 2 4 -2 5 -1 7 18 9 -4 11 12 14 -14 -10 -13 -16 -15 19 21 24 -6 -12 -24 -21 -19 -27 29 -28 -20
right_child=3 -3 8 -5 6 -7 -8 -9 10 -11 22 15 13 17 16 -17 -18 25 27 20 -22 -23 23 -25 -26 26 28 -29 -30 -31
leaf_value=-0.0020959968265102757 -0.018386228762987636 0.06143795429276231 0.009988364629344354 -0.071785804040707363 0.13429367590293026 -0.064163537720886954 0.077868616197256019 -0.049481468468422163 0.03650794932521808 -0.069319426576443952 -0.0057860220133280627 0.097487699895856733 -0.088138348976260841 0.10844017364260089 0.34272086712428473 -0.032552140708978987 0.10578673107689113 0.098871589143844002 -0.021213644776800156 -0.0069147610432958272 0.069430249360181148 -0.034833857176094572 0.10696834485959959 -0.0019598976313712543 0.083370544344286091 0.088455576234409528 -0.082580749804081879 -0.07692956831021884 0.00188840642471328 0.039239696214370075
leaf_weight=1126.264230574714 1220.7458529655705 682.0561430233065 1050.0695217461907 882.79804945996148 43.043350320251193 969.20685146973119 217.92597217293223 545.21133325088886 394.20800757777761 389.04804678692017 2039.5206486431125 616.78908298062743 187.65898455015849 116.06338158325525 31.145409321819898 91.402555407723412 92.706658616079949 89.586175991338678 951.01036320632556 643.02453357423656 496.17351454409072 435.28354419517564 154.97878405085066 165.58087441034149 126.46783299837261 89.399126587552018 146.11204975889996 198.63623852259479 590.32190792617621 291.9013207652024
leaf_count=26787 170517 55123 26772 243103 2536 81159 15932 16637 15363 45910 66389 35495 10868 3489 1300 4217 3512 2236 20482 8612 13635 32837 5672 3655 6172 2847 4649 2446 13810 6732
internal_value=-0.00195344 0.00434595 0.0011772 -0.0407965 -0.0111502 -0.0308038 -0.000720472 -0.00531113 0.0131089 -0.0114515 0.0204641 0.0383935 0.021145 0.00152573 0.0673147 0.0807041 0.165369 0.0178384 0.00224871 0.0178697 0.0320359 -0.0196145 0.00188663 0.0507029 0.00792384 0.0063513 -0.00368528 -0.0166497 -0.0148707 -0.00701601
internal_weight=15074.3 12970.8 12288.7 2103.54 6044.15 2095.47 3948.68 3730.75 6244.59 1439.12 4805.47 2445.39 1737.2 1219.14 518.06 708.192 123.852 1031.48 3185.54 1743.99 1265.67 478.327 2360.08 320.56 769.492 915.419 825.833 1441.55 736.434 1242.91
internal_count=948894 535274 480151 413620 233967 107946 126021 110089 246184 72682 173502 97786 58074 37899 20175 39712 4812 27031 93452 63792 28419 35373 75716 9327 14784 23542 21306 29660 18459 27214
is_linear=0
shrinkage=0.1


Tree=46
num_leaves=31
num_cat=0
split_feature=32 16 17 16 40 8 7 48 5 32 44 49 46 42 12 29 12 12 43 14 24 31 3 45 19 2 11 15 1 5
split_gain=347.109 339.229 210.302 224.194 188.771 184.552 187.187 172.032 223.935 202.1 178.624 137.915 121.378 118.313 140.737 116.108 97.8718 117.989 104.73 96.6044 138.987 86.5381 86.4615 85.6976 81.857 81.4466 73.0509 70.7832 69.4585 78.8717
threshold=8.8637833595275897 0.64583334326744091 1.5000000000000002 0.44949495792388922 0.84028983116149913 2147483689.0000005 0.66939890384674083 1.0000000180025095e-35 0.32051283121109014 7.4906826019287118 0.01436695456504822 2.5000000000000004 1.0000000180025095e-35 0.75716623663902294 0.56379407644271862 0.15794205665588382 0.62303319573402416 0.93367174267768871 0.40263707935810095 9.5000000000000018 0.38918916881084448 8.8637833595275897 0.91545841097831737 0.82335013151168834 1.0000000180025095e-35 0.94791099429130565 0.97448912262916576 0.60617992281913768 0.83467578887939464 0.087121214717626586
decision_type=2 2 2 2 2 2 2 2 2 2 2 2 2 2 2 2 2 2 2 2 2 2 2 2 2 2 2 2 2 2
left_child=1 2 3 7 16 6 -2 10 13 11 26 12 -10 -9 -15 -16 -3 18 23 20 -5 25 -19 -18 -11 -7 -1 -17 -8 -30
right_child=5 4 -4 19 -6 21 28 8 9 24 -12 -13 -14 14 15 27 17 22 -20 -21 -22 -23 -24 -25 -26 -27 -28 -29 29 -31
leaf_value=-0.0075675187212774697 0.026148062092449548 -0.062216384558020477 -0.06738978326155047 -0.0014370404995304436 0.080708597736490431 -0.077139661583109267 -0.067006409323675603 -0.073561150764779634 0.024777762340487331 0.029198913306869453 0.07551468490928516 -0.036114487071080205 -0.010628903011732142 -0.082634425366093806 0.17547586970442491 0.066372639185916835 0.19145623475634421 -0.0085382056337602302 0.035748438682345111 -0.035925308611696689 0.090640477561289248 -0.0051874753071257601 0.069996189948120832 0.030023181630937174 0.12996180348127739 -0.23319769880375465 0.085920919067966617 -0.040676950230596219 0.088441031766844702 -0.03044039862888058
leaf_weight=852.76723550318275 669.22319667227566 133.18397208303213 477.61620930652134 238.91773832537001 764.76802367874188 743.0520059534465 529.92434794339351 767.26759543232038 1471.29179604823 181.80341361579485 499.68785086128628 1262.2032951425645 2831.6075390201295 169.75068517684122 47.087021818006178 106.81843896745704 99.353819351934362 726.1225700689829 307.27382750017568 116.81561064603738 522.32502963533625 168.85557957860874 173.72490365989506 49.152209576859605 144.86279812536668 35.018736711353995 92.663617421872914 146.45447881740984 64.424691806430928 417.23922207107535
leaf_count=12506 59630 26208 10429 18878 88941 109074 68821 153716 27257 11363 10116 95337 107383 31506 1526 4375 4740 16234 11298 1835 16620 8834 13583 4064 7483 424 2021 5344 3218 16130
internal_value=-0.00180929 0.00530025 -0.00264895 0.000622334 0.0403268 -0.0347727 -0.0148813 -0.00430606 -0.0106834 -0.00256125 0.027155 -0.00704846 0.00147771 -0.0493569 -0.00985324 0.0312796 0.0195836 0.02762 0.0690732 0.0487483 0.0617417 -0.0700804 0.00662368 0.138025 0.073883 -0.0841634 0.00159547 0.00447146 -0.0420245 -0.0145395
internal_weight=14811.3 12183.5 9929.94 9452.32 2253.58 2627.74 1680.81 8574.27 7129.15 5891.77 1445.12 5565.1 4302.9 1237.38 470.111 300.36 1488.81 1355.63 455.78 878.058 761.243 946.926 899.847 148.506 326.666 778.071 945.431 253.273 1011.59 481.664
internal_count=948894 682763 517695 507266 165068 266131 147799 469933 445290 248823 24643 229977 134640 196467 42751 11245 76127 49919 20102 37333 35498 118332 29817 8804 18846 109498 14527 9719 88169 19348
is_linear=0
shrinkage=0.1


Tree=47
num_leaves=31
num_cat=0
split_feature=32 16 30 8 33 12 53 32 42 53 52 52 42 29 41 15 13 15 6 28 6 28 41 15 30 12 10 1 42 12
split_gain=289.406 288.705 194.951 157.374 155.812 235.341 192.13 174.278 162.351 155.647 215.737 129.359 126.117 118.716 194.72 112.616 114.789 112.192 112.125 234.909 128.65 136.416 108.325 107.448 104.64 93.5476 111.633 92.6837 92.0715 90.6408
threshold=8.9894409179687518 0.90454545617103588 0.49364924430847174 2147483689.0000005 6.5078935623168954 0.82112231850624096 0.32051283121109014 5.4786596298217782 0.9294019639492036 0.069047622382640853 0.49752475321292883 0.73375529050827037 0.77485188841819774 0.031089915893971923 0.50944742560386669 0.82940685749053966 0.098780486732721343 0.53879600763320934 1.5000000000000002 0.47727273404598242 2.5000000000000004 0.58571431040763866 0.61620295047760021 0.4853654950857163 0.60805124044418346 0.49880382418632513 1.0000000180025095e-35 0.86213073134422313 0.2736185491085053 0.5336349904537202
decision_type=2 2 2 2 2 2 2 2 2 2 2 2 2 2 2 2 2 2 2 2 2 2 2 2 2 2 2 2 2 2
left_child=1 4 12 9 5 17 11 15 -7 10 28 -6 13 14 -3 16 -8 25 -9 -20 22 -22 -21 -18 -23 26 -1 -24 -2 -4
right_child=3 2 29 -5 6 8 7 18 -10 -11 -12 -13 -14 -15 -16 -17 23 -19 19 20 21 24 27 -25 -26 -27 -28 -29 -30 -31
leaf_value=-0.010277791700819971 0.026740624480422939 -0.0055035903122565028 -0.042342328448723238 -0.066877146961854636 -0.06043980033152923 -0.0024375145778400354 0.00065828838539991916 0.14229634019764553 0.086477159836070933 -0.046266303736902471 0.11283497077088721 0.067601057782588722 0.12346742205165931 -0.070210407172262915 0.17306251252274721 -0.012634707039873778 0.11151521443735402 -0.063542252919231032 -0.0561123657325606 0.22785836460067982 -0.06668094767182231 -0.073745128748303676 -0.032583873490035484 0.028724446609001572 0.075332694646243717 0.049929632199348373 -0.089363695528400108 0.10941924092608085 -0.048549627063097643 0.081293366310123086
leaf_weight=713.62218783574644 324.96154318537447 450.99580859355046 63.566975642723264 875.93930367415305 583.6605667041149 1288.2764944782248 1541.9207677780068 112.07215558804455 244.29777540784562 780.39118483461789 179.96714440587675 91.238445480674272 82.527001963462681 211.05839121874305 70.631851435085991 2119.2068891602103 189.06258846697165 1022.2635605032847 216.28319350758102 61.253268416650826 116.23645695718005 54.147049030347262 57.176475296757417 917.48154985834844 360.93347930442542 172.75776588605368 238.01003325427882 234.3587199144531 324.73110336071113 882.857220027945
leaf_count=28470 25625 20325 4570 114986 95331 37646 43169 7982 9143 64317 11549 5866 4350 14089 3218 44834 4312 131582 15852 2282 3534 2144 2723 25093 8501 11958 45798 7744 42427 109474
internal_value=-0.00169044 0.00469628 0.042115 -0.0327658 -0.00168234 -0.0181965 0.00744751 0.0131555 0.0117358 -0.0142077 0.0159471 -0.0431302 0.0062714 -0.00692912 0.0186754 0.00454666 0.0182946 -0.0395663 0.0470077 0.0373027 0.0601553 0.0290716 0.106969 0.04287 0.0558856 -0.017768 -0.0300577 0.0815693 -0.0108911 0.0729893
internal_weight=14581.9 12095.9 1761.64 2485.99 10334.3 3679.23 6655.03 5980.13 1532.57 1610.05 829.66 674.899 815.213 732.686 521.628 4767.67 2648.46 2146.65 1212.46 1100.39 884.105 531.317 352.788 1106.54 415.081 1124.39 951.632 291.535 649.693 946.424
internal_count=948894 689990 156026 258904 533964 264597 269367 168170 46789 143918 79601 101197 41982 37632 23543 117408 72574 217808 50762 42780 26928 14179 12749 29405 10645 86226 74268 10467 68052 114044
is_linear=0
shrinkage=0.1


Tree=48
num_leaves=31
num_cat=0
split_feature=48 30 16 49 53 6 4 42 43 53 43 29 1 11 16 15 41 42 43 44 50 12 11 1 15 39 39 53 6 13
split_gain=256.466 291.915 179.62 179.268 194.672 175.619 477.698 145.099 132.124 131.771 131.759 125.358 122.995 106.191 106.01 101.4 99.5892 94.8289 94.7859 89.0504 99.9436 88.9242 83.9759 82.9727 126.793 82.6386 90.3411 81.6713 124.266 78.3954
threshold=0.0080671310424804705 0.52870488166809093 0.31666667759418493 1.5000000000000002 0.89444443583488475 1.0000000180025095e-35 0.58499065041542064 0.95311355590820324 0.41670577228069311 0.89444443583488475 0.68875408172607433 0.03271185606718064 0.87665396928787243 0.89670634269714367 0.44949495792388922 0.53879600763320934 0.86526826024055492 0.19201229512691501 0.40720972418785101 1.0000000180025095e-35 2.5000000000000004 0.98799979686737072 0.63839775323867809 0.6999005675315858 0.60072463750839245 0.53571429848670971 0.88194444775581371 0.29285715520381933 1.5000000000000002 0.14087302237749103
decision_type=2 2 2 2 2 2 2 2 2 2 2 2 2 2 2 2 2 2 2 2 2 2 2 2 2 2 2 2 2 2
left_child=9 2 12 4 7 6 17 13 11 19 15 23 -2 14 -3 29 -6 18 -4 21 -21 -1 -17 24 -8 -16 -27 -7 -29 -5
right_child=1 3 5 10 16 27 8 -9 -10 -11 -12 -13 -14 -15 25 22 -18 -19 -20 20 -22 -23 -24 -25 -26 26 -28 28 -30 -31
leaf_value=-0.012531236827973672 -0.07194872495945262 -0.0029001875690978971 0.13911030507519026 -0.024551854588910904 0.13331392253712265 -0.091099142222822643 1.6088990838126298 0.070603306818444886 0.10898956708367485 0.091191427315950022 0.023673301640546134 0.11400790015240903 0.00035056482726734495 -0.04153325869200538 0.10708141517073176 -0.084301096418399613 0.040720304477067842 -0.036609979471385126 -0.041495466667361786 0.035049538043988436 -0.089257088550162539 0.051349206159547904 -0.017546019735016512 0.34813723550653708 0.50958877310380057 -0.052649996076572551 0.047404469216123131 0.09601549847688344 -0.056233773146550349 0.051428959154945178
leaf_weight=1286.8377833056729 1306.3896805561817 2993.9064573858632 68.125847629155032 968.37966732788482 143.76749534055125 281.11254766187631 1.3624334073683702 299.9891311871761 113.41643032385036 250.42081439087633 512.00525493081659 21.84666361217387 286.98797965244739 569.42354130226886 149.9813280441449 521.50951436482137 604.86211153568001 539.99516089289682 50.673850412480533 1821.1954620348115 67.061167124658823 262.33803675544914 295.06722625758266 26.305835949635366 4.5634229599672835 121.02922194369603 354.76698340952862 74.28029436536599 192.64644050406059 157.94282447959995
leaf_count=24390 327849 110574 7160 60941 6954 27956 156 9619 4333 35645 24107 1814 27769 12813 4068 64831 27495 56295 550 49483 1919 12231 7355 1395 326 1386 17649 3219 13514 5098
internal_value=-0.00157275 -0.00943628 -0.0360785 0.000841891 0.0112929 -0.00958853 0.019524 0.00342004 0.170318 0.0211581 -0.0214562 0.298941 -0.0589267 -0.00139107 0.00492382 -0.033349 0.0585021 -0.0188146 0.0620732 0.016056 0.0306348 -0.0017137 -0.0601794 0.424288 0.762335 0.0423562 0.0219534 -0.0534821 -0.0138659 -0.0138972
internal_weight=14348.2 10660.3 2967.71 7692.63 5237.73 1374.33 826.29 4489.1 167.495 3687.85 2454.9 54.0784 1593.38 4189.11 3619.68 1942.9 748.63 658.795 118.8 3437.43 1888.26 1549.18 816.577 32.2317 5.92586 625.778 475.796 548.039 266.927 1126.32
internal_count=948894 825226 472336 352890 190558 116718 72029 156109 8024 123668 162332 3691 355618 146490 133677 138225 34449 64005 7710 88023 51402 36621 72186 1877 482 23103 19035 44689 16733 66039
is_linear=0
shrinkage=0.1


Tree=49
num_leaves=31
num_cat=0
split_feature=45 43 21 18 13 15 15 4 27 50 13 15 15 19 8 42 48 15 11 30 44 11 14 39 36 1 5 15 14 12
split_gain=231.313 160.46 147.591 96.2772 83.9945 203.767 136.843 108.869 83.0064 76.7848 75.8533 179.422 161.125 134.564 98.3011 70.7036 68.8493 65.6324 88.3029 65.0162 69.0564 64.9248 64.4105 70.9412 64.3653 59.9614 59.7337 59.6665 58.6835 58.2623
threshold=0.61966443061828624 0.89506053924560558 1.0000000180025095e-35 1.0000000180025095e-35 0.29520697891712194 0.42194667458534246 0.82626661658287059 0.46709956228733068 175.50000000000003 1.0000000180025095e-35 0.098780486732721343 0.47765946388244634 0.20977697521448138 1.0000000180025095e-35 22.500000000000004 0.15535444766283038 0.16000792384147647 0.98726060986518871 0.97448912262916576 0.7135373353958131 0.18199831992387774 0.69100430607795726 3.5000000000000004 0.88194444775581371 1.0000000180025095e-35 0.94034391641616832 0.11805555596947671 0.59160795807838451 3.5000000000000004 0.96450302004814159
decision_type=2 2 2 2 2 2 2 2 2 2 2 2 2 2 2 2 2 2 2 2 2 2 2 2 2 2 2 2 2 2
left_child=1 2 4 8 5 -1 7 -6 -2 15 12 19 -4 14 22 -8 28 18 -17 20 -12 -7 -13 -24 -11 -3 -22 -18 -10 -15
right_child=3 25 10 -5 6 21 9 -9 16 24 11 13 -14 29 -16 17 27 -19 -20 -21 26 -23 23 -25 -26 -27 -28 -29 -30 -31
leaf_value=-0.0019118457454126753 0.062862423730736347 0.012689519536442415 0.0097297507178758097 -0.083347259693093437 -0.040576998397373436 -0.077009283564785591 0.14164351148722926 0.045594697693577949 0.17898114592007552 -0.024740335708451109 0.14953573615748811 0.045952708481197424 -0.07006478373120778 0.0455182309921916 -0.011774040950552582 -0.0052108568972951347 -0.023927160602408581 -0.041584565318704421 0.082801148362058943 0.11061278334724434 0.1126177412930691 0.0096806829528728183 -0.020141869434530797 0.029465169774245067 -0.10377906658827554 0.077952441783857435 -0.031817833798111421 -0.076308222066870365 0.0018845883323453895 0.14336209708854317
leaf_weight=1258.450179175532 100.55390849272953 225.15192298823968 1093.8534486275166 354.18310563453997 178.96701562847011 704.67880877415882 32.091408853273606 811.02210287787602 20.681357899564318 324.43076822947478 40.978027710778406 657.9488398306421 329.21967445750488 452.07514800725039 1851.8124225060747 1731.9257370786218 572.20390300947474 460.89577916092821 122.02835404267535 256.54525126569206 37.918538639496546 98.46323033887893 530.91534885115107 630.78318110288819 150.97969722058042 375.67591605265625 116.93081918224925 350.76763457144261 196.38853143312735 70.325626817997545
leaf_count=40105 15424 12600 32899 158315 16553 76699 1445 25545 2433 11574 1295 39725 48069 14129 69620 61188 81954 13895 2870 7444 2386 5078 17842 28511 6235 42523 5537 96802 9128 1071
internal_value=-0.00149011 0.0030705 0.000533749 -0.0373626 -0.0107661 -0.0270275 -0.00197255 0.0300169 -0.0242343 -0.0131934 0.0114699 0.0176569 -0.00873025 0.0112029 0.00444611 -0.00576978 -0.0319164 -0.00781341 0.000582145 0.0774907 0.0340989 -0.0663813 0.020953 0.00679394 -0.0498413 0.0534961 0.00355064 -0.0438341 0.0187575 0.05869
internal_weight=14138.8 12544.1 11943.2 1594.78 5873.93 2061.59 3812.34 989.989 1240.6 2822.35 6069.31 4646.23 1423.07 4193.86 3671.46 2346.94 1140.04 2314.85 1853.95 452.373 195.827 803.142 1819.65 1161.7 475.41 600.828 154.849 922.972 217.07 522.401
internal_count=948894 584838 529715 364056 261187 121882 139305 42098 205741 97207 268528 187560 80968 170898 155698 79398 190317 77953 64058 16662 9218 81777 86078 46353 17809 55123 7923 178756 11561 15200
is_linear=0
shrinkage=0.1


Tree=50
num_leaves=31
num_cat=0
split_feature=32 16 3 8 7 33 12 53 32 42 41 29 1 42 42 6 3 49 29 8 29 14 4 29 42 5 5 15 42 1
split_gain=220.739 214.411 177.302 125.081 131.418 112.323 168.19 133.66 138.665 126.771 110.591 96.703 152.129 135.438 101.512 107.076 101.884 101.261 96.8846 95.8225 90.4472 89.5547 86.4509 85.8852 141.262 129.746 91.6673 85.1448 84.5793 82.3197
threshold=9.1332817077636737 0.90454545617103588 0.90366768836975109 2147483689.0000005 0.66939890384674083 6.5078935623168954 0.82112231850624096 0.32051283121109014 5.4786596298217782 0.9294019639492036 0.76506900787353527 0.86158683896064769 0.85054415464401256 0.85504204034805309 0.92770034074783336 2.5000000000000004 0.93957650661468517 4.5000000000000009 0.66371718049049389 3.5000000000000004 0.65812867879867565 5.5000000000000009 0.83910790085792553 0.36495614051818853 0.6474730670452119 0.32051283121109014 0.11805555596947671 0.53879600763320934 0.76817703247070324 0.94476571679115307
decision_type=2 2 2 2 2 2 2 2 2 2 2 2 2 2 2 2 2 2 2 2 2 2 2 2 2 2 2 2 2 2
left_child=1 5 -3 4 -2 6 27 10 11 23 -7 12 13 -9 15 16 20 22 -16 -20 -14 -10 -13 24 -8 -25 -26 -1 -17 -24
right_child=3 2 -4 -5 -6 7 9 8 21 -11 -12 17 14 -15 18 28 -18 -19 19 -21 -22 -23 29 25 26 -27 -28 -29 -30 -31
leaf_value=-0.01587775270291665 0.022381147546580715 0.014659281056708627 0.0843058054353229 -0.062684810258764115 -0.038036398181616526 -0.052095795521645311 -0.028057337388582744 0.016490150349476537 0.053795382956285935 0.078347849014185164 0.077392265851795983 0.08107022926077001 -0.0018634407328495806 0.14729153188493291 0.11677538437387291 0.0056523571298188312 0.030299300629524961 -0.052891759528456511 -0.11234223003749287 0.036110917221182322 -0.10003730804912514 -0.016081859098817181 -0.084754203377524734 -0.11831528402898198 0.14925122213180606 -0.0057367868638811045 0.027823385418676384 -0.05729247300345585 -0.060435869293091672 0.024794769739632534
leaf_weight=1085.299215194711 613.79899328995089 1120.0733620557585 542.59300194942625 771.90482621430419 870.7596408065001 566.60933964536525 216.04357059515314 423.30887831273139 1001.0112870517187 226.99058610480279 74.64614078879822 268.16980092934682 257.1854515238665 97.370848254824523 97.390746671066154 244.55311957857339 483.7890530784789 165.57567976554856 58.794248439488001 166.92663689464098 147.75823255663272 224.54985265058349 72.504183597047813 120.55560842785053 112.59179205977125 678.73431371280458 138.82350139872869 914.89590659475653 930.33153260298423 1271.9594664073957
leaf_count=86226 56592 67522 89956 110368 82784 102113 21249 12378 49196 9143 4556 6810 7626 1730 2025 5379 13829 13162 585 2969 1928 3802 1168 1205 2644 9653 2895 131582 15662 32157
internal_value=-0.00139463 0.00412443 0.0373877 -0.0300336 -0.0130564 -0.00138061 -0.0158608 0.0063406 0.0110447 0.00952796 -0.0370226 0.00321167 -0.00802338 0.0409509 -0.0187074 -0.026868 -0.000677499 0.0215812 0.0334115 -0.00255715 -0.0376857 0.0409923 0.0292277 -0.00280397 0.0312442 -0.0227168 0.0822026 -0.034821 -0.0466796 0.018887
internal_weight=13965.5 11709 1662.67 2256.46 1484.56 10046.4 3493.93 6552.43 5911.18 1493.74 641.255 4685.62 2907.41 520.68 2386.73 2063.62 888.733 1778.21 323.112 225.721 404.944 1225.56 1612.63 1266.75 467.459 799.29 251.415 2000.2 1174.88 1344.46
internal_count=948894 699150 157478 249744 139376 541672 264597 277075 170406 46789 106669 117408 64111 14108 50003 44424 23383 53297 5579 3554 9554 52998 40135 37646 26788 10858 5539 217808 21041 33325
is_linear=0
shrinkage=0.1


Tree=51
num_leaves=31
num_cat=0
split_feature=44 18 15 43 48 13 14 13 53 53 36 32 32 13 15 42 15 31 48 15 10 14 14 1 3 5 4 31 30 29
split_gain=184.828 160.847 159.095 124.299 109.393 104.103 141.553 149.676 120.869 143.787 118.977 100.83 117.097 95.6514 94.7386 80.5557 126.915 75.1793 80.3142 209.176 117.234 108.633 76.511 113.005 74.8403 97.4802 186.18 108.126 96.7951 91.1411
threshold=0.3417812734842301 1.0000000180025095e-35 0.59160795807838451 0.89506053924560558 0.0080671310424804705 0.087595909833908095 3.5000000000000004 0.35857143998146063 0.89444443583488475 0.72077924013137828 1.0000000180025095e-35 1.7195520401000979 1.5308482050895693 0.10435571894049646 0.23831367492675784 0.14459930360317233 0.95171004533767711 10.106236934661867 0.18820545077323916 0.51169630885124218 0.84901741147041332 3.5000000000000004 3.5000000000000004 0.87974917888641369 0.99523812532424938 0.11805555596947671 0.58204835653305065 1.7195520401000979 0.98690816760063182 0.39672353863716131
decision_type=2 2 2 2 2 2 2 2 2 2 2 2 2 2 2 2 2 2 2 2 2 2 2 2 2 2 2 2 2 2
left_child=2 17 13 5 15 -4 10 -8 9 24 -7 12 -11 14 -1 16 -3 18 21 22 -21 -2 23 -20 25 26 -9 -27 -26 -28
right_child=1 4 3 -5 -6 6 7 8 -10 11 -12 -13 -14 -15 -16 -17 -18 -19 19 20 -22 -23 -24 -25 28 27 29 -29 -30 -31
leaf_value=0.068320164937163766 0.10300796906570045 1.8565954946391257 -0.086439744427183704 0.049703887431456067 -0.06537379405909384 0.061390623676259387 -0.077010121479673302 -0.017308081698197648 0.076732428610640419 -0.050247054619784251 0.0081677702860012795 0.071112644925113919 -0.24283886919287681 0.071628346896714809 -0.070737703885261252 0.078388387456426067 0.1289549361738975 0.026309785614240425 -0.053386033466162212 -0.075785804262584591 0.076686372765251073 -8.3938221926585502e-05 0.068335711112138625 0.00049848266279144723 0.106100007248198 -0.10630005757586079 0.11816314469496914 -0.0088237390964927623 0.0095981506117803327 -0.061763997385253726
leaf_weight=88.44813987496309 113.02916618730524 0.66886747555690718 136.00923622917617 547.95027895923704 743.02416437126521 598.22740380861796 293.10592126171105 337.95088995530386 181.47111739875982 591.73103556316346 1409.9280707654398 64.163056796300225 33.348738574422896 586.94826770873624 109.83047769733821 34.200588115025312 1.1672756868647409 558.12752183861448 489.54572402441408 738.88833843255998 54.121983537159394 1068.3187797882711 129.63336112297839 1898.6711768227397 145.61532734020147 120.33857176708989 224.77780712867389 2093.5404587364756 363.16889535309747 32.183654680848122
leaf_count=3582 8191 154 19507 54406 245876 35964 22265 14684 23267 10032 54562 3504 162 24072 16873 3511 324 15651 67137 141694 6094 34540 5051 63305 8388 4008 7959 42852 10712 567
internal_value=-0.0013001 -0.0148283 0.00860869 0.00393093 -0.0571214 0.000145387 0.00196006 -0.00792647 -0.00309184 -0.00670713 0.0240228 -0.0482679 -0.0605221 0.0513428 -0.00870676 0.113031 0.758297 -0.00830425 -0.0126048 -0.0205918 -0.0653798 0.0097797 -0.00648564 -0.010547 0.00192733 -0.00446508 0.0314725 -0.0141222 0.0372172 0.0956278
internal_weight=13788.1 5829.4 7958.74 7173.51 779.061 6625.56 6489.55 4481.4 4188.29 4006.82 2008.16 689.243 625.08 785.227 198.279 36.0367 1.83614 5050.34 4492.21 3310.86 793.01 1181.35 2517.85 2388.22 3317.58 2808.79 594.912 2213.88 508.784 256.961
internal_count=948894 591528 357366 312839 249865 258433 238926 148400 126135 102868 90526 13698 10194 44527 20455 3989 478 341663 326012 283281 147788 42731 135493 130442 89170 70070 23210 46860 19100 8526
is_linear=0
shrinkage=0.1


Tree=52
num_leaves=31
num_cat=0
split_feature=32 13 15 42 14 36 16 32 8 7 44 29 18 10 13 7 53 1 51 5 52 43 4 5 31 12 5 42 27 53
split_gain=175.562 169.905 299.236 214.338 164.225 160.996 108.752 127.076 106.99 107.843 104.622 101.188 131.901 98.7318 96.3397 90.196 110.183 89.8574 77.6069 76.2207 119.479 106.61 79.3706 75.4103 73.8281 73.5252 71.5243 65.7193 63.5046 62.4585
threshold=9.1332817077636737 0.18019481003284457 0.33431373536586767 0.94494947791099559 4.5000000000000009 1.0000000180025095e-35 0.90454545617103588 5.3134491443634042 2147483689.0000005 0.65261757373809826 0.18199831992387774 0.51249042153358471 1.0000000180025095e-35 0.7243328094482423 0.98529410362243663 0.83827373385429393 0.76388889551162731 0.93582671880722057 0.99450549483299266 0.32051283121109014 0.60736891627311718 0.40068039298057562 0.72438782453536998 0.32051283121109014 8.8637833595275897 0.97309359908103954 0.11805555596947671 0.88416817784309398 161.50000000000003 0.68333333730697643
decision_type=2 2 2 2 2 2 2 2 2 2 2 2 2 2 2 2 2 2 2 2 2 2 2 2 2 2 2 2 2 2
left_child=1 2 10 4 5 19 14 -8 9 -2 -1 -5 -13 -4 15 16 17 27 25 22 21 -21 26 -12 -10 -7 -3 29 -25 -6
right_child=8 3 13 11 6 18 7 -9 24 -11 23 12 -14 -15 -16 -17 -18 -19 -20 20 -22 -23 -24 28 -26 -27 -28 -29 -30 -31
leaf_value=0.19681002702585584 0.021605653229947272 0.025597237542371212 -0.068018095088441033 0.12916687942116831 -0.031551714134810623 -0.00036149772662703378 0.083011494406397046 -0.0020028107985924264 -0.074008036996132787 -0.033860141185033235 -0.063590528759774737 0.071509410764804743 -0.018758501934008926 0.035054902639161993 0.13606923336215881 0.0010086864708372992 -0.098918430829514958 0.032556712766502655 0.15397225334512177 0.41104229239830903 0.056067149683696763 0.12704401286062147 0.13565616212328135 0.038082681553273441 0.0063515485333222243 0.13904317664723831 -0.078650081226798674 0.12798479511829783 -0.0015922984701220071 -0.10852055609144887
leaf_weight=27.926916668307967 586.88157173134096 259.60087546391878 975.22765683793114 163.65452412868035 979.44962189985381 1871.7073026070138 249.62111006455962 594.72946943365969 588.93313585597207 870.47511169681093 163.24106013590063 499.64406987445545 239.45487560980837 102.72097124726861 40.093633451499045 1168.5146295084269 234.28580924717244 228.31343599007232 34.414226622902788 16.285009230399737 713.94588755330187 70.184208556776866 48.554472662392072 508.28716722814715 141.86591131289606 38.614496962516569 88.167334582860349 23.841308907838538 1955.6666005372535 118.14696268184343
leaf_count=1160 52970 26172 175319 7669 42486 107691 33379 18815 102489 86406 32700 63021 7448 11294 717 28931 2131 4286 1333 1114 34815 2052 2322 13404 7879 728 9111 359 69566 1127
internal_value=-0.00123504 0.00373913 -0.0137618 0.0122446 0.00614844 0.0228962 -0.00831756 0.0231305 -0.0271823 -0.0115239 0.00427801 0.0580183 0.0422642 -0.058196 -0.0178258 -0.0200675 -0.035615 -0.0246269 0.00513761 0.0517546 0.069513 0.18053 0.0158896 0.00223141 -0.0584083 0.00245637 -0.000831884 -0.0362689 0.00659222 -0.0398368
internal_weight=13602.4 11414.3 3733.07 7681.22 6778.47 3141.47 3637 844.351 2188.16 1457.36 2655.12 902.753 739.099 1077.95 2792.65 2752.55 1584.04 1349.75 1944.74 1196.74 800.415 86.4692 396.323 2627.19 730.799 1910.32 347.768 1121.44 2463.95 1097.6
internal_count=948894 699150 303443 395707 317569 185338 132231 52194 249744 139376 116830 78138 70469 186613 80037 79320 50389 48258 109752 75586 37981 3166 37605 115670 110368 108419 35283 43972 82970 43613
is_linear=0
shrinkage=0.1


Tree=53
num_leaves=31
num_cat=0
split_feature=48 1 29 16 28 5 53 21 44 3 43 52 50 12 10 6 43 53 41 25 12 11 15 13 15 53 12 12 43 42
split_gain=159.668 189.169 170.197 137.41 129.303 95.8138 93.2512 90.2938 80.703 91.9734 80.2242 79.4078 76.4425 76.3894 148.553 117.388 127.836 104.474 117.672 80.7247 72.2941 113.453 67.7496 84.1879 135.74 65.9628 68.8134 65.9155 85.333 62.3409
threshold=1.0000000180025095e-35 0.74637410044670116 0.03271185606718064 0.44949495792388922 0.32051283121109014 0.11805555596947671 0.89444443583488475 1.0000000180025095e-35 0.0078927874565124529 0.99523812532424938 0.41896694898605352 0.63224515318870556 3.5000000000000004 0.49880382418632513 1.0000000180025095e-35 1.5000000000000002 0.43668250739574438 0.43650794029235845 0.69268846511840831 1.0000000180025095e-35 0.58629718422889721 0.88937833905220043 0.88583961129188549 0.29520697891712194 0.47765946388244634 0.16025641560554507 0.98799979686737072 0.44935679435729986 0.50814667344093334 0.16843970865011218
decision_type=2 2 2 2 2 2 2 2 2 2 2 2 2 2 2 2 2 2 2 2 2 2 2 2 2 2 2 2 2 2
left_child=6 3 11 10 5 -4 8 22 25 12 -2 -3 -10 14 -9 16 -15 -17 -19 -20 -5 29 23 24 -6 -1 -27 -13 -29 -22
right_child=1 2 4 20 7 -7 -8 13 9 -11 -12 27 -14 15 -16 17 -18 18 19 -21 21 -23 -24 -25 -26 26 -28 28 -30 -31
leaf_value=0.094350757753993555 -0.07153801025928154 -0.02049219758960201 0.12813224413746191 -0.08128162675585926 0.00051625378349843957 -0.070627532940845839 0.087253154002993966 0.010233403864593191 0.022048929406855912 0.080020695625640889 -0.016566794364583106 -0.080503084869187572 -0.11982767273515774 0.29765455430898402 -0.065353696998818753 -0.050590615265929187 0.064011431558832974 0.094878273772213667 0.0094124946369765934 0.10758432081212857 0.14536802028349136 -0.041153570135896961 -0.033844401371938594 0.024985786762165146 -0.065523803776674786 -0.017609604551480133 0.043773850381823382 0.22578130133631485 0.076236009681661387 0.024263718781460254
leaf_weight=65.873863225919195 879.50688411424926 54.304571122396737 25.918742410518462 107.24337337471661 1342.2453466378211 377.45130436634645 182.99974104424473 1165.1722092705313 1358.2023356868885 289.39073863584781 380.26635061661364 15.241357811843043 39.068740806775168 27.436575855710544 334.69418068218511 214.07954667671584 159.88241060449218 203.89102806383744 1617.3186266706034 88.333962930075359 46.907171619037399 312.89831347204745 966.31561724597123 764.72533455706434 405.19302431750111 1173.9239091355121 216.27565125841647 64.460483474264038 93.507823199382983 453.06570514003397
leaf_count=2065 309078 3501 1937 34635 46497 50374 34080 34785 31464 14637 20733 4814 872 2970 68877 11703 6326 6525 60511 3585 1943 6821 39324 25760 52173 22574 11672 3752 4275 30631
internal_value=-0.00114381 -0.0074016 -0.000221799 -0.0334879 -0.00274281 -0.0578561 0.0178607 0.000307013 0.0138201 0.0287092 -0.0549448 0.0850181 0.018082 0.0109404 -0.00663381 0.0223466 0.0982331 0.0156529 0.0230794 0.0144967 -0.00411029 0.00607105 -0.0113423 -0.00268676 -0.014797 -0.00342693 -0.00806008 0.118098 0.137259 0.0356257
internal_weight=13425.8 10100.1 7920.17 2179.89 7692.66 403.37 3325.73 7289.29 3142.74 1686.66 1259.77 227.514 1397.27 3810.81 1499.87 2310.94 187.319 2123.62 1909.54 1705.65 920.115 812.871 3478.48 2512.16 1747.44 1456.07 1390.2 173.21 157.968 499.973
internal_count=948894 831530 427689 403841 411347 52311 117364 359036 83284 46973 329811 16342 32336 195282 103662 91620 9296 82324 70621 64096 74030 39395 163754 124430 98670 36311 34246 12841 8027 32574
is_linear=0
shrinkage=0.1


Tree=54
num_leaves=31
num_cat=0
split_feature=40 3 12 16 29 30 32 5 4 53 28 6 41 53 7 8 43 4 43 53 3 4 7 32 43 4 30 3 29 3
split_gain=141.347 183.038 208.779 179.776 154.074 153.865 125.106 105.369 457.507 245.237 193.849 395.327 268.038 178.22 158.243 187.513 155.08 153.396 151.87 143.077 94.5654 114.828 156.321 101.455 94.471 92.8269 90.0565 84.9059 84.8362 84.7397
threshold=0.85584414005279552 0.93957650661468517 0.67867961525917064 0.43650794029235845 0.55035299062728893 0.65051183104515087 4.9031014442443857 1.0000000180025095e-35 0.61451047658920299 0.36931818723678594 0.29285715520381933 1.5000000000000002 0.61620295047760021 0.47727273404598242 0.53907206654548656 37.500000000000007 0.50607481598854076 0.39369100332260137 0.38118296861648565 0.37980769574642187 0.78142958879470836 0.73097601532936107 0.80810147523880016 1.5308482050895693 0.41186347603797918 0.72046515345573436 0.52870488166809093 0.78979855775833141 0.39672353863716131 0.21380952745676043
decision_type=2 2 2 2 2 2 2 2 2 2 2 2 2 2 2 2 2 2 2 2 2 2 2 2 2 2 2 2 2 2
left_child=1 2 -1 4 5 -2 28 8 14 18 25 16 13 -13 15 17 19 24 -10 -12 -14 22 -22 -24 -4 -9 -5 -15 -3 -16
right_child=3 6 7 26 -6 -7 -8 10 9 -11 11 12 20 27 29 -17 -18 -19 -20 -21 21 -23 23 -25 -26 -27 -28 -29 -30 -31
leaf_value=-0.052009015435194941 0.004097250932471588 0.15905542648328519 0.069115190998420326 -0.040228056629564739 -0.006171336567375247 0.096417054080675524 0.072306325048627884 -0.088659294423902968 0.29549456341689534 -0.083819750607978707 0.37095854457613953 -0.042335976476739201 -0.090458700599430827 0.17763222260175041 0.085555247077234095 -0.091591806059760639 0.075465967768319347 0.18088617934985149 0.11274681753936516 -0.035790422828753707 -0.061369874819916986 -0.044215998959081265 -0.11072390778080116 0.090146689090806642 -0.010769433539564739 0.013677580333710568 0.058657068496876866 0.040311957837093584 0.0016504791512926449 -0.047802679662066805
leaf_weight=1368.7385711813404 416.11450521511142 35.131486755504739 267.77106745215133 102.16525501466822 3534.1270927693986 318.87328316344065 353.255255813041 499.42671554605477 55.354159080015961 54.964114575326676 37.542484160803724 96.480295990011655 270.95117639901582 116.5197425953229 50.39637864913675 126.02118999049708 173.67147569858935 70.512873148632934 254.78930291641154 11.236365645949261 150.58500571234617 987.45346186828101 28.341963904560544 222.87340686458629 331.07037932652747 107.76066664876998 934.6988371273037 73.384339197713416 1350.6609860522731 873.87357369571691
leaf_count=288895 21030 2476 32566 2907 129547 11115 21700 53023 2053 1255 1427 5268 8910 2530 5491 27782 3748 3190 10524 325 3148 16281 310 5184 4001 2582 102391 1523 53200 124512
internal_value=-0.00108208 -0.00950218 -0.0175097 0.0115636 0.00249219 0.0441501 0.0191827 -0.00779545 0.00919463 0.110862 -0.0205538 -0.00657303 -0.0210049 0.0683394 -0.0123909 0.0203098 0.119716 0.0413778 0.145363 0.277263 -0.0364168 -0.0258768 0.0191931 0.0674846 0.0249509 -0.070497 0.0489136 0.124568 0.00564088 -0.0405313
internal_weight=13274.7 7968.77 6229.72 5305.98 4269.11 734.988 1739.05 4860.98 2084.75 365.108 2776.23 2169.04 1946.59 286.384 1719.65 795.376 222.45 669.354 310.143 48.7788 1660.21 1389.25 401.8 251.215 598.841 607.187 1036.86 189.904 1385.79 924.27
internal_count=948894 681904 604528 266990 161692 32145 77376 315633 211374 13832 104259 48654 43154 9321 197542 67539 5500 39757 12577 1752 33833 24923 8642 5494 36567 55605 105298 4053 55676 130003
is_linear=0
shrinkage=0.1


Tree=55
num_leaves=31
num_cat=0
split_feature=32 16 3 8 7 27 33 12 19 14 42 42 16 1 2 50 18 10 12 1 29 28 32 42 4 47 1 42 6 5
split_gain=136.234 118.442 134.711 93.9235 92.612 92.5308 83.6752 120.808 85.6691 70.8638 75.9765 69.6158 68.5848 66.2944 96.9823 65.7574 61.6482 59.5018 58.8704 58.5578 57.7102 56.8497 107.337 55.2594 55.1385 54.3001 52.9627 76.2501 50.7833 70.0181
threshold=8.7522115707397479 0.90454545617103588 0.90366768836975109 2147483689.0000005 0.66939890384674083 161.50000000000003 7.9343340396881112 0.82112231850624096 1.0000000180025095e-35 4.5000000000000009 0.9294019639492036 0.9136645793914796 0.44949495792388922 0.82205018401145946 0.96449580788612377 2.5000000000000004 1.0000000180025095e-35 0.7789512872695924 0.5336349904537202 0.85054415464401256 0.5219152867794038 0.32051283121109014 5.3478760719299325 0.85504204034805309 0.81284341216087352 0.14223158359527591 0.89333844184875499 0.99253731966018688 1.5000000000000002 0.43650794029235845
decision_type=2 2 2 2 2 2 2 2 2 2 2 2 2 2 2 2 2 2 2 2 2 2 2 2 2 2 2 2 2 2
left_child=1 5 15 4 -2 -1 7 16 11 12 19 -9 21 -5 -15 23 25 -18 -4 24 -13 -8 -23 -3 -11 -7 -6 -28 -24 -30
right_child=3 2 18 13 26 6 9 8 -10 10 -12 20 -14 14 -16 -17 17 -19 -20 -21 -22 22 28 -25 -26 -27 27 -29 29 -31
leaf_value=0.018359142071934856 0.019415721980818167 0.0073713147175707983 -0.05282097571564176 -0.076773593591644373 -0.048781164449606215 -0.0068001373501451901 -0.050321056963103954 -0.015017858828612752 0.061055444708269568 -0.0041455224539856143 0.070320055958293673 0.11772081087540598 0.082763608544150116 0.0015530955828013376 -0.19923898509952431 -0.11143815624535824 -0.074117116925396617 0.0154755169874305 0.088778541798288424 -0.037291514563136931 0.01044799603481811 0.003643430561780403 0.18275722203965419 0.082529967928358608 0.11221864620551136 -0.044044199946332546 0.01911853863733233 -0.14104478019627575 -0.044678133657296115 0.06851773900338011
leaf_weight=2049.4386126628815 654.00482705995091 852.16793551133014 31.762779575772583 446.29725714045344 560.35094261731138 995.6231402073463 142.4086127049668 1103.1264158479316 233.3155639723409 244.24842076873756 95.589525361079723 74.792276735184714 140.8364058402949 274.54148917179555 26.364662106323522 42.268112227786332 468.81499365449417 88.051063577571767 388.32505288568791 767.14241912099533 152.21378461213317 1699.0667731399008 31.047371343767736 110.51078763519763 48.867994529369753 645.10035246983171 283.99404558379319 33.199336297780974 65.345140182093019 333.70666498670471
leaf_count=81847 60785 50619 898 107913 79394 54971 37063 42484 6807 7738 5618 1614 6452 12504 344 1447 102507 14121 88626 10584 6432 38503 2934 12446 736 84734 9539 1186 6963 11085
internal_value=-0.00102994 0.00365666 0.0305178 -0.0232495 -0.00906901 -0.000424709 -0.0056771 -0.0160845 0.00516392 0.00529255 -0.0150666 -0.00463988 0.0150471 -0.0523155 -0.0160398 0.0106391 -0.0312014 -0.0599508 0.0780722 -0.0227648 0.0457914 0.0108487 0.0149401 0.0159992 0.0152546 -0.0214438 -0.0302977 0.0023549 0.0595664 0.0499818
internal_weight=13082.5 10803.8 1425.03 2278.75 1531.55 9378.74 7329.3 3761.04 1563.45 3568.26 1155.85 1330.13 2412.41 747.203 300.906 1004.95 2197.59 556.866 420.088 1060.26 227.006 2271.57 2129.17 962.679 293.116 1640.72 877.544 317.193 430.099 399.052
internal_count=948894 677229 154036 271665 150904 523193 441346 313670 57337 127676 24676 50530 103000 120761 12848 64512 256333 116628 89524 19058 8046 96548 59485 63065 8474 139705 90119 10725 20982 18048
is_linear=0
shrinkage=0.1


Tree=56
num_leaves=31
num_cat=0
split_feature=45 21 48 15 15 10 15 48 8 12 3 28 4 28 45 41 49 1 28 6 50 32 6 27 16 11 18 8 29 51
split_gain=115.819 96.6997 87.4474 87.4037 70.9483 75.8479 76.8902 109.713 66.315 106.004 131.681 96.0194 146.124 107.974 105.196 96.8495 85.8874 66.2463 63.2602 80.4724 62.608 59.7132 65.0792 57.9394 54.5062 53.2883 82.5584 50.3338 60.2622 82.0752
threshold=0.80869710445404064 1.0000000180025095e-35 0.011312842369079592 0.98726060986518871 0.87112742662429821 0.75789955258369457 0.52512624859809887 0.20362153649330142 21.500000000000004 0.51630625128746044 0.99523812532424938 1.0000000180025095e-35 0.58499065041542064 0.32051283121109014 0.54499766230583202 0.65599384903907787 2.5000000000000004 0.87974917888641369 0.47727273404598242 1.5000000000000002 1.0000000180025095e-35 1.5308482050895693 1.5000000000000002 105.50000000000001 0.90454545617103588 0.9656483829021455 1.0000000180025095e-35 2.5000000000000004 0.69259262084960949 0.82167318463325512
decision_type=2 2 2 2 2 2 2 2 2 2 2 2 2 2 2 2 2 2 2 2 2 2 2 2 2 2 2 2 2 2
left_child=1 2 3 25 5 6 -4 -8 9 17 11 12 -11 -13 -14 18 -12 -3 19 -15 -6 -17 -23 -2 -22 -1 -27 28 -24 -30
right_child=23 8 4 -5 20 -7 7 -9 -10 10 16 13 14 15 -16 21 -18 -19 -20 -21 24 22 27 -25 -26 26 -28 -29 29 -31
leaf_value=0.016194935456538283 0.61587794412715346 -0.065446244210065674 -0.0013312568273792394 -0.022634530639440903 -0.02320865746175069 0.024673307796050651 0.0069829526241444347 -0.071239643533212132 -0.0011250743341893652 0.027118952885566427 0.093507294033100374 -0.075027966056816553 0.13520061319467208 0.15385888305782136 0.57704703609469676 0.076962656133608351 0.0071066432381482626 0.0041670187931798905 0.13222640537972416 -0.066766330294106321 -0.10308121082552879 0.075843123406695634 0.015774061234393916 -0.038485762532138881 -0.0044469425593389698 0.02186179899896435 0.15166809714914423 -0.065259017380137799 0.1175966010792777 -0.11067925771909851
leaf_weight=1058.4102130937681 1.3553658721211821 161.4749734162906 1424.0171275736648 544.67930143652484 1120.3430073426134 618.52224077034043 293.42810107013793 461.02628862102574 2765.3262844106357 437.01058303911122 455.19662806863198 159.98445540406101 96.739476581948111 25.368279114511097 5.7061995764379381 88.046262479940196 153.96839079106576 891.08812781146844 101.46590895258123 47.465556978597306 203.9444099739485 78.556663794268388 368.96558104114956 815.51060639086063 77.246766978816595 127.75183760497021 79.480320815811865 181.53329513955396 19.21019765798701 87.453345110930968
leaf_count=34528 239 32322 62086 24821 83769 34297 20462 74142 150792 27504 41473 16106 4618 719 462 3244 10748 41824 2568 3239 14574 2766 11531 229750 5949 5755 1759 5715 392 740
internal_value=-0.0009527 0.00150107 -0.0075118 0.0108599 -0.0154333 -0.00623137 -0.015006 -0.0408167 0.0103437 0.0197847 0.0317845 0.0174715 0.052318 0.00123884 0.159811 0.013464 0.0716693 -0.00651244 0.0811849 0.0100782 -0.0337973 -0.000865003 -0.0101789 -0.0374 -0.0759851 0.0252744 0.0716468 -0.0204619 -0.00336424 -0.0695666
internal_weight=12950.3 12133.4 6008.85 1810.32 4198.53 2796.99 2178.47 754.454 6124.56 3359.23 2306.67 1697.51 539.456 1158.05 102.446 998.065 609.165 1052.56 174.3 72.8338 1401.53 823.765 735.719 816.866 281.191 1265.64 207.232 657.162 475.629 106.664
internal_count=948894 718905 362142 66863 295279 190987 156690 94604 356763 205971 131825 79604 32584 47020 5080 30914 52221 74146 6526 3958 104292 24388 21144 229989 20523 42042 7514 18378 12663 1132
is_linear=0
shrinkage=0.1


Tree=57
num_leaves=31
num_cat=0
split_feature=32 12 10 53 53 42 29 7 3 32 32 1 49 14 12 29 3 6 32 30 5 48 14 10 43 53 4 31 7 31
split_gain=113.585 99.8911 283.779 156.46 136.309 123.093 173.449 133.957 121.141 190.693 111.537 168.057 103.597 86.0668 84.2132 80.1439 79.4101 76.5975 137.368 96.4986 82.4662 75.2877 98.3837 83.4878 73.7129 99.5263 123.634 120.263 70.7763 69.0625
threshold=9.1332817077636737 0.54721674323081981 1.0000000180025095e-35 0.89444443583488475 0.78888890147209179 0.89512962102890026 0.54596200585365307 0.93969696760177623 0.94609126448631298 1.7195520401000979 3.2679439783096318 0.83079522848129284 2.5000000000000004 5.5000000000000009 0.8302990496158601 0.47002609074115759 0.77459678053855907 2.5000000000000004 1.5308482050895693 0.98690816760063182 0.72077924013137828 0.23809523880481723 4.5000000000000009 0.85160315036773693 0.31787763535976415 1.0000000180025095e-35 0.47478812932968145 8.9894409179687518 0.86402156949043285 10.106236934661867
decision_type=2 2 2 2 2 2 2 2 2 2 2 2 2 2 2 2 2 2 2 2 2 2 2 2 2 2 2 2 2 2
left_child=1 2 -1 4 5 8 -7 -8 10 17 11 16 -5 -6 -14 -13 -3 -10 19 -19 -20 22 -12 29 -2 26 -26 -27 -15 -23
right_child=24 3 -4 12 13 6 7 -9 9 -11 21 15 14 28 -16 -17 -18 18 20 -21 -22 23 -24 -25 25 27 -28 -29 -30 -31
leaf_value=0.0054579992320022289 -0.059563986530123993 -0.10069922092168025 -0.063870294786350854 0.081159962355811147 -0.011169937982964714 0.095792408791471897 0.04363969493376773 -0.061871436857317413 0.037031999198545322 0.087547176943176472 0.03402994069354983 0.1038350831939847 -0.046798574236497768 -0.11219163303261653 0.082834532105572511 -0.084958081164958371 0.064670094432056721 0.10203600519638063 0.093369925050078517 -0.018650687232270646 -0.25412592467728862 -0.045670533857905496 -0.0058087702626115805 0.12977647338942572 -0.010024047332316275 -0.058764638398381523 0.085052193984461733 0.020352697376667905 0.049342664971644093 0.084817096605451114
leaf_weight=2377.1770558305434 426.48921872384381 35.449447004997637 785.51629465277074 471.72713171725627 368.24010251098662 371.22886843877495 342.70985065164859 185.43737987679197 474.58646396387485 392.33200865419349 1002.9204223412817 23.677181806298904 144.34824920678511 194.03130818915088 76.761830488801934 446.66311565015349 160.55245655484032 75.802536357252393 8.4668584055616503 525.87323357636342 35.310505530098453 579.7410898188391 1623.0893057518551 31.717601307158475 503.33986005108454 628.57701175562397 187.80123939632904 276.70340462910826 31.532272315002047 43.611741067259572
leaf_count=82779 166262 718 189474 61903 9227 16400 13335 3822 14205 24510 76226 779 6066 2607 12893 5858 3575 3688 331 14143 239 95497 53774 3538 28511 37514 10314 7143 1311 2252
internal_value=-0.000884021 0.00318631 -0.011761 0.00936928 0.00485363 0.00913219 0.0434116 0.00659376 0.00348544 0.0275504 -0.00573453 -0.0430348 0.0546861 -0.0409664 -0.00179441 -0.0754541 0.0347609 0.00653442 -0.0158897 -0.00344589 -0.186918 0.00184065 0.00940635 -0.0284883 -0.022632 -0.0127654 0.0158107 -0.034582 -0.0896102 -0.0365412
internal_weight=12831.4 10808.5 3162.69 7645.81 6952.97 6359.17 899.376 528.147 5459.79 1512.37 3947.42 666.342 692.837 593.804 221.11 470.34 196.002 1120.04 645.453 601.676 43.7774 3281.08 2626.01 655.07 2022.91 1596.42 691.141 905.28 225.564 623.353
internal_count=948894 699150 272253 426897 346035 332890 33557 17157 299333 57116 242217 10930 80862 13145 18959 6637 4293 32606 18401 17831 570 231287 130000 101287 249744 83482 38825 44657 3918 97749
is_linear=0
shrinkage=0.1


Tree=58
num_leaves=31
num_cat=0
split_feature=43 21 29 42 4 53 28 7 42 6 4 7 14 31 29 41 15 13 12 15 10 14 36 13 31 43 6 4 30 43
split_gain=106.115 106.192 102.828 69.5452 100.693 123.335 75.5461 71.0261 69.1091 67.4378 64.111 62.7291 61.851 61.123 68.9712 67.5069 56.4351 66.3722 55.9873 131.556 118.274 95.1037 101.529 93.895 84.4713 118.51 78.9398 80.9045 63.1356 59.1561
threshold=0.80111765861511242 1.0000000180025095e-35 0.98690816760063182 0.16843970865011218 0.42588071525096899 0.11805555596947671 0.32051283121109014 0.38529014587402349 0.64932432770729076 1.0000000180025095e-35 0.61451047658920299 0.52521184086799633 11.500000000000002 1.7195520401000979 0.21903234720230105 0.61620295047760021 0.7649616301059724 0.18019481003284457 0.52954608201980602 0.60617992281913768 1.0000000180025095e-35 3.5000000000000004 1.0000000180025095e-35 0.30602006614208227 9.5042500495910662 0.36397199332714086 1.0000000180025095e-35 0.50944742560386669 0.72053503990173351 0.46183776855468756
decision_type=2 2 2 2 2 2 2 2 2 2 2 2 2 2 2 2 2 2 2 2 2 2 2 2 2 2 2 2 2 2
left_child=1 3 12 -1 7 8 9 -5 11 10 -7 -6 -2 -8 -15 -16 -17 -18 20 24 -3 22 -21 -23 26 -26 27 -20 -28 -29
right_child=2 18 -4 4 5 6 13 -9 -10 -11 -12 -13 -14 14 15 16 17 -19 19 21 -22 23 -24 -25 25 -27 28 29 -30 -31
leaf_value=0.06531618837476498 0.022390133062003173 0.0060184750628966997 0.088073428138048693 0.019794763867003348 0.13889586771938026 -0.042324969522662258 -0.11120131654963346 -0.068245002597490417 0.10613323939433431 -0.072852910174924526 0.15867451622683726 -0.020126136653774305 -0.028735509147499689 0.090874689803230088 0.039246800179261777 -0.0034416101027411996 -0.1005736574702316 -0.023274152616416754 -0.023171506403401064 0.063734738955363565 -0.052955575809844224 -0.091566359936011144 0.0040275099581055648 -0.004752524572493865 0.42570705981101864 0.088576140833035263 -0.026938611399618895 0.26204037975402728 0.052421269738646449 0.085559768642288203
leaf_weight=105.94759157912631 1298.1222779757809 1231.1122678842512 206.57716163876466 110.37318192723615 30.302201906539267 40.285270101157948 59.968590508215129 539.74705259056645 129.10333745909156 357.03018352165236 26.182115085946862 136.75909532222431 289.37947834667284 67.306069165642839 246.13417448831024 1865.276017017226 120.95133309884113 1360.9162083722767 34.514804373902734 433.2774457311607 469.85628353928041 133.43597410569782 831.076118983794 1878.1363933887915 11.095284771523437 173.10498679731973 219.00712221572758 33.121810945711331 184.86752745776903 44.527672761119902
leaf_count=9945 49842 50778 54552 14117 2816 6667 10909 108580 9838 60402 1153 21225 9255 5489 15996 92627 23598 36185 7864 34508 130038 24533 61468 74558 769 4948 16490 2458 5803 1483
internal_value=-0.000825507 -0.00454326 0.0217068 -0.0148728 -0.0165418 -0.0111601 -0.0156156 -0.0532982 0.0511829 -0.0556351 0.0368506 0.00871787 0.0130706 -0.0110603 -0.00941977 -0.0112984 -0.0150153 -0.0295834 0.00491139 0.0114066 -0.0102718 0.00299697 0.0244884 -0.0105112 0.0507496 0.108883 0.0299987 0.104216 0.00938718 0.160839
internal_weight=12667.5 10873.4 1794.08 5196.28 5090.33 4440.21 4144.05 650.12 296.165 423.498 66.4674 167.061 1587.5 3720.55 3660.58 3593.28 3347.14 1481.87 5677.13 3976.17 1700.97 3275.93 1264.35 2011.57 700.239 184.2 516.039 112.164 403.875 77.6495
internal_count=948894 835245 113649 419547 409602 286905 253026 122697 33879 68222 7820 24041 59097 184804 173895 168406 152410 59783 415698 234882 180816 195067 95976 99091 39815 5717 34098 11805 22293 3941
is_linear=0
shrinkage=0.1


Tree=59
num_leaves=31
num_cat=0
split_feature=48 46 49 43 5 42 4 6 1 7 12 42 29 52 4 53 39 43 42 7 7 53 44 39 2 13 43 4 50 43
split_gain=91.1587 116.65 139.167 93.3158 81.927 170.228 162.3 157.53 129.761 123.038 114.609 87.5265 80.2922 78.0281 72.1341 215.926 71.0017 68.8966 67.9039 65.8936 63.0523 61.7986 72.6825 82.2824 61.0404 59.6839 85.4167 54.4118 53.0889 52.2241
threshold=1.0000000180025095e-35 1.0000000180025095e-35 5.5000000000000009 0.41896694898605352 0.47727273404598242 0.75162339210510265 0.74646767973899852 1.5000000000000002 0.92677438259124767 0.84877073764801036 0.67867961525917064 0.19201229512691501 0.50920355319976818 0.93582704663276683 0.4401834905147553 0.11805555596947671 0.88194444775581371 0.38873073458671575 0.61167800426483165 0.79008570313453685 0.20169491320848468 0.89444443583488475 0.020733207464218143 0.15476191043853763 0.90353596210479747 0.15504807978868487 0.50814667344093334 0.5793287754058839 3.5000000000000004 0.40720972418785101
decision_type=2 2 2 2 2 2 2 2 2 2 2 2 2 2 2 2 2 2 2 2 2 2 2 2 2 2 2 2 2 2
left_child=21 2 3 -2 6 9 10 25 24 -6 -3 20 -10 -9 -13 16 18 -18 -16 -14 -12 22 -1 -24 -7 -8 -27 -11 -25 -22
right_child=1 4 -4 -5 5 8 7 13 12 27 11 14 19 -15 15 -17 17 -19 -20 -21 29 -23 23 28 -26 26 -28 -29 -30 -31
leaf_value=-0.0051312727484223459 0.086900032637147281 -0.073198540444917373 -0.056479583760692412 0.015037925902064115 0.0046123463599010549 -0.054561858855339568 0.0012741217688113221 -0.043584921390692727 0.05306662706173762 0.1624353250867854 -0.088073582435415104 -0.057066552485682411 0.017218760629476949 0.15784569290313613 -0.031478290120117207 -0.039858081348695507 0.27839295863155183 0.084212204454207282 0.10550007298721858 -0.023907636148166701 0.12388730303884543 0.08014653061460951 0.063759167772664938 0.01551970801337435 0.028165372413515521 0.19656837472358799 0.059599041268249268 0.05799467511288442 -0.12086189435142949 -0.0075121898038193347
leaf_weight=1443.3020396562933 199.33587423063 625.39523579381057 254.50377658737125 1932.7051279756706 734.94855843779806 858.6074338323233 86.45991150183545 282.17078241302806 241.11686809509411 57.658243783604121 28.309944180597086 622.18428386823507 619.01272201439133 20.637432146177161 84.566737257424393 750.91940237295057 25.667063044384122 63.418687090976164 63.263892953793402 1051.127222724579 83.844330474486924 135.16620933817467 421.40211533947149 1100.6813061118301 99.529825294594048 64.080589215038344 157.27546494698618 369.92301080474863 29.302358587039635 47.316796181577956
leaf_count=38141 10687 223286 29736 81891 38507 39691 18717 21069 12091 3052 3092 150587 27483 2032 14000 66044 1477 1989 4663 36634 14231 34080 11086 33176 4425 2686 6038 16705 881 717
internal_value=-0.000780726 -0.00569156 0.0134135 0.0217567 -0.0121705 -0.00285493 -0.0246674 0.0213535 -0.0159337 0.0294265 -0.0364014 -0.0233961 -0.00087695 -0.0298567 -0.0303957 -0.0135971 0.0696384 0.140159 0.0271414 -0.00866474 0.0472715 0.0140058 0.0110205 0.026047 -0.0459683 0.0717307 0.0992504 0.0720782 0.0119831 0.0764845
internal_weight=12553.8 9423.98 2386.54 2132.04 7037.43 4031.92 3005.51 610.624 2869.39 1162.53 2394.89 1769.49 1911.26 302.808 1610.02 987.836 236.916 89.0858 147.831 1670.14 159.471 3129.85 2994.69 1551.39 958.137 307.816 221.356 427.581 1129.98 131.161
internal_count=948894 831530 122314 92578 709216 178588 530628 50542 120324 58264 480086 256800 76208 23101 238760 88173 22129 3466 18663 64117 18040 117364 83284 45143 44116 27441 8724 19757 34057 14948
is_linear=0
shrinkage=0.1


Tree=60
num_leaves=31
num_cat=0
split_feature=32 39 51 39 16 16 24 35 39 16 35 11 14 8 33 12 15 6 29 42 53 4 31 31 39 5 32 13 4 3
split_gain=88.7944 90.2941 132.261 93.196 185.91 111.236 94.6178 91.3053 85.7449 155.824 96.3536 81.977 77.4331 73.9089 69.3229 77.8687 74.8207 70.8209 68.8959 73.8732 68.3543 104.198 69.0986 68.2503 67.5448 64.8793 81.5313 64.4775 63.2544 55.492
threshold=8.7522115707397479 0.88194444775581371 0.89498749375343334 0.53571429848670971 0.43650794029235845 0.64583334326744091 0.56206548213958751 1.0000000180025095e-35 0.41428571939468389 0.29285715520381933 1.0000000180025095e-35 0.97787567973136913 10.500000000000002 2147483689.0000005 6.5078935623168954 0.82112231850624096 0.25074850022792822 4.5000000000000009 0.40263193845748907 0.64565756916999828 0.069047622382640853 0.47478812932968145 8.9894409179687518 8.6518764495849627 0.76388889551162731 0.32051283121109014 7.7636303901672372 0.18019481003284457 0.481704592704773 0.67028984427452099
decision_type=2 2 2 2 2 2 2 2 2 2 2 2 2 2 2 2 2 2 2 2 2 2 2 2 2 2 2 2 2 2
left_child=1 3 12 4 8 7 -6 -5 9 11 -10 14 27 20 15 16 17 -1 19 -17 21 -2 -22 -15 -7 -16 -27 -3 29 -28
right_child=13 2 -4 5 6 24 -8 -9 10 -11 -12 -13 -14 23 25 18 -18 -19 -20 -21 22 -23 -24 -25 -26 26 28 -29 -30 -31
leaf_value=-0.011266945219029496 -0.0054246526637482893 -0.054714632530040934 0.075646288219621091 -0.036696091396624636 0.024910996847290975 0.10559981453020797 0.12422326143258955 -0.14671189131539253 -0.011750368510456289 0.13423511317487755 -0.082925126893880555 0.080045855475888564 -0.02650098866178148 -0.064699700876575894 -0.038760333762814604 -0.01444071003468498 -0.053407509110560941 0.24281283600853809 -0.010658178754840578 0.10750975415892997 -0.049883609093252734 0.084415814476355211 0.019632329888690018 0.0087934698259148868 -0.058871843281985796 0.0050361015090842126 1.0872611139272255 0.029341924187320963 0.054855804244239983 0.24217230360240088
leaf_weight=704.83551029984665 593.42907323877444 99.210801033099415 373.99355259141885 218.09213032235857 219.91169621306472 65.510442718339618 170.16385103401262 115.32927475741599 754.31747364651528 87.451387075867387 254.33294145678519 124.90956716315122 433.69047436537221 512.04139651358128 305.4203028435586 82.06393628596561 692.94229535791965 11.143821181321981 433.03408257622505 125.84860757060233 485.44023121792998 164.98962350204238 202.69191431679064 167.75951389217516 40.348386468715034 3590.8433099724061 1.013810984120936 1138.24884982605 279.08009902114281 3.3265777527121827
leaf_count=35432 69375 24109 79250 4112 13714 2218 7167 1748 23086 5313 12932 3032 11949 111005 82505 16610 143815 336 8843 3937 55695 13525 12309 9756 596 112219 166 69824 13994 322
internal_value=-0.000758597 0.00307366 0.02189 -0.00157398 0.00093722 -0.0463959 0.0682343 -0.0747502 -0.00258613 0.00165882 -0.0296972 -0.000165721 0.00985962 -0.0193671 -0.00177405 -0.0168373 -0.0299831 -0.00731233 0.0120596 0.0593754 -0.00658643 0.0141196 -0.0294074 -0.0465632 0.042911 0.00561351 0.00911164 0.0226029 0.0607474 0.439565
internal_weight=12451.4 10325.1 2045.14 8279.92 7840.64 439.28 390.076 333.421 7450.56 6441.91 1008.65 6354.46 1671.15 2126.35 6229.55 2049.87 1408.92 715.979 640.947 207.913 1446.55 758.419 688.132 679.801 105.859 4179.68 3874.26 1237.46 283.42 4.34039
internal_count=948894 677229 185132 492097 483423 8674 20881 5860 462542 426524 36018 421211 105882 271665 418179 208973 179583 35768 29390 20547 150904 82900 68004 120761 2814 209206 126701 93933 14482 488
is_linear=0
shrinkage=0.1


Tree=61
num_leaves=31
num_cat=0
split_feature=27 31 48 15 10 10 16 47 43 14 16 50 7 8 33 43 52 4 29 31 29 28 29 16 42 40 43 7 49 13
split_gain=85.7486 112.841 112.651 133.187 104.727 94.0895 90.7301 78.5523 77.5437 53.0485 62.8068 52.9323 58.2482 83.525 65.5915 51.3338 51.2036 50.5702 111.361 98.8561 66.5177 54.5322 75.0292 62.8874 54.0057 49.2701 48.1652 46.6874 46.5304 56.0675
threshold=161.50000000000003 9.3015174865722674 0.18820545077323916 0.60072463750839245 0.78352749347686779 0.73921608924865734 0.90454545617103588 0.16762453317642215 1.0000000180025095e-35 4.5000000000000009 0.44949495792388922 1.5000000000000002 0.53907206654548656 13.500000000000002 9.3015174865722674 0.40068039298057562 0.10391363129019739 0.45035210251808172 0.03271185606718064 1.7195520401000979 0.15794205665588382 0.32051283121109014 0.32171073555946356 0.86607143282890331 0.64075469970703136 0.96340918540954601 0.39855805039405828 0.82891985774040233 7.5000000000000009 0.092329546809196486
decision_type=2 2 2 2 2 2 2 2 2 2 2 2 2 2 2 2 2 2 2 2 2 2 2 2 2 2 2 2 2 2
left_child=8 2 11 5 -5 7 9 28 -1 10 -3 12 13 -2 17 -12 -15 -14 24 -20 -21 -22 -23 -24 -19 -16 -8 -11 29 -4
right_child=1 6 3 4 -6 -7 26 -9 -10 27 15 -13 14 16 25 -17 -18 18 19 20 21 22 23 -25 -26 -27 -28 -29 -30 -31
leaf_value=0.10989088766075986 0.10109497331246063 0.011886103585252798 -0.00049665258616067164 -0.068619574776783154 0.011544288783809635 0.14245107785433547 0.34941878393604292 -0.038523148436701307 0.012226078630502492 -0.034734439696586267 0.36596227764557243 -0.059783558760942768 -0.042758232441225584 -0.15123159682258061 -0.027030032808272316 0.075250960671682715 0.017324796543200641 0.017554712661388468 -0.10367535042261643 0.11457596826462844 -0.073563052098786885 0.076877927776847738 -0.0053070273536654448 0.061835976037628942 0.13887004318905505 -0.15845978723479193 0.064895447482774191 0.0096733512038079308 -0.054152684818208341 0.06255172553136297
leaf_weight=83.993098579871003 129.87564948642103 1705.1056021792174 828.41302294829802 905.03990390316176 198.75833858037367 39.331339511176338 6.1185977727291165 765.72886886926426 2531.9147028510197 481.75541012227768 6.5154744767351067 144.8157359293109 214.77579612744739 18.744017383331084 562.47311438096222 89.657990228617564 468.06968915567268 61.132452712685335 85.020558613701724 55.326461917138658 87.919540950155351 141.8497788036475 1473.8888637570199 154.07890544133261 91.796710715367226 30.046759879565798 215.58853886032011 465.5046706130961 126.43728336482309 169.98966008952993
leaf_count=14812 6419 64884 41757 231743 40849 2419 195 117342 133608 6725 436 8952 29617 869 48492 3561 33104 3300 5966 2280 3248 4690 33788 36067 4243 295 39180 10183 12147 7723
internal_value=-0.000709956 -0.00503366 -0.0121777 -0.0264791 -0.0541847 -0.010633 0.01121 -0.0138178 0.015362 0.00624616 0.0163208 -0.000514258 0.00188662 0.0298437 -0.00394132 0.0949458 0.0108348 0.00351055 0.00813043 0.0018356 0.00652473 0.00330679 0.00712546 0.00104772 0.090375 -0.0336949 0.0727476 -0.0129115 0.00300024 0.0102381
internal_weight=12339.7 9723.76 6753.51 3033.7 1103.8 1929.9 2970.25 1890.57 2615.91 2748.54 1801.28 3719.81 3575 616.689 2958.31 96.1735 486.814 2365.79 2151.01 1998.08 1913.06 1857.74 1769.82 1627.97 152.929 592.52 221.707 947.26 1124.84 998.403
internal_count=948894 800474 675310 453980 272592 181388 125164 178969 148420 85789 68881 221330 212378 40392 171986 3997 33973 123199 93582 86039 80073 77793 74545 69855 7543 48787 39375 16908 61627 49480
is_linear=0
shrinkage=0.1


Tree=62
num_leaves=31
num_cat=0
split_feature=43 21 29 1 42 29 28 42 28 29 32 6 1 28 39 13 8 13 15 15 7 7 8 7 49 8 19 10 30 13
split_gain=74.8341 83.1085 69.3298 48.0769 75.3958 54.7032 55.0251 59.8588 63.7449 54.3304 73.5803 59.677 50.5654 47.0905 45.7541 48.6136 45.6106 69.5196 81.3459 67.8033 61.6856 59.7586 55.5196 75.9473 51.1072 50.5353 50.429 57.2318 45.0759 53.0481
threshold=0.83338934183120739 1.0000000180025095e-35 0.93141421675682079 0.76612684130668651 0.16843970865011218 0.19163919240236285 0.29285715520381933 0.75162339210510265 0.58571431040763866 0.42540569603443151 8.9894409179687518 1.5000000000000002 0.90910768508911144 0.42261904478073126 0.88194444775581371 0.89736840128898632 22.500000000000004 0.098780486732721343 0.4853654950857163 0.22511260956525805 0.88516482710838329 0.66939890384674083 5.5000000000000009 0.81322672963142406 12.500000000000002 8.5000000000000018 1.0000000180025095e-35 0.83992221951484691 0.72053503990173351 0.23904761672019961
decision_type=2 2 2 2 2 2 2 2 2 2 2 2 2 2 2 2 2 2 2 2 2 2 2 2 2 2 2 2 2 2
left_child=1 3 -2 4 -1 -5 -7 8 -8 10 11 -9 -13 -14 -6 -16 17 19 24 -3 26 25 23 -23 28 -20 -18 -28 29 -19
right_child=2 16 -4 5 14 6 7 9 -10 -11 -12 12 13 -15 15 -17 20 18 21 -21 -22 22 -24 -25 -26 -27 27 -29 -30 -31
leaf_value=0.052519075786165853 0.012884182121713253 0.0041829568003757022 0.079954854279893295 0.043363050088356968 -0.048032226830545595 -0.074454693027048824 -0.0063292812617829035 0.12394067725319427 0.052158640735481043 -0.019733194310475665 -0.041115053647591618 -0.043437959628487621 -0.044173044772070937 0.11180891066484065 0.009303094083885334 -0.052723933305152182 -0.023405089020405202 -0.0035450948570974251 0.12066702145774516 -0.061385620088989526 0.021348645882766665 0.09559353052690589 -0.047848258282272654 0.0041908980331650178 -0.16436398261792642 0.031659206259300576 0.0054230864916963821 0.15336013070570259 0.12510455948253948 0.12377460083054995
leaf_weight=110.00094700194313 1039.9924856814323 866.44532836852886 180.9310843598214 210.02730357291875 854.61360215857712 124.53977870564268 452.23352682299446 80.178570079035126 316.93727365360246 2271.5352518136351 125.02652115188539 73.081080185074825 27.095900246553356 67.744726790813729 378.3032237047446 189.7258407943882 1427.6877569564385 89.513931495603174 73.77750184800243 192.80426839645952 669.25839198463655 100.0241893256316 176.88794285067706 997.27252695165225 8.6996828882838582 471.10483817810018 460.65224977074831 27.72462003165856 127.10678640386323 51.582837207737612
leaf_count=9936 43156 35030 50663 16957 203624 16705 25678 5050 13691 90648 5921 4552 1518 3550 27513 3394 120155 9644 5276 54217 41681 6645 17638 61505 282 35198 31536 555 4985 1991
internal_value=-0.000666994 -0.00326917 0.0228235 -0.0123227 -0.0272441 -0.00622162 -0.00916482 -0.00678298 0.0177707 -0.0139241 0.0214404 0.0529643 0.0190747 0.067245 -0.0334115 -0.0114144 0.00505966 0.0131283 0.0236805 -0.00775181 -0.00478756 0.0159943 0.00414175 0.0125227 0.074174 0.0437109 -0.0139166 0.0138213 0.0819115 0.0430011
internal_weight=12242.5 11021.6 1220.92 5281.04 1532.64 3748.4 3538.37 3413.83 769.171 2644.66 373.127 248.1 167.922 94.8406 1422.64 568.029 5740.54 3155.22 2095.97 1059.25 2585.32 1819.07 1274.18 1097.3 276.903 544.882 1916.06 488.377 268.204 141.097
internal_count=948894 855075 93819 428737 244467 184270 167313 150608 39369 111239 20591 14670 9620 5068 234531 30907 426338 232411 143164 89247 193927 126262 85788 68150 16902 40474 152246 32091 16620 11635
is_linear=0
shrinkage=0.1


Tree=63
num_leaves=31
num_cat=0
split_feature=27 31 48 15 19 10 10 16 47 53 43 8 6 42 40 28 29 30 15 13 51 6 29 31 30 13 16 43 50 29
split_gain=71.0823 89.4283 96.042 88.7369 81.4074 74.1276 66.0798 63.7625 53.1505 46.2462 66.3096 45.8868 42.2125 55.0442 40.9972 66.4677 55.8314 45.8227 40.0547 39.8521 60.5366 47.0142 39.4527 39.2475 61.4602 39.2141 39.062 38.7579 37.4743 37.0477
threshold=219.50000000000003 8.7522115707397479 0.14909887313842776 0.58672174811363231 1.0000000180025095e-35 0.77674973011016857 0.73437833786010753 0.90454545617103588 0.14223158359527591 0.2264957278966904 0.41670577228069311 19.500000000000004 2.5000000000000004 0.94494947791099559 0.80735492706298839 0.42261904478073126 0.39087690412998205 0.54995968937873851 0.69455045461654674 0.087595909833908095 0.80982515215873729 1.5000000000000002 0.98690816760063182 7.6178698539733896 0.62491881847381603 0.30901856720447546 0.44949495792388922 0.38873073458671575 2.5000000000000004 0.48273408412933355
decision_type=2 2 2 2 2 2 2 2 2 2 2 2 2 2 2 2 2 2 2 2 2 2 2 2 2 2 2 2 2 2
left_child=11 2 4 6 23 -5 8 9 -4 -3 14 -1 19 22 26 16 17 -16 -13 -12 21 -21 -14 28 -25 -10 29 -9 -2 -11
right_child=1 7 3 5 -6 -7 -8 27 25 10 12 18 13 -15 15 -17 -18 -19 -20 20 -22 -23 -24 24 -26 -27 -28 -29 -30 -31
leaf_value=0.019990675822219008 0.0010222369396650571 -0.076024106973206884 0.001360259613311157 -0.064156420493114069 0.0563188613490615 -0.0018770866101682248 0.1323243996202578 0.350792154421397 -0.045588814273334194 -0.037536822789004512 -0.020631716880774021 0.023393621152537472 -0.021117767071961377 0.030383224209273592 0.3188056872483474 0.082730188426478404 0.10945656461245777 1.1696270655653174 -0.0096359779993205417 0.095258247555259662 0.080203067632896072 -0.0073777774959975688 0.08115037122710804 -0.09932084530899879 -0.0075949003292591858 0.038742667410981958 0.25339697293721475 0.055340442261531154 -0.090743808049213365 0.055345046784990207
leaf_weight=2186.2126821216953 2087.3465130415279 70.077420444649761 844.01262902434974 819.41691845420428 229.9516101423651 249.24575918768824 31.112070512666833 4.539790372218703 556.79515839567466 79.48985045052541 172.50405508803669 493.57803605380468 1205.0806480647298 291.17826123215491 1.1598537385580123 104.43039813975338 2.3737359390361235 1.3935313484398646 1433.4101899150555 53.176042042585323 187.78183069289662 277.7121382515179 38.941059303528164 109.29300982732093 220.2703362784232 61.20023922220571 7.0124485925771287 202.08058502309723 45.470316171908053 93.404976918856846
leaf_count=141206 128534 17082 48505 226034 9232 51221 1871 177 95262 17924 2409 33628 17245 8903 170 3294 124 106 71253 1097 4635 4973 1819 1883 10408 4307 326 37109 2334 5823
internal_value=-0.000619385 -0.00608587 -0.0137713 -0.0276317 -0.000583056 -0.0496309 -0.0118863 0.00837523 -0.0149551 0.00410358 0.00633568 0.0100744 0.00048356 -0.0087556 0.0513774 0.0996644 0.458584 0.783149 -0.00117579 0.0210051 0.0348531 0.00911655 -0.0179165 -0.00589689 -0.038014 -0.0372374 0.022026 0.061832 -0.000934158 0.0126418
internal_weight=12159.7 8046.45 5254.11 2561.78 2692.33 1068.66 1493.12 2792.34 1462.01 2585.72 2515.64 4113.2 2226.37 1535.2 289.265 109.358 4.92712 2.55339 1926.99 691.174 518.67 330.888 1244.02 2462.38 329.563 617.995 179.907 206.62 2132.82 172.895
internal_count=948894 702807 579591 427200 152391 277255 149945 123216 148074 85930 68848 246087 41081 27967 27767 3694 400 276 104881 13114 10705 6070 19064 143159 12291 99569 24073 37286 130868 23747
is_linear=0
shrinkage=0.1


Tree=64
num_leaves=31
num_cat=0
split_feature=43 29 21 14 29 16 30 44 13 15 10 14 15 7 15 32 12 15 10 19 10 40 12 8 14 15 14 10 43 16
split_gain=62.0116 83.3623 70.7866 55.3412 54.7417 75.2034 44.5436 43.6513 63.5866 99.4583 50.0533 47.5378 68.5317 43.3685 40.3829 40.1026 39.6901 102.892 102.451 92.7899 62.7315 57.5458 68.2061 52.1223 55.5022 45.385 46.5156 45.3619 52.5092 45.1053
threshold=0.7804861068725587 0.98690816760063182 1.0000000180025095e-35 3.5000000000000004 0.63554948568344127 0.90454545617103588 0.81864404678344738 0.8617975413799287 0.29520697891712194 0.53879600763320934 0.75214156508445751 5.5000000000000009 0.979486644268036 0.84262126684188854 0.83395987749099743 3.2679439783096318 0.49880382418632513 0.47765946388244634 1.0000000180025095e-35 1.0000000180025095e-35 0.86642625927925121 0.86526826024055492 0.58629718422889721 22.500000000000004 3.5000000000000004 0.72625312209129345 3.5000000000000004 0.7243328094482423 0.55904665589332592 0.31666667759418493
decision_type=2 2 2 2 2 2 2 2 2 2 2 2 2 2 2 2 2 2 2 2 2 2 2 2 2 2 2 2 2 2
left_child=2 3 7 13 6 14 15 8 9 -1 -11 12 -10 -2 -6 -5 18 21 -4 23 25 -18 -23 24 27 -21 -27 29 -29 -19
right_child=1 -3 16 4 5 -7 -8 -9 11 10 -12 -13 -14 -15 -16 -17 17 19 -20 20 -22 22 -24 -25 -26 26 -28 28 -30 -31
leaf_value=-0.012289008730973286 0.093799480371947574 0.080669772663080508 0.0040398474655568015 -0.1129833272507848 0.023804859256286903 0.082651769386842253 0.067773249327331878 0.017089553564666984 0.015251904542633679 -0.076114293656372553 0.00010858200031761158 -0.021483135462195043 -0.041410659756195067 0.015878086971209272 -0.028818454932362694 0.016471188661290943 0.029286216681372507 -0.028687632411119102 -0.058572291016578126 -0.032045871588407042 0.15770588569378996 0.31178887130963012 0.082902462349636941 -0.016258742772942456 -0.0044859562755159375 0.089844725977469078 0.0042850012149720429 0.11170391349798635 0.027517856454327833 0.06041812765494875
leaf_weight=1029.9032673421316 124.28388816025108 177.98316861881176 1226.2841325355548 25.883934322511777 178.66508859954774 78.423995476448908 183.23252998339012 445.60671236785129 1242.255829035319 508.1630546840679 103.73854593250144 1153.7663621050015 257.73741917259758 167.94691069750115 793.44885723176412 316.95675506722182 306.39048011849809 157.32934048194147 332.11308403436851 78.771858392865397 47.039121203590184 14.396753138658822 136.05978161204257 1426.2488575339812 923.9836195234675 153.88864578896028 108.23162268666783 123.03777349887241 186.2317168553127 88.91407500745845
leaf_count=63431 4129 57763 50778 312 3634 24379 7922 23674 109748 124174 16654 49941 26462 3591 10542 13542 19885 23098 111106 5288 927 779 5228 100164 47601 10450 3890 14533 6761 8508
internal_value=-0.000589874 0.0152753 -0.003821 0.00904727 0.00163863 -0.0115474 0.0279704 -0.0127018 -0.0157922 -0.0312605 -0.0631919 -0.00622243 0.00551582 0.0490176 -0.0191468 0.00669758 0.00411004 0.00968358 -0.00930355 0.00351493 0.0494518 0.054157 0.104804 -0.00261787 0.0105321 0.034514 0.0545164 0.0355115 0.0610099 0.00348686
internal_weight=12096.9 2046.83 10050.1 1868.84 1576.61 1050.54 526.073 4741.17 4295.56 1641.8 611.902 2653.76 1499.99 292.231 972.114 342.841 5308.92 3750.52 1558.4 3293.68 387.931 456.847 150.457 2905.75 1479.5 340.892 262.12 555.513 309.269 246.243
internal_count=948894 125814 823080 68051 60331 38555 21776 414084 390410 204259 140828 186151 136210 7720 14176 13854 408996 247112 161884 221220 20555 25892 6007 200665 100501 19628 14340 52900 21294 31606
is_linear=0
shrinkage=0.1


Tree=65
num_leaves=31
num_cat=0
split_feature=32 39 51 39 16 16 43 35 39 16 35 11 39 8 7 1 40 29 11 13 43 31 1 42 15 49 11 5 32 29
split_gain=61.2162 59.8628 103.572 77.667 152.044 89.6656 86.0355 83.1544 68.6184 120.429 81.6646 61.7824 54.7248 53.2452 64.9319 55.6792 68.5641 56.3627 50.7171 66.4577 84.0972 50.0842 46.8031 58.5503 46.0775 54.068 99.8997 54.5578 50.3967 45.723
threshold=8.7522115707397479 0.88194444775581371 0.89498749375343334 0.53571429848670971 0.38750000298023229 0.64583334326744091 0.61129871010780346 1.0000000180025095e-35 0.35416667163372045 0.29285715520381933 1.0000000180025095e-35 0.97787567973136913 0.76388889551162731 2147483689.0000005 0.70638945698738109 0.77964827418327343 0.94360819458961498 0.4390674233436585 0.89670634269714367 0.29289215803146368 0.39049339294433599 6.9418222904205331 0.90007653832435619 0.99253731966018688 0.97651654481887828 1.5000000000000002 0.75690943002700817 0.32051283121109014 7.7636303901672372 0.98690816760063182
decision_type=2 2 2 2 2 2 2 2 2 2 2 2 2 2 2 2 2 2 2 2 2 2 2 2 2 2 2 2 2 2
left_child=1 3 18 4 8 7 -6 -5 9 11 -10 24 -7 14 -2 -15 -17 -18 19 21 -21 -3 -16 -24 25 27 -27 -1 29 -29
right_child=13 2 -4 5 6 12 -8 -9 10 -11 -12 -13 -14 15 22 16 17 -19 -20 20 -22 -23 23 -25 -26 26 -28 28 -30 -31
leaf_value=-0.026531816089700427 0.017449006832839453 -0.048005780853334346 0.070309275283620951 -0.032829926463968699 0.019815874882263978 0.096803748836476244 0.11528141266959863 -0.14129902501523486 -0.010278752075600785 0.12492715455687493 -0.077790688877203612 0.07111518232241229 -0.054341141491224709 -0.070296262672835813 -0.045135625823208458 0.0080092895407186549 -0.17240275452246043 0.1136547758259763 -0.0095300388658590592 0.10497056150445759 0.020215874229525227 0.072333612176975523 0.023044460573029564 -0.11872475955225324 -0.036289423211068997 -0.026135430939165885 0.030302740540777556 0.0034059257867335812 0.055390459976344508 0.036837044523295476
leaf_weight=419.73304579000978 658.03103665250819 164.68110143337981 321.30868001788622 210.30195584194735 210.14407790623954 62.42459277290618 171.40067607042147 106.45123635523487 729.31679680896923 78.388753391074715 237.52669034121209 120.45229534164537 38.871961048454978 313.98664414974337 464.83816841627413 275.162874292786 39.152918690029765 8.3582850420498271 809.92820321695763 159.67682969127782 438.77250075433403 43.778749795892509 249.37003286354593 32.985026098438539 352.69105918388232 1391.3703503200377 404.89917503020843 2776.2327430724108 244.68079152796417 479.80723746644799
leaf_count=102738 67689 37964 79250 4112 13623 2218 8016 1748 23167 4900 13118 3032 596 104909 73716 15017 640 195 37046 8013 20347 2512 8391 1108 26770 154283 19139 90816 11985 11836
internal_value=-0.000551383 0.00267847 0.0184531 -0.00112673 0.00117665 -0.0430931 0.0627017 -0.0692831 -0.00206789 0.00175686 -0.0268646 0.000197023 0.0388028 -0.0163264 -0.005457 -0.0403171 -0.0111452 -0.122079 0.00814796 0.0258921 0.0428299 -0.0227332 -0.0256297 0.00648283 -0.0012104 0.000953783 -0.0134136 0.00753663 0.0116214 0.00833231
internal_weight=12014.7 9972.84 1938.15 8034.69 7616.64 418.05 381.545 316.753 7235.1 6268.26 966.843 6189.87 101.297 2041.88 1405.22 636.661 322.674 47.5112 1616.84 806.909 598.449 208.46 747.193 282.355 6069.41 5716.72 1796.27 3920.45 3500.72 3256.04
internal_count=948894 677229 185132 492097 483423 8674 21639 5860 461784 425499 36285 420599 2814 271665 150904 120761 15852 835 105882 68836 28360 40476 83215 9499 417567 390797 173422 217375 114637 102652
is_linear=0
shrinkage=0.1


Tree=66
num_leaves=31
num_cat=0
split_feature=27 48 4 53 30 42 16 5 29 49 53 12 42 42 5 3 3 4 6 52 7 42 3 43 39 12 43 44 53 13
split_gain=57.6753 61.5335 72.268 145.24 116.673 93.2205 88.8913 69.2786 68.7897 65.0951 83.7197 70.8312 66.1424 57.9217 72.5229 70.9885 64.3261 48.1166 47.7336 57.5674 60.7828 45.7589 44.1475 43.9519 61.6147 45.5199 43.4193 52.6508 46.799 46.3059
threshold=109.50000000000001 1.0000000180025095e-35 0.45035210251808172 1.0000000180025095e-35 0.47026006877422338 0.2522727251052857 0.31666667759418493 0.32051283121109014 0.2895952314138413 1.5000000000000002 0.89444443583488475 0.46349540352821356 0.95311355590820324 0.71010190248489391 0.47727273404598242 0.83438819646835338 0.84561213850975048 0.70647650957107555 2.5000000000000004 0.77836257219314586 0.88603895902633678 0.79726028442382824 0.97402161359786998 0.41186347603797918 0.88194444775581371 0.63658976554870617 0.90472671389579784 0.020733207464218143 0.16025641560554507 0.50806450843811046
decision_type=2 2 2 2 2 2 2 2 2 2 2 2 2 2 2 2 2 2 2 2 2 2 2 2 2 2 2 2 2 2
left_child=-1 26 5 6 -5 23 -4 -7 21 10 12 -12 13 14 -10 -15 17 -16 -17 20 -20 -6 -14 24 -3 -26 27 28 -2 -29
right_child=1 2 3 4 8 7 -8 -9 9 -11 11 -13 22 15 16 18 -18 -19 19 -21 -22 -23 -24 -25 25 -27 -28 29 -30 -31
leaf_value=0.025023075945560126 0.081041790732855737 -0.015884796922643281 0.0070142714116713557 -0.047098662894067528 0.012425662924985969 -0.069035093005335862 0.11043842017849421 0.10227907551954991 -0.029397211023956118 -0.019304023917904114 0.010956972075128642 0.083498520452821606 0.063965964417014035 -0.053262782673674049 0.10236456478650664 0.015362287535557179 0.013459150340769105 -0.078170680009619478 -0.0085427837741587492 -0.022203621459375589 0.10013611612700953 0.12954314238583689 -0.045800502008008975 -0.04784930683511715 -0.068595163460327097 0.12582608509167173 0.058484872362639606 0.058641189605546054 -0.011859789799751237 0.011818930093227672
leaf_weight=823.26358162461838 56.822978414958925 104.61095070845477 159.49579341394565 648.86204644125246 69.869024398140027 488.88819798264012 173.50454389410152 24.803054689924465 226.7339600113919 1961.3028280280996 358.29533564756275 215.59522771937191 219.60470500582596 376.49221910352935 166.21621182007948 704.38829931560031 360.60327913879883 16.20187931106193 135.94469938207476 1549.0245985724614 82.810761610046029 63.844278888340341 43.978749553090893 89.170600337296491 14.221044111269292 78.606851705728332 176.62153974402463 262.23135799966985 1185.45938903559 1085.7628642219643
leaf_count=46433 2040 40004 30054 164282 12090 158864 12953 2457 26719 162535 8598 24223 8567 25546 7734 27845 14290 692 4631 42529 2794 4742 1230 1452 6395 3707 29598 8075 38366 29449
internal_value=-0.000515064 -0.00240918 -0.00669949 -0.00366407 -0.00665034 -0.0352702 0.0609018 -0.0607634 -0.00264396 -0.00412316 0.00255885 0.0382089 -0.00271143 -0.00623443 0.0181047 -0.0128113 0.0379387 0.0863299 -0.00665082 -0.0154221 0.0325981 0.0683459 0.0456515 0.0104212 0.0367383 0.0960411 0.010512 0.00724087 -0.0076104 0.0209275
internal_weight=11923.2 11100 8333.07 7532.77 7199.77 800.301 333 513.691 6550.91 6417.19 4455.89 573.891 3882 3618.42 769.755 2848.66 543.021 182.418 2472.17 1767.78 218.755 133.713 263.583 286.609 197.439 92.8279 2766.9 2590.28 1242.28 1347.99
internal_count=948894 902461 794933 582054 539047 212879 43007 161321 374765 357933 195398 32821 162577 152780 49435 103345 22716 8426 77799 49954 7425 16832 9797 51558 50106 10102 107528 77930 40406 37524
is_linear=0
shrinkage=0.1


Tree=67
num_leaves=31
num_cat=0
split_feature=50 39 1 17 16 16 11 35 43 1 43 12 39 16 35 12 11 16 11 37 4 12 39 11 29 48 28 42 28 1
split_gain=55.171 56.5465 88.0066 70.7817 158.396 75.5522 71.5718 68.2887 65.3522 63.3346 60.0251 73.8255 59.4246 101.118 62.3705 53.8873 49.0178 49.7917 47.6748 46.5146 46.3596 39.294 38.1866 37.3227 37.0604 65.286 47.5866 54.7723 91.5458 52.2059
threshold=2.5000000000000004 0.88194444775581371 0.73244071006774913 1.5000000000000002 0.44949495792388922 0.64583334326744091 0.58629718422889721 1.0000000180025095e-35 0.42916247248649603 0.93684458732604992 0.41186347603797918 0.55747640132904064 0.43650794029235845 0.31666667759418493 1.0000000180025095e-35 0.95672976970672619 0.71291711926460277 0.31666667759418493 0.98421010375022899 1.0000000180025095e-35 0.10668563470244409 0.48203529417514807 0.76388889551162731 0.81837359070777904 0.18045958131551745 0.28733226656913763 0.2264957278966904 0.77058032155036937 0.58571431040763866 0.92677438259124767
decision_type=2 2 2 2 2 2 2 2 2 2 2 2 2 2 2 2 2 2 2 2 2 2 2 2 2 2 2 2 2 2
left_child=1 2 8 4 12 7 -6 -5 -1 10 11 -3 13 18 16 -13 17 -14 24 -19 -12 -11 -7 -16 25 -4 -26 28 -28 -29
right_child=-2 9 3 5 6 22 -8 -9 -10 21 20 15 14 -15 23 -17 -18 19 -20 -21 -22 -23 -24 -25 26 -27 27 29 -30 -31
leaf_value=-0.046907215413963518 -0.066999358742722975 -0.059517231360708647 0.08891319508268726 -0.028786037648176173 0.001889675604953775 0.088909952325160954 0.10471955606445463 -0.12535816521705731 -0.00052616887267521804 -0.076510097980968389 -0.17153150454659596 0.063927766892949253 -0.058993868633277047 0.11858582296515292 -0.029650746114158091 -0.0022549484938867909 -0.023111789321499963 0.175412182281804 0.093930034850819841 0.032229067415943301 -0.002062304227913452 0.056680087838693695 -0.043634779820685504 -0.11310616902070654 -0.07528021117834767 -0.034856928337681732 -0.0047084348222692137 -0.024566307621556427 0.047789824686325116 0.0011598068402338957
leaf_weight=750.17082681267493 123.43294715658703 78.028571451446624 119.48142085713334 207.25188641023124 98.95435054047266 58.298934391175862 214.21169500239193 113.22534241946414 510.54980060210801 23.498007168411277 16.301528744399548 409.28924048434419 35.616285036579939 74.879457239061594 106.94013312316383 175.89844845837797 554.61457706883084 33.326361847925 55.477485212730244 71.078462505305652 1649.7296403661603 386.24050535989227 34.658528395928442 107.41134601738304 84.119498396845302 66.247117725477437 766.02520985036972 1036.9093725212879 586.45916727928852 3296.7226967917959
leaf_count=315527 10918 40875 6828 3754 8180 2017 8944 2595 19705 779 140 33125 3481 4081 8653 3021 8052 1657 1695 2479 68652 77925 434 939 20740 19232 59664 68600 24778 121424
internal_value=-0.00049268 0.00020766 -0.00362767 0.000371808 0.00264894 -0.0398821 0.0722273 -0.0629052 -0.0281244 0.0127858 0.00640799 0.0318512 -0.000465946 0.00309595 -0.0243154 0.0440343 -0.00976431 0.0431042 0.00165739 0.0779336 -0.0037205 0.0490418 0.0394916 -0.0714702 0.000797906 0.0447659 -0.000617307 0.000487244 0.0180557 -0.00499569
internal_weight=11845 11721.6 8982.63 7721.91 7308.47 413.435 313.166 320.477 1260.72 2738.99 2329.25 663.216 6995.31 6086.32 908.987 585.188 694.636 140.021 6011.44 104.405 1666.03 409.739 92.9575 214.351 5955.96 185.729 5770.24 5686.12 1352.48 4333.63
internal_count=948894 937976 713459 378227 369427 8800 17124 6349 335232 224517 145813 77021 352303 327042 25261 36146 15669 7617 322961 4136 68792 78704 2451 9592 321266 26060 295206 274466 84442 190024
is_linear=0
shrinkage=0.1


Tree=68
num_leaves=31
num_cat=0
split_feature=45 14 43 15 11 13 21 43 18 31 16 12 1 4 42 5 29 31 10 19 13 14 15 13 12 30 12 10 47 42
split_gain=51.3405 46.6345 58.6734 47.2313 52.4952 47.1822 41.5342 46.0562 85.4011 36.2083 59.9595 38.3433 86.2882 37.5289 77.1519 70.308 47.1409 37.16 35.7657 78.2103 43.8446 56.0803 36.3147 69.2918 43.0569 42.6598 34.1759 33.3998 32.7601 31.6132
threshold=0.864058017730713 12.500000000000002 0.82373616099357616 0.98639392852783214 0.99004951119422924 0.96064814925193798 1.0000000180025095e-35 0.41430960595607763 1.0000000180025095e-35 8.4771885871887225 0.44949495792388922 0.57637089490890514 0.86571699380874645 0.49752475321292883 0.2522727251052857 0.11805555596947671 0.36250083148479467 1.7195520401000979 0.90416893362998974 1.0000000180025095e-35 0.087595909833908095 2.5000000000000004 0.68199437856674205 0.22792208194732669 0.92970100045204174 0.70373359322547924 0.90418243408203136 0.93403562903404247 0.18622988462448123 0.16843970865011218
decision_type=2 2 2 2 2 2 2 2 2 2 2 2 2 2 2 2 2 2 2 2 2 2 2 2 2 2 2 2 2 2
left_child=1 2 6 -4 27 -3 29 8 9 11 -11 12 -8 14 26 -15 -16 -17 20 -20 -9 -22 24 -24 25 -23 -13 -5 -25 -1
right_child=-2 5 3 4 -6 -7 7 18 -10 10 -12 13 -14 15 16 17 -18 -19 19 -21 21 22 23 28 -26 -27 -28 -29 -30 -31
leaf_value=0.049750205691647759 -0.031638767468446252 -0.03768606255697185 0.033904758617780591 0.016276392684530058 0.064943677099056893 0.047277222502381942 -0.07368656242756913 -0.013122247560288031 -0.039340857128614536 0.054318084345271259 0.22799564337218761 0.1318023655843201 0.0376131344339454 0.17837897608330713 -0.036620410881630469 -0.086254759008539614 0.36871873596650151 0.064323403182028907 -0.02804937598694987 0.12372104303153615 0.037825226428665204 -0.030414297835906396 -0.11433871358301169 -0.015734846308882378 0.10050650633266507 0.038557011053105411 0.027968303120407163 -0.087592509778231367 0.017266130117588232 -0.0083165207813657074
leaf_weight=95.801871843563276 505.56899135450658 504.7526528336748 904.31635131925577 46.512506605533417 51.961382478533778 75.08307402045466 107.14633088024857 925.04485497855057 179.0365067137609 178.5039395513013 22.368873754632659 61.905736266489839 199.08137594339496 52.14454529939394 140.82447299818159 19.802747216686839 2.9288722759811199 95.069578894370352 636.94617029745132 35.865831102477387 640.51484094599437 137.78283344212105 55.982463437219849 653.40553142630961 68.234387741482351 256.85003703730763 64.96235300420085 92.573403718066402 557.43951029508025 4397.0825957867346
leaf_count=7065 177661 15515 70598 2080 14098 3706 39425 37573 88705 14881 650 5087 22577 2402 19783 3364 63 4573 19551 654 25332 4361 3112 19036 3023 7825 1371 1959 15490 317374
internal_value=-0.000464059 0.00093568 0.0024352 0.0243604 -0.0208175 -0.0266841 -7.0466e-05 0.00611309 0.0239844 0.0359851 0.0736585 0.0258118 -0.00132963 0.0448034 0.0217983 0.0820792 -0.0283619 0.0383654 0.00105185 -0.0199589 0.00534174 0.0125479 0.00318751 -0.0055709 0.0271585 0.0144762 0.0786345 -0.0528571 -0.000542111 -0.00707836
internal_weight=11765.5 11259.9 10680.1 1095.36 191.047 579.836 9584.73 5091.84 1123.78 944.739 200.873 743.866 306.228 437.638 270.621 167.017 143.753 114.872 3968.07 672.812 3295.25 2370.21 1729.69 1266.83 462.867 394.633 126.868 139.086 1210.85 4492.88
internal_count=948894 771233 752012 88735 18137 19221 663277 338838 202881 114176 15531 98645 62002 36643 26304 10339 19846 7937 135957 20205 115752 78179 52847 37638 15209 12186 6458 4039 34526 324439
is_linear=0
shrinkage=0.1


Tree=69
num_leaves=31
num_cat=0
split_feature=27 31 13 15 10 44 19 15 43 16 29 40 32 10 29 42 47 53 6 39 1 12 6 42 42 6 3 5 4 28
split_gain=49.9859 65.8016 69.9598 89.9337 88.2973 66.1724 58.7628 57.4316 57.0859 56.1498 50.4002 175.228 75.2021 49.9018 48.0411 44.4562 43.9172 41.2099 41.1822 38.6023 58.333 38.2581 37.3466 37.1797 36.6036 36.5031 34.8127 75.4296 119.456 67.0182
threshold=161.50000000000003 9.3015174865722674 0.2419017776846886 0.38364128768444067 0.75214156508445751 0.18199831992387774 1.0000000180025095e-35 0.4853654950857163 1.0000000180025095e-35 0.90454545617103588 0.69259262084960949 0.82167318463325512 5.1036133766174325 0.85424965620040905 0.85645082592964183 0.72850126028060924 0.17341634631156924 0.19090909510850909 1.5000000000000002 0.88194444775581371 0.7357773780822755 0.75484192371368419 2.5000000000000004 0.95553359389305126 0.87026643753051769 2.5000000000000004 0.99523812532424938 0.069047622382640853 0.45035210251808172 0.32051283121109014
decision_type=2 2 2 2 2 2 2 2 2 2 2 2 2 2 2 2 2 2 2 2 2 2 2 2 2 2 2 2 2 2
left_child=8 2 3 5 -5 -2 7 21 -1 10 11 15 14 -8 -12 17 -7 -3 -17 20 -9 -4 -22 -10 -16 -13 27 28 -21 -29
right_child=1 9 6 4 -6 16 13 19 23 -11 12 25 -14 -15 24 18 -18 -19 -20 26 22 -23 -24 -25 -26 -27 -28 29 -30 -31
leaf_value=0.090663399314794904 0.13999852405557053 -0.10056300776347045 0.21218473544070929 -0.062452957383300103 0.028429840979008181 0.00094957977252761836 0.018185409151513239 -0.047492253072599612 0.0042372740251868336 0.062035369463097914 -0.030484781993639954 0.11940213829193187 0.11561008627486589 0.11073913908758654 0.037202211848915437 0.098115539975251798 -0.038007044537383738 0.02248242100197163 -0.042168440634974706 -0.0064023476520720934 0.0082332980606861575 0.039661934048239866 -0.024186308776670322 0.040152428973742299 -0.0097064540511205555 0.054077904199795496 0.046265062552947545 -0.087834541084466505 0.076724569773163942 -0.0095546976311154455
leaf_weight=88.90356908008107 29.577634412329644 29.13089105929248 14.389475881354882 733.1284559755004 125.15048341000511 927.28021730034379 373.95144172811706 496.43370097342995 2129.6338281724602 184.80805117927957 687.22803010977805 126.00591407399043 48.163189590006368 69.003735509031685 251.77410466060974 22.350614882510854 420.66078372465563 414.70148902549408 328.39270239509642 630.96669577612192 724.07650511320389 120.43826350485324 697.74457112624077 333.3555342474574 490.2729270918062 266.38396930418094 167.17052696848987 150.42231881374028 238.10802963776223 400.73153318601544
leaf_count=14812 1723 10091 772 216149 22456 44261 32723 161177 109367 39375 10170 2465 939 2446 5468 1823 59142 28115 8437 23642 22116 6087 13694 24241 12999 5282 31480 5272 14395 17775
internal_value=-0.000438736 -0.00388412 -0.00957265 -0.0237923 -0.0492008 -0.00796121 -0.001787 -0.00597145 0.0119398 0.00873243 0.00503523 0.0203797 -0.00729242 0.0326035 -0.0114339 -0.00662097 -0.0112079 0.0144063 -0.033229 -0.00843466 -0.0179804 0.0580744 -0.0076763 0.00909824 0.0062095 0.0750551 0.00310072 -0.00198002 0.0163727 -0.030919
internal_weight=11720.3 9168.45 6319.23 2235.8 858.279 1377.52 4083.44 3640.48 2551.89 2849.21 2664.4 1186.97 1477.44 442.955 1429.28 794.576 1347.94 443.832 350.743 3505.65 1918.25 134.828 1421.82 2462.99 742.047 392.39 1587.4 1420.23 869.075 551.154
internal_count=948894 800474 675310 343731 238605 105126 331579 296410 148420 125164 85789 56213 29576 35169 28637 48466 103403 38206 10260 289551 196987 6859 35810 133608 18467 7747 92564 61084 38037 23047
is_linear=0
shrinkage=0.1


Tree=70
num_leaves=31
num_cat=0
split_feature=50 48 14 16 1 43 32 1 44 35 12 12 10 42 32 2 28 52 29 30 29 8 4 32 8 43 47 32 48 43
split_gain=47.7239 47.7492 64.7368 81.712 94.0948 51.6536 46.351 85.7711 44.0968 55.8436 45.6199 43.432 42.0999 38.674 57.0755 37.4479 37.4099 68.303 51.2234 140.484 58.1716 48.1177 54.3776 51.6099 46.7494 43.484 40.1289 36.1884 36.0399 34.8044
threshold=3.5000000000000004 1.0000000180025095e-35 7.5000000000000009 0.44949495792388922 0.75017172098159801 0.36252307891845709 5.6573956012725839 0.86389562487602245 0.038467139005661018 1.0000000180025095e-35 0.98799979686737072 0.45983158051967626 0.92835047841072094 0.9136645793914796 8.5607156753540057 0.90803381800651561 0.61250001192092907 0.81872946023941051 0.51249042153358471 0.72053503990173351 0.36744499206542974 1.5000000000000002 0.93957650661468517 4.2053833007812509 7.5000000000000009 0.26733316481113439 0.10278135538101198 1.7195520401000979 0.25827661156654363 0.51666805148124706
decision_type=2 2 2 2 2 2 2 2 2 2 2 2 2 2 2 2 2 2 2 2 2 2 2 2 2 2 2 2 2 2
left_child=1 8 3 4 5 -3 16 28 10 -10 29 -5 -13 -4 -15 -7 18 -18 19 -6 25 27 24 -24 -23 -21 -27 -20 -8 -1
right_child=-2 2 13 11 6 15 7 -9 9 -11 -12 12 -14 14 -16 -17 17 -19 21 20 -22 22 23 -25 -26 26 -28 -29 -30 -31
leaf_value=0.052123747071256346 -0.088645791004013985 -0.061705260794211958 -0.033442857524338544 -0.050585130169874183 -0.026226432219738895 -0.016407025090020285 0.01262679516875093 0.032340043718239841 0.046289153604219854 0.0060912640326037503 0.039349234582294064 0.032683035753757236 -0.020054015465223837 0.087285233734834752 -0.082995367551278523 0.16048585796897805 0.037256547127071847 -0.0056733313311343328 0.014130602765181507 0.01882125221919698 0.08148350345841146 0.014215615743836877 0.15355373759574897 -0.050346910645218845 -0.042254176882704671 0.87414846550392589 0.30640304054046463 -0.08988004291414399 -0.055975313114229534 -0.012734254871051285
leaf_weight=88.932274391991086 60.989853415841935 419.1703193131907 929.75223919379641 79.146577548744972 311.69050800407422 360.0702459441527 128.85413175067515 895.46839435237052 620.61969122148002 779.86744548715069 239.44055489073799 1141.2711950663215 174.52102162965457 63.514321536611533 28.524556019576266 12.379039132152682 440.11365813731391 2346.9087643213134 40.675019997172058 2.4624356002314007 118.75570261770918 203.70156112257973 33.602937137125991 19.685878369375132 523.01636237399362 2.0449050086317584 3.1823942674673162 188.3569224702951 188.7607331223553 1187.9442570075626
leaf_count=1869 4411 270489 38073 24617 45627 43687 7205 53950 15397 28329 25629 103801 13916 9351 409 364 20611 101407 1817 573 8839 8349 830 390 26361 93 148 4300 43158 44894
internal_value=-0.000419552 4.54245e-05 -0.00368343 -0.000519431 -0.00541153 -0.0376267 -0.000729894 0.0165039 0.0111108 0.0239048 -0.000705854 0.0213606 0.0256882 -0.0273217 0.0345121 -0.0105277 -0.00566731 0.00110596 -0.0187115 0.00983962 0.0987432 -0.0311087 -0.0192757 0.0782291 -0.0264255 0.365291 0.528503 -0.0714082 -0.0281439 -0.00821701
internal_weight=11633.4 11572.4 8655.63 7633.84 6238.9 791.62 5447.28 1213.08 2916.8 1400.49 1516.32 1394.94 1315.79 1021.79 92.0389 372.449 4234.2 2787.02 1447.17 438.136 126.445 1009.04 780.007 53.2888 726.718 7.68973 5.2273 229.032 317.615 1276.88
internal_count=948894 944483 828365 780532 638198 314540 323658 104313 116118 43726 72392 142334 117717 47833 9760 44051 219345 122018 97327 55280 9653 42047 35930 1220 34710 814 241 6117 50363 46763
is_linear=0
shrinkage=0.1


Tree=71
num_leaves=31
num_cat=0
split_feature=32 27 8 7 28 51 1 43 1 29 42 40 28 42 32 7 8 42 51 1 29 47 29 48 31 10 49 47 8 29
split_gain=43.4192 45.652 42.8782 57.8136 44.9556 49.986 52.8518 38.5565 44.6862 37.8891 206.433 67.3158 66.4211 98.0581 86.0539 65.0726 65.0401 72.8305 64.6474 59.5043 52.4042 78.8212 69.8954 48.8864 85.6599 47.7222 47.655 46.0516 45.6708 44.746
threshold=8.7522115707397479 105.50000000000001 2147483689.0000005 0.70638945698738109 0.64583334326744091 0.95040985941886913 0.77964827418327343 0.91196295619010936 0.93582671880722057 0.64689669013023388 0.88416817784309398 0.89943820238113414 0.61250001192092907 0.82446309924125682 5.230680227279664 0.88603895902633678 1.5000000000000002 0.93063348531723034 0.78456193208694469 0.87008655071258556 0.34753274917602545 0.29612728953361517 0.42883475124835974 0.24100495874881747 10.106236934661867 0.93403562903404247 7.5000000000000009 0.41519680619239813 19.500000000000004 0.5219152867794038
decision_type=2 2 2 2 2 2 2 2 2 2 2 2 2 2 2 2 2 2 2 2 2 2 2 2 2 2 2 2 2 2
left_child=1 -1 3 -2 5 6 -4 9 -9 10 11 23 14 15 16 19 18 28 -11 -14 -12 29 27 -3 -25 26 -15 -23 -18 -22
right_child=2 7 4 -5 -6 -7 -8 8 -10 12 20 -13 13 25 -16 -17 17 -19 -20 -21 21 22 -24 24 -26 -27 -28 -29 -30 -31
leaf_value=0.031653756757197726 0.017589546693967957 0.0023625200789364506 -0.065621660343899713 -0.023926375637569993 0.08677165703933018 -0.15685775317493633 -0.002172531284913209 -0.013392375735695045 0.073973112940250801 0.03819807022777897 0.11171731856996246 0.090445643636098111 -0.063210356060216133 -0.0028724078578402702 0.0971580196440473 0.077118470623314991 -0.0021243064771455447 0.042447970386988623 -0.11270993808557905 0.024332436416326358 0.10360265185023754 0.09248169562207588 -0.071367876630597488 -0.032833250033232939 0.058531854184310832 -0.064919399274497344 -0.052050740266996215 -0.063025189512768573 -0.063281998999627595 0.03560433549125392
leaf_weight=503.2890511478472 638.37297914404189 2522.2655192637758 271.52768165103043 706.82758948025003 28.143469675560482 35.929914046602789 254.17647788184695 96.180565055750776 149.61934791033855 34.05691235626 134.58266467992507 75.035560868302127 88.953713987051742 2326.7400746810599 49.544713308860082 206.23776607969194 197.06071327847894 134.99246742278046 170.52560158687993 610.68696074427862 186.38508872206148 69.530465103598544 94.397863549587782 962.09839670655492 114.86809605162125 150.89436035387916 215.27349278096517 26.226508262276184 321.02248494603555 201.28292993613286
leaf_count=25418 67689 131993 104773 83215 758 626 14604 8741 33514 1006 10991 3257 2522 107530 1839 17105 9974 6246 2627 25136 11294 4255 7235 204085 10311 7489 25028 2308 8750 8575
internal_value=-0.000410826 0.00233269 -0.0140814 -0.00422475 -0.0365632 -0.0427435 -0.0349442 0.000717873 0.0397873 -0.000362037 0.00625356 -0.00329857 -0.00680245 -0.000706631 -0.030984 0.0277537 -0.0383864 -0.0229735 -0.0875882 0.0132021 0.0555191 0.0424298 -0.0103053 -0.00525292 -0.0230883 -0.0102805 -0.00703713 0.0498905 -0.0400198 0.0682969
internal_weight=11576.7 9641.75 1934.98 1345.2 589.778 561.634 525.704 9138.46 245.8 8892.66 4386.67 3674.27 4505.99 3598.79 907.203 905.878 857.658 653.076 204.583 699.641 712.406 577.823 190.155 3599.23 1076.97 2692.91 2542.01 95.757 518.083 387.668
internal_count=948894 677229 271665 150904 120761 120003 119377 651811 42255 609556 394304 349646 215252 184810 30442 44763 28603 24970 3633 27658 44658 33667 13798 346389 214396 140047 132558 6563 18724 19869
is_linear=0
shrinkage=0.1


Tree=72
num_leaves=31
num_cat=0
split_feature=50 27 31 48 15 10 10 11 47 16 15 43 14 27 19 14 8 7 29 3 12 29 32 49 8 49 5 4 28 29
split_gain=41.9721 38.2053 48.8698 67.8249 49.6539 69.3252 56.129 39.1322 39.1085 38.3935 37.4965 37.1242 36.9303 34.4389 32.033 30.8835 30.0091 31.186 44.1737 28.3236 67.2923 34.2807 48.5072 32.0823 31.1943 27.9295 29.0611 55.5285 70.0721 42.1099
threshold=2.5000000000000004 219.50000000000003 9.3015174865722674 0.09977132081985475 0.50159236788749706 0.75789955258369457 0.64283210039138805 0.70712649822235119 0.16762453317642215 0.90454545617103588 0.71806526184082042 1.0000000180025095e-35 11.500000000000002 103.50000000000001 1.0000000180025095e-35 3.5000000000000004 25.500000000000004 0.83935481309890758 0.66972309350967418 0.96178188920021068 0.51630625128746044 0.67496943473815929 1.7195520401000979 2.5000000000000004 1.5000000000000002 3.5000000000000004 0.11805555596947671 0.46709956228733068 0.27922078967094427 0.35004787147045141
decision_type=2 2 2 2 2 2 2 2 2 2 2 2 2 2 2 2 2 2 2 2 2 2 2 2 2 2 2 2 2 2
left_child=1 11 3 14 6 7 8 -6 -5 12 -7 13 -4 -1 25 -9 19 -18 -19 21 -21 -13 -23 -22 -24 26 27 -3 -29 -28
right_child=-2 2 9 4 5 10 -8 15 -10 -11 -12 16 -14 -15 -16 -17 17 18 -20 20 23 22 24 -25 -26 -27 29 28 -30 -31
leaf_value=0.36404048697289604 -0.060596554377495088 -0.0083376720011154089 0.0081688403675650324 0.0012541078610308644 -0.060894873514921767 0.061337037863134526 0.073716345978507833 0.038851844738540198 -0.035154868915744271 0.057788574145440912 -0.014720704089278043 0.011089160940556198 -0.042810853692162032 0.043354376254095044 0.042917617311557341 -0.039783084198812269 -0.015417060664012328 0.032770426775232543 -0.018797037335340563 0.0046756279082919242 0.076869574455991754 0.022735141804867062 -0.11268151775476337 -0.0032225317360739074 0.029173048086945548 0.026014476979673431 -0.045112377208641356 0.090822199741223825 -0.030585998084843843 -0.0023600824495988043
leaf_weight=3.4021137743256977 114.65577892646252 488.23744249100127 2058.9123252768914 840.68988561502192 700.87710440647788 76.620930893528566 82.15165294916369 76.290015119710006 454.52929325344303 144.87808962153213 420.83069241688645 1026.6667148228735 152.63217977236491 213.67927679537388 186.6020668465062 144.63382008243934 991.04308874439448 417.12171946669696 276.05274078328512 496.01859407908341 278.22928901546402 75.829995827865787 77.075031858112197 60.973751307639759 19.404940703534521 338.93715428213181 334.43811157977325 149.59319389647862 69.683422159985639 740.54316973593086
leaf_count=216 10918 34117 71708 44361 223285 7918 6418 14612 76881 32811 75867 62210 2241 40039 6643 23302 50748 20910 8711 17615 32725 3038 1045 5653 610 18051 10718 7490 4519 33514
internal_value=-0.000394886 0.000210775 -0.0039943 -0.00949303 -0.0199647 -0.0330914 -0.00643885 -0.0493271 -0.0115228 0.00791747 -0.00300577 0.00818292 0.00465042 0.0483802 0.00319537 -0.0126287 0.0058362 -0.0040367 0.012234 0.0140105 0.0281483 0.00416192 -0.0371123 0.0624725 -0.0841504 -0.000298612 -0.00530198 0.0104369 0.0522402 -0.0156608
internal_weight=11511.2 11396.6 7461.08 5104.66 2796.62 1419.25 1377.37 921.801 1295.22 2356.42 497.452 3935.5 2211.54 217.081 2308.03 220.924 3718.42 1684.22 693.174 2034.2 835.222 1198.98 172.31 339.203 96.48 2121.43 1782.5 707.514 219.277 1074.98
internal_count=948894 937976 694456 587696 472644 344984 127660 261199 121242 106760 83785 243520 73949 40255 115052 37914 203265 80369 29621 122896 55993 66903 4693 38378 1655 108409 90358 46126 12009 44232
is_linear=0
shrinkage=0.1


Tree=73
num_leaves=31
num_cat=0
split_feature=21 15 48 11 52 13 44 50 13 15 14 43 36 39 1 6 13 11 18 1 14 13 15 15 13 10 5 4 53 43
split_gain=38.9628 46.7172 65.2694 38.6892 37.7484 44.8447 37.5559 50.2686 60.7353 55.7889 50.3613 49.1872 43.5743 37.9055 43.2271 37.1049 36.0385 34.6308 65.365 33.6858 32.4114 60.3488 97.9777 51.2103 61.9299 49.0757 33.0871 81.7217 80.4865 68.0307
threshold=1.0000000180025095e-35 0.98830369114875805 0.014232188463211061 0.99004951119422924 0.10391363129019739 0.95119047164917003 0.8617975413799287 1.0000000180025095e-35 0.29520697891712194 0.5313907563686372 5.5000000000000009 0.60499799251556408 1.0000000180025095e-35 0.76388889551162731 0.64238673448562633 1.5000000000000002 0.4220647811889649 0.96311411261558544 1.0000000180025095e-35 0.82638135552406322 4.5000000000000009 0.087595909833908095 0.22511260956525805 0.68199437856674205 0.38165266811847692 0.90416893362998974 1.0000000180025095e-35 0.61034789681434642 0.32051283121109014 0.49999995529651647
decision_type=2 2 2 2 2 2 2 2 2 2 2 2 2 2 2 2 2 2 2 2 2 2 2 2 2 2 2 2 2 2
left_child=1 2 17 -3 -2 20 7 8 9 -4 13 -11 -9 14 -10 -16 -12 -1 -19 -5 21 22 -6 -22 -25 26 27 -23 -28 -29
right_child=4 3 6 19 5 -7 -8 12 10 11 16 -13 -14 -15 15 -17 -18 18 -20 -21 23 25 -24 24 -26 -27 28 29 -30 -31
leaf_value=0.0094018367224562669 -0.10699611167321915 -0.048562208493654044 -0.0095802565301649715 -0.022901114255180259 0.00370593525550671 0.053219107069459773 0.018096575102713668 -0.022053632392912678 -0.043216693700902781 -0.070419869914426628 -0.091514503851133439 0.0091426325132653568 -0.090379376384383425 0.066066149278006206 0.074890232816072544 0.010633347354644107 -0.0091903091910573963 0.012563637526474167 0.12800578396098772 0.05923066201106543 0.036979417711585472 0.018127926611091187 -0.070766291003178369 -0.099706971055098792 -0.0090692017139658142 -0.013502448500305667 -0.054347006454450023 0.22296026840036506 0.025861282261118085 0.059293466906001228
leaf_weight=993.20049312066112 29.764335548097733 439.21878660510993 907.38026511351927 168.91938054843922 1236.5167207155318 193.68086187966401 434.86556611598644 267.54615111062594 123.2531836554117 348.66113363171462 59.071236340067117 99.985143520345446 143.348521013555 149.58863254776224 108.02466288561118 534.57976123929257 532.77924475194595 137.37122881840332 76.284205428411951 70.89595651961281 227.98224676254904 202.05895541448263 206.1064706803736 79.636269446462393 1411.9429500357946 394.69370968687872 135.51212930724432 43.306617066555191 1629.4975679349882 61.412064900505356
leaf_count=35602 2071 35337 54862 4805 59271 7586 23415 28940 52646 111953 12161 1882 32383 13411 9882 15370 26640 6888 1925 15059 12784 60621 77485 17717 62830 23795 41962 4416 91850 3345
internal_value=-0.000371096 -0.0063378 -0.00294169 -0.0309243 0.00533344 0.00590768 -0.00951442 -0.0131816 -0.00848778 -0.0238428 0.00532625 -0.0526886 -0.0458904 0.0200236 0.0110305 0.0214352 -0.0174069 0.0172586 0.0537815 0.00137928 0.0042797 0.00931258 -0.00693385 -0.00716161 -0.0139084 0.018815 0.0249717 0.055284 0.0197031 0.126978
internal_weight=11447.1 5594.97 4915.94 679.034 5852.11 5822.35 3709.08 3274.22 2863.32 1356.03 1507.3 448.646 410.895 915.446 765.858 642.604 591.85 1206.86 213.655 239.815 5628.67 3909.1 1442.62 1719.56 1491.58 2466.48 2071.79 306.778 1765.01 104.719
internal_count=948894 483161 427960 55201 465733 463662 383545 360130 298807 168697 130110 113835 61323 91309 77898 25252 38801 44415 8813 19864 456076 362745 136756 93331 80547 225989 202194 68382 133812 7761
is_linear=0
shrinkage=0.1


Tree=74
num_leaves=31
num_cat=0
split_feature=40 29 32 30 3 29 4 31 8 7 8 7 42 5 29 4 1 29 4 30 29 42 30 14 12 33 29 28 6 32
split_gain=35.0233 99.1048 101.546 67.941 67.7504 77.5463 266.898 110.325 97.2383 105.591 94.8505 72.6616 162.12 172.181 166.341 73.8986 73.8397 81.0271 72.5066 71.9992 65.2851 62.111 61.9768 60.6472 59.9897 58.9661 71.5885 58.1488 123.019 63.9422
threshold=0.85584414005279552 0.67496943473815929 8.9894409179687518 0.58538314700126659 0.93957650661468517 0.031089915893971923 0.58204835653305065 1.7195520401000979 2147483689.0000005 0.70638945698738109 6.5000000000000009 0.79864865541458141 0.73765182495117199 0.32051283121109014 0.21903234720230105 0.53410851955413829 0.90910768508911144 0.44563008844852453 0.77015757560729992 0.98690816760063182 0.39672353863716131 0.6474730670452119 0.73445126414299022 6.5000000000000009 0.65362662076950084 7.3008909225463876 0.55035299062728893 0.47727273404598242 1.5000000000000002 1.5308482050895693
decision_type=2 2 2 2 2 2 2 2 2 2 2 2 2 2 2 2 2 2 2 2 2 2 2 2 2 2 2 2 2 2
left_child=4 2 25 -4 5 6 8 -7 9 10 -1 -9 13 -13 -14 -15 22 -18 -19 24 -21 -10 -16 -22 -6 26 -2 28 -17 -29
right_child=1 -3 3 -5 19 7 -8 11 21 -11 -12 12 14 15 16 27 17 18 -20 20 23 -23 -24 -25 -26 -27 -28 29 -30 -31
leaf_value=0.18010865424302266 0.046541033505590496 -0.0029674692299857908 -0.047554855422450595 0.045320601984416342 0.0078540371146417678 -0.092150633244657193 0.095521998946148434 -0.036361583877138504 -0.070150942405966504 -0.053571506536978647 0.012645580638162271 -0.067087472206371013 0.097804941146397456 0.14022126337274263 -0.082348513164101939 0.097540161716266338 0.060986141159179691 0.11214413599055691 -0.044096998917747016 0.14279223631230131 0.0052384005161831611 0.13569663913724211 -0.012351334615742331 -0.05522631925353183 0.065428379517312951 0.070344993030082167 -0.037042139526863208 -0.075292460214812285 -0.063019494794253811 0.065231705919934865
leaf_weight=35.220359811639355 338.45975999513757 3292.8137716040801 235.78754230577033 118.27344371579238 365.11518481957319 195.38616980149527 283.40170142157876 1053.7039861261874 296.99029957245511 256.34225153324951 851.99129448411259 161.05572908429895 97.076818158078822 75.936496205133153 438.32928144792095 72.922993198619224 119.95125615759753 32.156526893202681 389.13336618544417 28.328958535392303 595.78001780273917 15.419101296545703 177.80451185515267 229.89537256507901 358.84004456238472 492.60451547372213 146.96806785160152 34.856855255609844 138.07443549632444 455.81308478469145
leaf_count=3487 25210 203573 8612 3157 24515 65013 25173 120515 109258 50408 78188 38712 6608 5284 33873 4543 6186 1134 11198 2353 26621 1928 5702 4736 19151 20075 6363 755 17519 19044
internal_value=-0.000362307 0.00634317 0.0293582 -0.01653 -0.00495023 -0.010475 0.00673467 -0.0191712 -0.0105477 0.00295987 0.0192935 -0.0147794 -0.00441006 0.0270211 -0.0279288 0.0465127 -0.038475 -0.0115255 -0.0321713 0.0131916 -0.00647559 -0.0599912 -0.0621487 -0.011597 0.0363917 0.0459704 0.0212354 0.0363713 -0.00752834 0.055249
internal_weight=11384.4 4624.91 1332.09 354.061 6759.53 5181.57 1739.37 3442.2 1455.96 1143.55 887.212 3246.82 2193.11 938.66 1254.45 777.604 1157.37 541.241 421.29 1577.96 854.004 312.409 616.134 825.675 723.955 978.032 485.428 701.667 210.997 490.67
internal_count=948894 266990 63417 11769 681904 604528 268442 336086 243269 132083 81675 271073 150558 85857 64701 47145 58093 18518 12332 77376 33710 111186 39575 31357 43666 51648 31573 41861 22062 19799
is_linear=0
shrinkage=0.1


Tree=75
num_leaves=31
num_cat=0
split_feature=43 29 14 15 10 48 47 44 1 14 13 32 51 30 29 4 5 30 52 53 11 7 46 1 4 7 5 5 4 29
split_gain=35.4291 52.1118 43.6058 42.5012 89.9836 89.2018 71.7806 71.5173 70.7216 78.2887 105.443 63.6202 58.7247 57.5904 62.512 53.9679 99.018 79.8293 80.6533 66.4654 53.8031 50.5727 49.9868 46.945 45.9643 61.5739 45.1066 44.5764 45.7939 52.0192
threshold=0.80111765861511242 0.98690816760063182 3.5000000000000004 0.68199437856674205 0.74102991819381725 0.38413538038730627 0.13584429025650027 0.14111080765724185 0.79437980055809032 3.5000000000000004 0.35857143998146063 5.3000035285949716 0.26158231496810919 0.67404192686080944 0.47926239669322973 0.42163743078708654 1.0000000180025095e-35 0.52870488166809093 0.55625879764556896 0.27922078967094427 0.72420892119407665 0.39314988255500799 0.15000000596046451 0.89986109733581554 0.53410851955413829 0.46720430254936224 0.32051283121109014 1.0000000180025095e-35 0.62192189693450939 0.33491063117980963
decision_type=2 2 2 2 2 2 2 2 2 2 2 2 2 2 2 2 2 2 2 2 2 2 2 2 2 2 2 2 2 2
left_child=3 2 -2 4 7 6 20 -1 12 11 -11 -10 -8 23 -15 21 19 -18 -19 24 -5 -14 -20 27 25 -17 -23 28 -9 -30
right_child=1 -3 -4 5 -6 -7 8 13 9 10 -12 -13 15 14 -16 16 17 18 22 -21 -22 26 -24 -25 -26 -27 -28 -29 29 -31
leaf_value=0.049816616460502526 0.050522152778504026 0.077084515587324778 0.0011206112064421204 0.011361160164362961 0.065204390832395501 -0.059736877183380846 0.018846369411346656 -0.031376862142176686 -0.0050647460159281435 -0.098034832645969058 0.013608810337459899 0.073190307802628113 0.026300375551971417 0.083376777690765805 0.0022547235655711447 0.19366556580574679 -0.068697829122031331 0.11073678508104044 0.061687548231147651 -0.053486054191520409 -0.029573469196196585 -0.059098685216662575 -0.061024032895580463 0.0088682296313773099 0.0958359613348857 -0.009534154847609078 0.17430052400853074 -0.056066582327888227 0.1362621912234763 -0.075203180707373557
leaf_weight=283.94365696459136 209.46287901280448 119.67729849467287 1215.5939075424685 409.16703663022781 236.04456047294661 316.29008498239273 544.6309576612548 125.14608002539899 144.35584013757762 93.0834448353271 927.73237664761109 370.60192787885899 89.746700008225162 98.817950940079754 2453.2980982875451 17.032125479003298 272.21605587514205 60.387221422977746 47.036593210184947 66.153057674062438 1491.6246506399766 494.45816025373642 112.81367410905659 300.83404464580235 150.47030396826449 119.82912767013477 8.4212258247425762 449.06911004240101 41.169018402026268 16.214400202617981
leaf_count=13276 5835 54552 53262 20253 12801 116574 51492 41440 8413 7436 29330 22224 9709 7397 103843 1242 53158 2132 1414 6034 39418 107380 4367 21408 7306 22028 421 116025 5694 3030
internal_value=-0.000365211 0.0137046 0.00838193 -0.00259651 0.00530915 -0.00811573 -0.00510318 0.00155753 0.00335492 0.0194646 0.00342855 0.0512534 -0.00912033 -0.00237493 0.00539577 -0.0197083 -0.00349679 -0.0324829 0.0122791 0.036885 -0.0207618 -0.0428493 -0.0249156 -0.0236437 0.0576913 0.0157537 -0.0551902 -0.0391294 0.00254049 0.07651
internal_weight=11285.3 1544.73 1425.06 9740.59 4004.54 5736.05 5419.76 3768.49 3518.97 1535.77 1020.82 514.958 1983.2 3484.55 2552.12 1438.56 845.938 492.454 220.237 353.485 1900.79 592.626 159.85 932.433 287.332 136.861 502.879 631.599 182.529 57.3834
internal_count=948894 113649 59097 835245 324914 510331 393757 312113 334086 67403 36766 30637 266683 298837 111240 215191 97681 61071 7913 36610 59671 117510 5781 187597 30576 23270 107801 166189 50164 8724
is_linear=0
shrinkage=0.1


Tree=76
num_leaves=31
num_cat=0
split_feature=50 27 13 15 15 13 44 45 14 13 53 53 7 1 24 14 7 1 1 1 8 19 13 14 12 31 33 45 44 40
split_gain=33.6638 31.9378 34.265 119.489 66.4729 64.4205 56.2561 51.2701 51.1198 148.049 50.5891 80.5781 40.4999 48.219 56.7663 38.5436 34.9766 45.1555 33.6855 32.6973 32.5992 31.964 31.181 54.0758 31.0478 29.7818 42.7018 32.1601 32.5416 29.3985
threshold=3.5000000000000004 115.50000000000001 0.18019481003284457 0.33431373536586767 0.74369570612907421 0.0745370388031006 0.18199831992387774 0.20995983481407168 3.5000000000000004 0.35857143998146063 0.89444443583488475 0.78888890147209179 0.58102023601531994 0.79437980055809032 0.57142856717109691 2.5000000000000004 0.85053193569183361 0.94605144858360302 0.88751593232154857 0.63824433088302623 34.500000000000007 1.0000000180025095e-35 0.050641026347875602 1.5000000000000002 0.92970100045204174 9.5042500495910662 6.4019715785980233 0.48397918045520788 0.29203087091445928 0.88185438513755809
decision_type=2 2 2 2 2 2 2 2 2 2 2 2 2 2 2 2 2 2 2 2 2 2 2 2 2 2 2 2 2 2
left_child=1 -1 3 6 25 -5 22 15 12 -10 11 -11 19 29 -15 -7 17 -13 -18 20 -6 24 -3 -24 -16 26 27 -4 -29 -14
right_child=-2 2 4 5 8 7 -8 -9 9 10 -12 16 13 14 21 -17 18 -19 -20 -21 -22 -23 23 -25 -26 -27 -28 28 -30 -31
leaf_value=0.016467687994715059 -0.07940054118165002 -0.0068594601621317797 0.018738178346798699 -0.092776154168752276 0.053446887728479976 0.031954577646345857 -0.0012195245004149829 -0.051806580296759989 -0.092524105145733185 -0.0018470413069315078 0.062469507042325192 -0.1107732357393973 -0.047527017905687301 0.06085818211582527 -0.0076910241899312733 -0.082454399777143611 0.10472384214189778 -0.0061635696867339594 -0.040835090704534421 0.11341611649926112 -0.089477090829048422 0.071386723413704292 0.63386888825022114 0.14692862892065128 0.079044616657241926 0.048572187755841378 -0.0043743834695400986 0.1341900696544224 0.037093641903360383 0.073286637746706448
leaf_weight=1067.4748563819885 53.627915206510806 9.3465999866020884 324.61868977906124 207.87531166773988 74.348256641729677 169.38074187198072 2361.2050804765167 324.72689376654307 197.97272228410293 3631.0307103480445 111.51179370901082 140.60866420099046 193.77652447668515 228.56857588970161 652.52494702429976 35.642806573276175 21.601701889885589 58.402656743885018 60.222701894759666 68.647093636536738 20.32039568995242 64.483682126621716 2.6663079535355818 15.76593331202457 44.056583779864013 321.09923572532716 580.06515275558922 57.06750635014032 87.349946454531164 22.478004912380129
leaf_count=62255 4411 620 12534 82641 18964 9221 132217 128277 48827 165777 44131 1730 68032 12704 21857 2087 981 1983 2159 5142 15860 2666 226 516 1614 12440 67118 4496 16464 944
internal_value=-0.000360973 1.90165e-05 -0.00172163 -0.0104178 0.00218448 -0.0455994 0.000444916 -0.0270871 -0.00265344 -0.00809941 -0.00394524 -0.00583847 0.0141369 0.00780762 0.0171552 0.0120649 -0.0574451 -0.0800741 -0.00240743 0.0608708 0.0227686 0.00403005 0.141923 0.217367 -0.00220527 0.0219237 0.0137674 0.0362036 0.0754619 -0.0349694
internal_weight=11208.5 11154.8 10087.4 3126.61 6960.76 737.626 2388.98 529.75 5590.56 4221.35 4023.38 3911.87 1369.2 1205.89 989.634 205.024 280.836 199.011 81.8244 163.316 94.6687 761.065 27.7788 18.4322 696.582 1370.2 1049.1 469.036 144.417 216.255
internal_count=948894 944483 882228 355805 526423 222226 133579 139585 413371 265588 216761 172630 147783 107817 38841 11308 6853 3713 3140 39966 34824 26137 1362 742 23471 113052 100612 33494 20960 68976
is_linear=0
shrinkage=0.1


Tree=77
num_leaves=31
num_cat=0
split_feature=43 29 15 12 12 10 40 12 19 10 43 47 53 6 4 42 1 39 43 11 43 1 30 53 41 43 31 6 1 11
split_gain=30.1822 46.0338 34.2514 101.882 70.5979 106.495 61.4109 68.1305 56.1092 78.6205 50.784 50.0166 59.2843 126.321 159.17 122.831 58.793 57.8556 56.2243 50.5732 48.2326 49.5288 77.3102 45.438 63.5153 52.8189 45.2455 40.7568 40.3626 40.2251
threshold=0.7804861068725587 0.98690816760063182 0.59160795807838451 0.48859299719333654 0.43305535614490515 1.0000000180025095e-35 0.88792270421981823 0.68194955587387096 1.0000000180025095e-35 0.86642625927925121 0.41896694898605352 0.12991821765899661 0.47727273404598242 1.5000000000000002 0.65648320317268383 0.68801230192184459 0.89986109733581554 0.81666666269302379 0.52520248293876659 0.71882203221321117 0.41670577228069311 0.83657327294349682 0.72779297828674328 0.11805555596947671 0.62192189693450939 0.55904665589332592 9.5042500495910662 2.5000000000000004 0.92174866795539867 0.69452759623527538
decision_type=2 2 2 2 2 2 2 2 2 2 2 2 2 2 2 2 2 2 2 2 2 2 2 2 2 2 2 2 2 2
left_child=2 -2 4 -4 5 20 23 10 11 28 -8 19 13 14 17 27 -17 -13 -16 -5 21 22 -1 24 -6 -26 -25 -14 29 -10
right_child=1 -3 3 8 6 -7 7 -9 9 -11 -12 12 15 -15 18 16 -18 -19 -20 -21 -22 -23 -24 26 25 -27 -28 -29 -30 -31
leaf_value=-0.076377710431140375 0.0071033542154785457 0.070374325433127258 -0.078926710993750343 0.0065451290326701845 0.019463418835542309 -0.074937766675975515 0.3111963102594224 0.033197073143464838 -0.046213436250012854 0.11827790125140512 0.10649838312839391 -0.040741507962331669 0.115343074275471 -0.06624892324815651 0.11653292954865682 -0.035428961447782341 0.022603395660247251 -0.00045756874591535021 0.031887922889651449 -0.033535830155649066 -0.0073441690718339661 0.033575968018947036 0.11912819190451279 -0.018107476858631608 0.22850718746453946 -0.15758689690931679 0.047445302531230721 0.034079605785717219 0.054650544283654401 0.016800639892186522
leaf_weight=97.024718085289351 1721.8423783089384 123.22132860825513 192.64073161481065 426.89427925307973 76.48060259927297 192.27405580919731 14.341810505546162 185.72843513285625 155.47608029001276 75.49195452927961 78.231507715201587 531.7979386695406 140.02802653753315 343.09795832417149 118.96908438163518 301.65103355106112 414.41038879586267 1081.6705701727406 230.53941348247463 1198.9694860244635 1649.0228545018472 662.42824105281034 25.553329421964008 386.66274368231825 30.255189837043872 4.0132624370162366 144.69237809407059 110.35806375992252 151.04550650541205 290.73804781111539
leaf_count=26788 68051 57763 85238 25735 17507 78433 2010 8178 35271 1781 4225 206308 6055 48820 11666 15101 17005 50111 10234 31581 30473 41061 1389 39907 1368 199 4995 4108 4342 13191
internal_value=-0.000355645 0.0113289 -0.00267117 -0.00742903 0.00506086 -0.00329133 0.0288932 0.0681285 -0.00495676 0.022123 0.138211 -0.00867593 -0.00155345 -0.0102667 -0.000481895 0.0192376 -0.00184356 -0.0137351 0.0607002 -0.023012 0.00236832 0.0227709 -0.0356214 0.0118877 0.0701556 0.183291 -0.000256915 0.0795261 0.00996923 -0.00515559
internal_weight=11155.6 1845.06 9310.49 5763.78 3546.71 2626.3 920.406 278.302 5571.14 672.752 92.5733 4898.39 3272.52 2306.07 1962.98 966.448 716.061 1613.47 349.508 1625.86 2434.03 785.006 122.578 642.104 110.749 34.2685 531.355 250.386 597.26 446.214
internal_count=948894 125814 823080 566547 256533 178144 78389 14413 481309 54585 6235 426724 369408 327139 278319 42269 32106 256419 21900 57316 99711 69238 28177 63976 19074 1567 44902 10163 52804 48462
is_linear=0
shrinkage=0.1


Tree=78
num_leaves=31
num_cat=0
split_feature=50 51 4 53 31 7 29 53 30 53 42 7 5 1 40 29 29 42 5 32 43 42 32 5 7 2 49 42 7 4
split_gain=31.0525 32.5951 77.9918 130.919 90.1226 65.7279 62.3341 110.931 55.5764 60.6028 52.9656 106.797 70.9063 65.6811 121.22 96.0282 92.1997 76.6731 122.349 73.6999 66.0536 53.4981 50.1766 48.9939 48.2444 47.4372 46.0512 45.2594 70.871 45.1264
threshold=1.5000000000000002 0.26158231496810919 0.42163743078708654 0.11805555596947671 1.7195520401000979 0.39314988255500799 0.15794205665588382 0.19090909510850909 0.29825694859027868 0.2264957278966904 0.71834933757781994 0.78153410553932201 0.32051283121109014 0.92677438259124767 0.90353596210479747 0.52648377418518078 0.33754192292690283 0.77871939539909374 0.58571431040763866 8.8637833595275897 0.91196295619010936 0.99253731966018688 5.4186272621154794 0.32051283121109014 0.81530213356018078 0.86240702867507946 7.5000000000000009 0.64075469970703136 0.48181217908859258 0.80982515215873729
decision_type=2 2 2 2 2 2 2 2 2 2 2 2 2 2 2 2 2 2 2 2 2 2 2 2 2 2 2 2 2 2
left_child=1 -1 5 27 -5 -3 8 -8 9 -6 11 -9 -13 14 16 19 22 18 -18 -15 24 -21 -12 -7 -17 -19 29 28 -4 -26
right_child=-2 2 3 4 6 23 7 10 -10 -11 13 12 -14 15 -16 20 17 25 -20 21 -22 -23 -24 -25 26 -27 -28 -29 -30 -31
leaf_value=0.024268361271698978 -0.03311125647944476 0.033788180262188529 0.14625200362075055 -0.069699704097131651 -0.057941544033475394 -0.05609111523722491 -0.09761020867017868 -0.009105684070010403 0.14992055659987225 0.12287664496343714 0.085757294884851315 -0.060165173734500012 0.046980428378128325 0.061059287029755417 0.029844410805817085 0.012519865945055898 -0.05411405949003803 -0.061706045084335692 0.029053675160108268 0.011128949038622014 0.064009223517254341 -0.12863844841828853 -0.0029669884183732061 0.13218048547700365 0.072591041318356142 -0.0065564348201827801 -0.060927073845156346 0.082633785902331836 0.00094616064043477957 -0.011459439485118404
leaf_weight=547.79893852445093 282.01360185167869 112.53273127489956 39.443115463916911 188.65857244112703 45.607851724635111 488.30711956763844 116.94894081023813 893.1144822391143 51.348409122307203 31.226633502039476 93.511241451269598 66.524022772282478 863.2143594709778 461.03091032251541 464.76101515827759 1070.2888711073465 331.14569781546015 887.05213728776289 379.7102657922951 178.71366049925564 143.58978284796467 32.341926681168843 200.21323377061344 14.22470281695132 65.79299937246833 189.24141950535704 184.84479781582195 238.85954053683236 225.28089028142858 2194.3832853305503
leaf_count=66435 32054 13865 3469 66052 13668 122941 31381 78691 3507 4753 6666 15644 53101 26886 43409 45038 19051 45846 15507 4310 32313 610 19164 1004 3647 6992 22412 23335 39608 87535
internal_value=-0.000353378 0.00050203 -0.000767896 0.00143561 -0.00130127 -0.0352925 0.000141379 -0.000865208 0.0693744 0.0155456 0.000435357 0.0155906 0.039314 -0.00358199 -0.0163296 0.0039107 -0.0266425 -0.0351761 -0.00968925 0.0386538 -0.00247111 -0.0102889 0.0252796 -0.0507619 -0.00518663 -0.0520093 -0.0129375 0.0510733 0.0225963 -0.00901276
internal_weight=11081.7 10799.7 10251.9 9636.85 9133.26 615.065 8944.61 8816.42 128.183 76.8345 8699.47 1822.85 929.738 6876.62 2545.64 4330.99 2080.87 1787.15 710.856 672.086 3658.9 211.056 293.724 502.532 3515.31 1076.29 2445.02 503.584 264.724 2260.18
internal_count=948894 916840 850405 712595 646183 137810 580131 558203 21928 18421 526822 147436 68745 379386 156635 222751 113226 87396 34558 31806 190945 4920 25830 123945 158632 52838 113594 66412 43077 91182
is_linear=0
shrinkage=0.1


Tree=79
num_leaves=31
num_cat=0
split_feature=32 14 42 16 51 11 15 12 14 1 42 49 11 44 11 42 1 7 42 49 10 24 44 2 48 15 43 31 13 12
split_gain=27.7895 37.2595 45.3046 38.0748 53.932 41.6765 44.4561 49.0281 51.8906 39.948 38.3272 36.8845 43.7088 33.9909 33.7825 33.6442 35.4179 48.5742 40.8472 33.3693 59.139 38.3662 46.2329 55.515 39.514 40.3698 32.8491 67.182 36.7038 41.5306
threshold=8.7522115707397479 12.500000000000002 0.92403846979141246 0.43650794029235845 0.90353596210479747 0.97448912262916576 0.97651654481887828 0.93887129426002514 6.5000000000000009 0.93582671880722057 0.90098035335540783 7.5000000000000009 0.61569228768348705 0.8617975413799287 0.96014437079429638 0.99253731966018688 0.89986109733581554 0.6195238232612611 0.15535444766283038 1.5000000000000002 0.75214156508445751 0.59047618508338939 0.42486515641212469 0.90803381800651561 0.073929488658905043 0.32015624642372137 0.40263707935810095 6.9418222904205331 0.2639319002628327 0.95672976970672619
decision_type=2 2 2 2 2 2 2 2 2 2 2 2 2 2 2 2 2 2 2 2 2 2 2 2 2 2 2 2 2 2
left_child=1 3 -3 5 9 6 7 13 14 26 -10 -6 -13 19 -9 16 17 -2 -19 21 -21 22 23 -1 -24 -26 27 28 -5 -30
right_child=15 2 -4 4 11 -7 -8 8 10 -11 -12 12 -14 -15 -16 -17 -18 18 -20 20 -22 -23 24 -25 25 -27 -28 -29 29 -31
leaf_value=0.012690273913084247 0.004653942314053949 -0.035019524074131801 0.10429412480839395 -0.0355991403854004 0.065682675451600156 0.05527787664002292 -0.033215095357009346 0.04897423293681441 -0.014048577881018758 0.052017819087962158 0.10111644252473276 -0.15995077058951473 0.10481640471630112 0.019811203943083576 0.17868438640632878 -0.09591789261187382 0.016509056275609283 0.15552697938556501 -0.036445686106397993 -0.028776059859763566 0.017593493710888856 -0.014079029739286892 0.16430395863294442 0.072561299164148815 0.0014208043252416326 -0.046299158583161838 -0.006349248965830329 0.18888344655271821 0.060010092560260055 -0.015361732920708044
leaf_weight=842.04272060377843 578.87553965305415 402.96522392338375 24.778269144298974 101.76547314091295 270.93060673541913 132.27898617190658 412.19181091777864 262.53502061949985 258.50450898843701 187.99790217741975 32.53486507612979 16.230599812523 10.124373934668254 627.61439219523163 21.741919432301074 46.22798620875983 403.49331904893916 11.247304983146021 761.86314732395113 1124.4601251412678 364.11123250062519 1206.1024650498293 13.70281148359936 189.77856817792053 1080.8085844602392 212.0619494688799 1070.5732020844589 23.95023792568827 206.70142382066115 113.10966183614073
leaf_count=68412 86905 10366 6511 39913 72548 3457 30215 9324 4587 19678 1763 436 3440 27193 604 2034 13899 1202 167625 151282 22120 22318 3412 6226 36897 80537 40692 1716 11547 2035
internal_value=-0.000351016 0.00187098 -0.0269494 0.00327475 0.0153944 -0.000302593 -0.00140848 0.000693901 0.0285071 0.00853798 -0.00117445 0.0546967 -0.0582393 -0.00213285 0.0588947 -0.011709 -0.00949144 -0.0172511 -0.0336528 -0.00486924 -0.0174339 0.000407486 0.00787937 0.0237021 -0.00461608 -0.00640642 0.00314644 0.025964 0.0167083 0.0333528
internal_weight=11011.3 9209.6 427.743 8781.85 2001.38 6780.47 6648.19 6236 575.316 1704.1 291.039 297.286 26.355 5660.68 284.277 1801.71 1755.48 1351.99 773.11 5033.07 1488.57 3544.5 2338.39 1031.82 1306.57 1292.87 1516.1 445.527 421.577 319.811
internal_count=948894 677229 16877 660352 192005 468347 464890 434675 16278 115581 6350 76424 3876 418397 9928 271665 269631 255732 168827 391204 173402 217802 195484 74638 120846 117434 95903 55211 53495 13582
is_linear=0
shrinkage=0.1


Tree=80
num_leaves=31
num_cat=0
split_feature=50 48 14 15 31 48 47 36 49 10 1 12 12 15 43 16 10 44 3 35 12 38 14 32 6 47 42 32 4 7
split_gain=27.363 26.2323 49.0873 65.7558 46.3553 54.6768 80.8656 61.8902 58.6717 51.3365 51.9689 43.7533 39.2582 56.0893 36.2824 42.2257 36.1421 35.6534 45.4655 35.6956 33.8921 32.8774 32.1174 30.2017 29.7833 28.0451 27.8372 28.7161 27.5893 28.1322
threshold=4.5000000000000009 1.0000000180025095e-35 4.5000000000000009 0.58672174811363231 10.106236934661867 0.24967169761657718 0.16762453317642215 1.0000000180025095e-35 7.5000000000000009 0.85424965620040905 0.89986109733581554 0.77563390135765087 0.48203529417514807 0.31319215893745428 0.40491990745067602 0.31666667759418493 0.91304436326026928 0.01436695456504822 0.99523812532424938 1.0000000180025095e-35 0.98799979686737072 1.0000000180025095e-35 2.5000000000000004 5.474675416946412 2.5000000000000004 0.64384192228317272 0.92770034074783336 1.0000000180025095e-35 0.10668563470244409 0.20169491320848468
decision_type=2 2 2 2 2 2 2 2 2 2 2 2 2 2 2 2 2 2 2 2 2 2 2 2 2 2 2 2 2 2
left_child=1 17 4 24 5 7 8 16 12 10 -8 -5 13 -7 15 -6 -3 20 19 -19 25 26 -9 -12 -4 -1 27 -13 29 -21
right_child=-2 2 3 11 14 6 9 22 -10 -11 23 21 -14 -15 -16 -17 -18 18 -20 28 -22 -23 -24 -25 -26 -27 -28 -29 -30 -31
leaf_value=-0.01291484195731153 -0.092121341717222541 0.047042111593812712 0.067287560548361686 -0.075066077208800763 0.055282433319988111 0.0060954334816442409 -0.049725534287309525 0.02599854816389191 -0.054162167100589846 0.11048325016154088 -0.032188503932772464 -0.047353762188366372 0.037529717518969219 -0.068852969226859212 0.014267077073981629 0.27525384317662943 -0.014049741786727377 0.031761014474013131 0.059936693219987153 -0.24231889269833817 0.03472099864076033 -0.036113780316959769 -0.012318660751249965 0.015042992647145356 -0.0091709424066258975 0.081605999055010522 0.046323363995723565 -0.0045336903229109089 0.00021700822450537689 0.0013896448986314986
leaf_weight=1091.9101479470264 32.377634184900671 549.76270280426252 128.15031427099893 142.25331706638099 125.02646442629339 1418.8579666373698 716.32150273994557 297.57918110615719 166.12690223865502 25.786583074237569 271.94743198739889 189.77818363133701 360.06313571812643 107.41060983027273 759.00398819256225 9.3813773216679675 117.54281538055511 505.53531689054216 230.75227368244668 9.6023731930181402 197.48336333195766 618.23564561361854 825.81594264630985 269.59967699159461 84.56825379744987 32.319900150730973 88.450252812122926 896.2149069445295 683.90717827071785 9.34724710928276
leaf_count=43397 2608 46495 9576 37615 13800 41145 271998 29037 28309 4414 25670 6125 24148 35230 19852 500 9965 13357 14552 70 24333 52655 96617 22239 2929 1022 15312 36054 19775 95
internal_value=-0.000326827 -5.48749e-05 -0.00290327 -0.0158827 0.00172698 -0.00193609 -0.00950213 0.0121596 0.00281043 -0.0291889 -0.0320522 -0.0216844 0.00782794 0.000820966 0.0227474 0.070636 0.0362811 0.00837199 0.0192624 0.0114953 -0.00348603 -0.0174484 -0.00216871 -0.00867514 0.0368908 -0.0101975 -0.00762281 -0.0120165 -0.0030809 -0.122105
internal_weight=10961.1 10928.7 8167.88 2147.65 6020.23 5126.81 3336.11 1790.7 2052.46 1283.66 1257.87 1934.93 1886.33 1526.27 893.412 134.408 667.306 2760.86 1439.14 1208.39 1321.71 1792.68 1123.4 541.547 212.719 1124.23 1174.44 1085.99 702.857 18.9496
internal_count=948894 946286 829685 160266 669419 635267 453153 182114 128832 324321 319907 147761 100523 76375 34152 14300 56460 116601 47849 33297 68752 110146 125654 47909 12505 44419 57491 42179 19940 165
is_linear=0
shrinkage=0.1


Tree=81
num_leaves=31
num_cat=0
split_feature=21 15 48 39 41 13 42 43 18 45 24 29 35 1 2 6 32 29 18 12 4 29 43 24 12 39 48 16 31 13
split_gain=25.8998 34.726 43.4387 33.1057 29.5461 33.1829 36.6071 28.1746 55.6788 37.7719 34.8471 32.3275 38.068 53.7818 48.2795 41.1004 37.3455 42.3074 58.4434 35.4445 33.1039 30.832 29.929 29.2886 32.1065 29.2076 30.5798 29.1429 28.1321 44.8602
threshold=1.0000000180025095e-35 0.98830369114875805 0.014232188463211061 0.88194444775581371 0.10391363129019739 0.95119047164917003 0.20204081386327746 0.39855805039405828 1.0000000180025095e-35 0.81976294517517101 0.59047618508338939 0.89003926515579235 1.0000000180025095e-35 0.85577350854873668 0.86526826024055492 1.5000000000000002 1.7195520401000979 0.79206565022468578 1.0000000180025095e-35 0.74705719947814953 0.81872946023941051 0.68066710233688366 0.72012126445770275 0.35294117033481603 0.77563390135765087 0.88194444775581371 0.26667162775993353 0.31666667759418493 6.4967820644378671 0.29520697891712194
decision_type=2 2 2 2 2 2 2 2 2 2 2 2 2 2 2 2 2 2 2 2 2 2 2 2 2 2 2 2 2 2
left_child=1 2 -1 -3 -2 7 -7 8 9 23 -10 12 13 14 21 -15 17 18 -16 -14 -13 22 -9 -6 27 26 -21 -25 29 -4
right_child=4 3 28 -5 5 6 -8 11 10 -11 -12 20 19 15 16 -17 -18 -19 -20 25 -22 -23 -24 24 -26 -27 -28 -29 -30 -31
leaf_value=0.014499499865361785 -0.095535515560951009 -0.045899941043466459 -0.035716097217788838 0.001224318643629167 0.029544666214223626 -0.013745031400524473 0.079571585017343266 0.010111595147062544 -0.042474496008588464 -0.0072099710234190305 0.33007728781619605 0.063054142571815908 0.03009974738978069 0.038479519859994198 0.11701339531970632 -0.011483711626444855 0.016274189087241431 -0.014375927543791826 0.36522574482105491 -0.084527581978061095 0.0087528660285531926 -0.066704693944053012 0.081438639912621014 0.050223118836327962 0.044470430397308559 -0.018736284637405252 0.008911768089987707 0.21793356614551276 0.00016213173072304209 -0.0018964260321309
leaf_weight=1150.6739726186133 29.418140303125256 380.81967693993647 741.20849077220919 244.978880946961 584.07000570451055 64.918159029912204 119.27886080791359 377.68941078767239 158.47540474938432 239.85725468555756 2.5511076163675162 130.97372516302858 109.15368863876211 181.84893545125669 43.878068275749683 1740.1774296180665 48.51818772093975 15.853537034417966 12.102615018666254 155.54223962093238 786.10928968367807 43.784336772558163 69.681284723104909 17.008702116072527 75.21309793072578 533.30222072906327 45.203688829613384 26.511169793942827 1944.6998710103289 832.99641226558742
leaf_count=44415 2073 32530 153677 22671 87718 834 6753 19028 114146 64523 253 13823 3320 7379 802 41582 1238 284 323 2110 54976 1555 1038 3388 2616 33028 938 2005 102404 127464
internal_value=-0.000315342 -0.00533162 -0.00236709 -0.0274524 0.00441867 0.00494547 0.0466832 0.00352112 0.0177717 0.0270548 -0.0365722 -0.000141854 -0.00466375 0.00146165 0.0272922 -0.00675653 0.0840548 0.129835 0.170675 -0.0230685 0.0165079 0.0133831 0.0212213 0.0387489 0.0840261 -0.0309746 -0.063487 0.152388 -0.00788242 -0.0178203
internal_weight=10906.5 5295.38 4669.58 625.799 5611.12 5581.7 184.197 5397.51 1103.69 942.66 161.027 4293.82 3376.74 2533.53 611.507 1922.03 120.352 71.8342 55.9807 843.202 917.083 491.155 447.371 702.803 118.733 734.048 200.746 43.5199 3518.9 1574.2
internal_count=948894 483161 427960 55201 465733 463660 7587 456073 274649 160250 114399 181424 112625 73229 24268 48961 2647 1409 1125 39396 68799 21621 20066 95727 8009 36076 3048 5393 383545 281141
is_linear=0
shrinkage=0.1


Tree=82
num_leaves=31
num_cat=0
split_feature=27 43 31 29 51 32 42 53 16 48 15 10 19 6 32 10 29 8 8 2 6 6 14 29 42 14 15 8 32 2
split_gain=24.4912 33.205 29.9152 35.8118 88.8201 50.7135 48.1457 36.6951 35.1126 32.7493 71.9173 55.3435 43.0013 30.8755 37.5029 30.2929 29.5 29.7155 36.4488 29.2883 28.1604 27.0326 26.8357 26.1991 25.8247 24.6885 48.6885 34.0803 47.1512 39.0801
threshold=161.50000000000003 1.0000000180025095e-35 9.3015174865722674 0.69259262084960949 0.80735492706298839 5.1036133766174325 0.72850126028060924 0.19090909510850909 0.90454545617103588 0.24100495874881747 0.52512624859809887 0.79301422834396373 1.0000000180025095e-35 2.5000000000000004 2.8040528297424321 0.6714620590209962 0.91517937183380138 1.5000000000000002 4.5000000000000009 0.81284341216087352 1.5000000000000002 2.5000000000000004 1.0000000180025095e-35 0.78849154710769664 0.20204081386327746 1.0000000180025095e-35 0.47007462382316595 7.5000000000000009 1.5308482050895693 0.90999099612236034
decision_type=2 2 2 2 2 2 2 2 2 2 2 2 2 2 2 2 2 2 2 2 2 2 2 2 2 2 2 2 2 2
left_child=1 -1 9 4 6 8 7 -4 16 12 15 -12 -2 -6 -15 -11 17 19 22 21 -8 -5 -19 -24 -14 -18 -27 -28 29 -29
right_child=2 -3 3 5 13 -7 20 -9 -10 10 11 -13 24 14 -16 -17 25 18 -20 -21 -22 -23 23 -25 -26 26 27 28 -30 -31
leaf_value=0.066504652761689986 -0.0045626044568052816 0.0061967685436818808 -0.10310636306832639 -0.12062026888978952 0.087886016077720008 0.093486877240629512 0.071927174852703793 0.024058580986297651 0.085560571873870686 -0.006866203246826923 -0.055936028600129854 0.021824384259966394 0.14619625018374452 0.091996009796854461 0.01339629686023185 0.078851027692479425 -0.010641368985237083 -0.0093956497289875204 -0.025524584626017938 -0.11018328367755502 -0.042404216630538678 0.11828093902586057 -0.031044653817110992 0.11745230481309375 0.025895708371725775 0.20281512251430991 0.072704841333442224 0.063860633381976797 -0.21897843242799753 -0.060054300090309293
leaf_weight=95.023634728800971 3164.0123356435506 2327.7688501809462 23.920643539167941 7.6272843988845151 161.18962884276698 50.659783696202794 23.333656081988011 441.81097777989635 38.711701362539316 1523.2439449959493 571.5532823304311 108.97850156153436 18.860874280770076 82.31646759447176 231.21733261799818 42.376187229310744 274.20118861488299 74.467836852534674 663.7030102845456 65.564603706938215 280.73787406977499 12.496638485346919 15.960764188785104 46.480070832301863 331.07885553402593 15.986736867344005 76.198825604951708 55.007029073254671 10.195593593409283 47.367859900929034
leaf_count=14812 248284 133608 10152 115 5307 1948 1949 31770 26003 146543 229490 28226 1343 2528 7477 2842 2852 789 10045 614 9393 165 293 1909 18582 858 8985 1339 75 598
internal_value=-0.000302489 0.00856209 -0.00284137 0.00584586 0.0182988 -0.00480844 -0.00268013 0.0175272 -0.00835525 -0.00691216 -0.0163433 -0.0434837 -0.000883685 0.052318 0.0340322 -0.00454612 -0.0110182 -0.0218241 -0.0158338 -0.0777935 -0.0336307 0.0277336 0.031145 0.0794944 0.0323796 0.00897789 0.0352512 0.0210604 -0.0138977 0.00652641
internal_weight=10882.1 2422.79 8459.26 2699.16 1244.53 1454.63 769.803 465.732 1403.97 5760.1 2246.15 680.532 3513.95 474.723 313.534 1565.62 1365.26 886.3 800.612 85.6885 304.072 20.1239 136.909 62.4408 349.94 478.957 204.756 188.769 112.57 102.375
internal_count=948894 148420 800474 125164 68576 56588 53264 41922 54640 675310 407101 257716 268209 15312 10005 149385 28637 13930 13036 894 11342 280 2991 2202 19925 14707 11855 10997 2012 1937
is_linear=0
shrinkage=0.1


Tree=83
num_leaves=31
num_cat=0
split_feature=14 13 15 13 15 13 7 15 21 14 4 43 19 8 8 41 5 1 43 42 44 7 53 53 42 1 30 15 51 8
split_gain=25.1024 63.3258 71.125 57.691 89.8744 70.8048 55.2029 50.8037 50.5323 57.9762 48.7007 109.481 51.3223 47.3062 45.8269 45.4761 45.334 44.1705 43.2662 42.9652 41.7497 38.0066 36.9562 81.6236 40.9182 75.9506 36.6857 42.4085 35.2219 35.1697
threshold=4.5000000000000009 0.36939570307731634 0.58172541856765758 0.18019481003284457 0.32779997587203985 0.0745370388031006 0.57259953022003185 0.70042735338211071 1.0000000180025095e-35 1.5000000000000002 0.4401834905147553 0.52986019849777233 1.0000000180025095e-35 2.5000000000000004 11.500000000000002 0.98213714361190807 0.32051283121109014 0.61825561523437511 0.82373616099357616 0.16843970865011218 0.19528467953205111 0.44543650746345526 0.89444443583488475 0.78888890147209179 0.86729556322097789 0.86038687825202953 0.80418902635574352 0.58172541856765758 0.95904386043548595 36.500000000000007
decision_type=2 2 2 2 2 2 2 2 2 2 2 2 2 2 2 2 2 2 2 2 2 2 2 2 2 2 2 2 2 2
left_child=3 2 -2 4 20 -6 14 -3 -7 -10 16 13 18 15 -5 -12 19 21 -13 -8 -1 29 23 24 -9 -26 -11 -28 -27 -16
right_child=1 7 -4 6 5 8 10 22 9 26 11 12 -14 -15 17 -17 -18 -19 -20 -21 -22 -23 -24 -25 25 28 27 -29 -30 -31
leaf_value=0.11340184144989385 0.0060521635214383735 0.040244585398565458 -0.09774706373412953 0.12090195645003121 -0.090861226268191375 -0.070097702822593963 0.1032526136697962 -0.0086604270138896933 0.043850103278194635 -0.063357579478560536 0.10992344900536646 -0.010222631582664982 0.042415726431221032 0.031676724021271432 0.04943264008498191 -0.090556559710703879 0.20169470842620327 0.070758726681271519 0.031148937254061804 -0.063225895883784994 0.0011450374197451518 -0.061796618309906848 0.063053255114152315 -0.066961848034034738 0.11589423856863168 0.016497517041520079 0.097168807368738036 -0.047953906548467498 -0.075716618043803391 -0.086958354273734217
leaf_weight=33.562306209700182 115.29296807314677 250.99116287622019 154.44437740165449 67.684892340927036 183.81745981967833 142.24656736567704 16.965937845263397 2679.1188337653002 168.49212552962126 146.63674534769962 153.51336484185595 1742.0222749331733 266.89210225484567 402.93129655153461 129.21679137920728 12.214943332772235 7.4962647701177039 163.97764538796764 295.68775317986729 179.7160926837314 2574.8622639950554 65.304300739175233 75.063645899761468 218.7761177229695 74.316924932594702 367.66074641220621 38.145455654739635 42.651465888804523 46.679652576567605 22.146144992977497
leaf_count=1643 7430 14426 45372 7610 87820 54246 2328 108663 33086 51244 13768 55728 8763 64649 18968 681 467 12669 26819 83774 137773 23215 37618 5357 2811 18132 2121 4919 2208 14586
internal_value=-0.000282711 -0.00659729 -0.0533805 0.00338505 -0.00605318 -0.0372775 0.0123003 -0.00319828 -0.0189755 -0.000608468 0.00752439 0.0108778 0.00118143 0.0501743 0.0450834 0.0951471 -0.0396662 0.0316016 -0.00421929 -0.0488653 0.00258943 0.00196684 -0.00634819 -0.00788649 -0.00380656 0.0228053 -0.0335452 0.0205607 0.00610866 0.0294771
internal_weight=10838.5 3982.34 269.737 6856.18 3330.41 721.99 3525.77 3712.61 538.172 395.926 3077.44 2873.26 2304.6 568.66 448.33 165.728 204.178 380.645 2037.71 196.682 2608.42 216.667 3461.62 3386.55 3167.78 488.657 227.434 80.7969 414.34 151.363
internal_count=948894 242017 52802 706877 372852 233436 334025 189215 145616 91370 256977 170408 91310 79098 77048 14449 86569 69438 82547 86102 139416 56769 174789 137171 131814 23151 58284 7040 20340 33554
is_linear=0
shrinkage=0.1


Tree=84
num_leaves=31
num_cat=0
split_feature=50 11 15 3 14 11 14 43 45 42 4 53 28 41 5 7 2 7 42 4 7 40 29 30 49 12 44 8 15 2
split_gain=23.446 22.0649 52.1255 40.2647 40.8675 37.3568 33.8925 53.1991 33.9523 33.5304 63.1037 82.8229 68.028 81.918 66.7771 59.3779 47.3483 43.3273 79.5586 41.4212 40.3952 39.6385 43.0895 59.1689 41.8621 42.1742 46.6209 38.3855 36.1997 34.9057
threshold=3.5000000000000004 0.99004951119422924 0.97735819220542919 0.99523812532424938 8.5000000000000018 0.9168485999107362 11.500000000000002 0.77034068107604992 0.10561817884445192 0.23904761672019961 0.39369100332260137 0.11805555596947671 0.32051283121109014 0.64051279425621044 0.11805555596947671 0.76417112350463878 0.64326763153076183 0.54316771030426036 0.64075469970703136 0.61451047658920299 0.30583900213241583 0.64051279425621044 0.32430708408355718 0.47325670719146734 7.5000000000000009 0.76011696457862865 0.35257685184478765 15.500000000000002 0.56723594665527355 0.66333332657814037
decision_type=2 2 2 2 2 2 2 2 2 2 2 2 2 2 2 2 2 2 2 2 2 2 2 2 2 2 2 2 2 2
left_child=1 2 6 4 -3 -4 7 9 -9 -1 20 17 14 15 19 -14 -17 27 -19 -13 -11 -15 23 -23 25 26 -24 -12 -28 -16
right_child=-2 3 5 -5 -6 -7 -8 8 -10 10 11 12 13 21 29 16 -18 18 -20 -21 -22 22 24 -25 -26 -27 28 -29 -30 -31
leaf_value=0.030570788622220374 -0.069798479780409595 -0.019635034121638063 -0.0018544883100567976 0.10034109957037443 0.049623144833951131 -0.046702638775211761 -0.023314742924000629 0.027334889885763693 -0.018862564731061546 0.075145384406318891 0.2052191998970074 -0.014074999526900707 -0.0017230757690901153 -0.050600139927958032 -0.074819918313446906 0.10396933192319512 0.027594566129534627 -0.017519641658315502 0.075006304731103701 0.15228608175461444 -0.048417837802246184 -0.01101427976313029 0.026001196223354006 0.077654584664049897 -0.040578733257499354 -0.015027712983050633 0.0010848820265894116 0.052756812217440253 -0.049726304779505077 -0.01235883406944247
leaf_weight=329.67949191243679 48.303706885693828 198.54136701623793 341.03635643659072 57.617057738039875 149.2438427607849 407.84138723983779 536.14958029035188 1153.889820747776 184.52728889606078 28.405498482941766 28.062613919508294 34.477706296485849 233.94092455264035 172.90075675053231 270.55850665776961 156.43609226971603 168.71404756947595 185.68992469164368 186.03408272525121 26.446756550096325 385.82917175572948 145.71766614881926 784.50824578737229 155.6399019882665 296.83126757973514 1607.733245920972 2192.5669381333428 40.125867994531291 149.7915380682025 133.67416844589025
leaf_count=39834 4411 6467 50860 15988 4965 13635 19540 83044 7306 5218 2462 10099 23542 24122 107985 19307 12021 44645 19181 1534 112643 20530 52394 12452 35635 45265 83460 6723 43617 20009
internal_value=-0.000284882 2.76828e-05 -0.000869824 0.0229129 0.0100855 -0.0262789 0.00111471 0.00256163 0.0209657 -0.000631656 -0.00202476 0.00022891 -0.00260048 0.000226238 -0.0394555 0.0366972 0.06434 0.0422275 0.0287862 0.0581408 -0.0399447 -0.00347731 -0.00194948 0.0347799 -0.00414938 -0.00186548 0.00490211 0.115502 -0.00216444 -0.0541649
internal_weight=10790.9 10742.6 10337.2 405.402 347.785 748.878 9588.33 9052.18 1338.42 7713.76 7384.08 6969.85 6529.94 6064.78 465.157 559.091 325.15 439.912 371.724 60.9245 414.235 5505.69 5332.79 301.358 5031.43 4734.6 3126.87 68.1885 2342.36 404.233
internal_count=948894 944483 917063 27420 11432 64495 852568 833028 90350 742678 702844 584983 511972 372345 139627 54870 31328 73011 63826 11633 117861 317475 293353 32982 260371 224736 179471 9185 127077 127994
is_linear=0
shrinkage=0.1


Tree=85
num_leaves=31
num_cat=0
split_feature=27 32 43 18 45 24 43 6 3 1 4 1 36 32 42 30 10 28 32 32 28 3 42 43 49 7 42 12 5 8
split_gain=21.7155 21.8073 32.5099 47.2705 49.7245 35.6183 30.5754 35.1574 63.3939 50.9885 53.1367 126.204 84.1175 40.9563 64.1275 38.9661 38.331 38.0316 47.1111 36.4764 83.0075 60.7479 32.1686 30.7432 28.217 28.072 26.8177 28.4359 32.5739 36.8798
threshold=708.50000000000011 9.1332817077636737 0.40068039298057562 1.0000000180025095e-35 0.72528752684593212 0.47452023625373846 0.72408923506736766 2.5000000000000004 0.97894498705863964 0.8733777403831483 0.80673456192016613 0.93582671880722057 1.0000000180025095e-35 3.2679439783096318 0.9136645793914796 0.98690816760063182 0.8255576789379121 0.84523808956146251 2.0142278671264653 1.5308482050895693 0.58571431040763866 0.91545841097831737 0.86576575040817272 0.92581573128700267 5.5000000000000009 0.92232277989387523 0.99253731966018688 0.63300246000289928 0.64583334326744091 2147483689.0000005
decision_type=2 2 2 2 2 2 2 2 2 2 2 2 2 2 2 2 2 2 2 2 2 2 2 2 2 2 2 2 2 2
left_child=1 2 3 4 -1 -5 24 8 13 22 19 17 -13 14 -8 -10 -14 18 -12 21 -21 -11 -9 -18 -4 -22 27 -3 29 -29
right_child=-2 26 6 5 -6 -7 7 9 15 10 11 12 16 -15 -16 -17 23 -19 -20 20 25 -23 -24 -25 -26 -27 -28 28 -30 -31
leaf_value=0.038128570264873492 -0.019777322132743452 -0.044300381832973974 -0.0023936008847002732 -0.047540650248253602 -0.0013190345789217423 0.093404350443575423 -0.067109485084582754 0.021081700232146824 0.11032985672846801 -0.12229412305982153 -0.13725806126916634 0.055088293463529441 0.011644494141716642 0.027310513098822455 0.060127480871690446 0.037057148268399558 -0.047036319245439225 0.11713500309774455 -0.023844755843209997 -0.079060952695381034 0.063024019516596905 0.040358803749699898 0.10539907550208201 0.064861779989519155 -0.030528767399217595 0.1799252126797497 -0.090825582089899451 0.0049851102827613196 0.077087201044166206 -0.033892181581983642
leaf_weight=805.65527355335507 542.25960485279938 189.53467581378209 4495.602780207475 161.47258260166564 529.59176818546985 20.169286403775914 148.4351742376457 185.06896822209819 96.879212223459035 31.334841989097185 122.04218264855444 199.53828742782935 241.45162920097937 250.77102498960448 54.029350472788792 289.33162282110425 354.49331688464736 8.2007427154167072 52.331978366768453 25.854682491277345 37.997238284326158 85.932158573588822 59.890586015128065 26.380081626964966 387.15913997328607 44.715136884653475 40.382547722416348 863.79200403131836 49.113395932683488 340.06493744172622
leaf_count=75005 76684 73766 158264 128383 105319 4571 1894 10401 11952 316 1062 50921 8157 11060 8794 18333 6219 813 1561 391 1664 5009 2839 1469 29982 1567 1747 80529 1272 68950
internal_value=-0.000277501 0.000759446 0.00266709 0.0159717 0.0224827 -0.0318903 -0.000136914 0.00932948 0.0256674 3.27663e-05 -0.00826292 -0.0181173 -0.00141045 0.000299901 -0.0331552 0.0554373 -0.0195258 -0.0933235 -0.103221 0.0355663 0.0773349 -0.00310358 0.0416966 -0.039286 -0.00462447 0.126222 -0.010451 -0.00820093 -0.00274023 -0.00599693
internal_weight=10739.5 10197.2 8714.33 1516.89 1335.25 181.642 7197.44 2314.68 839.446 1475.23 1230.27 1004.44 821.863 453.236 202.465 386.211 622.325 182.575 174.374 225.834 108.567 117.267 244.96 380.873 4882.76 82.7124 1482.89 1442.51 1252.97 1203.86
internal_count=948894 872210 645946 313278 180324 132954 332668 144422 52033 92389 79149 70202 66766 21748 10688 30285 15845 3436 2623 8947 3622 5325 13240 7688 188246 3231 226264 224517 150751 149479
is_linear=0
shrinkage=0.1


Tree=86
num_leaves=31
num_cat=0
split_feature=20 50 39 39 16 43 16 35 11 39 16 35 11 16 37 13 11 43 31 3 7 42 8 13 33 30 8 39 31 1
split_gain=20.9439 20.6068 21.371 56.4115 85.1359 81.4004 66.892 81.4071 37.8186 39.5413 87.2104 54.5091 38.3655 39.2604 43.4767 31.3567 31.341 29.555 44.2052 40.522 40.0193 45.9723 32.787 41.624 40.816 33.0293 30.3522 28.2655 27.2441 27.2271
threshold=1.0000000180025095e-35 1.5000000000000002 0.88194444775581371 0.53571429848670971 0.43650794029235845 0.61129871010780346 0.64583334326744091 1.0000000180025095e-35 0.97448912262916576 0.43650794029235845 0.31666667759418493 1.0000000180025095e-35 0.70380714535713207 0.31666667759418493 1.0000000180025095e-35 0.7379862666130067 0.99004951119422924 0.39855805039405828 8.9894409179687518 0.91545841097831737 0.44543650746345526 0.85504204034805309 2147483689.0000005 0.31339286267757421 6.8831124305725107 0.57143071293830883 2147483689.0000005 0.76388889551162731 9.5042500495910662 0.77490171790122997
decision_type=2 2 2 2 2 2 2 2 2 2 2 2 2 2 2 2 2 2 2 2 2 2 2 2 2 2 2 2 2 2
left_child=-1 2 3 4 8 28 7 -5 9 10 29 12 13 -11 -15 -10 -17 18 20 -19 26 -22 23 24 -21 -24 -4 -8 -6 -2
right_child=1 -3 17 6 5 -7 27 -9 15 11 -12 -13 -14 14 -16 16 -18 19 -20 22 21 -23 25 -25 -26 -27 -28 -29 -30 -31
leaf_value=-0.10928613781894192 -0.018790828287164055 -0.027622168508330693 0.084774496819309569 -0.026027134025805039 -0.002052657076811187 0.10557429899414905 0.068862097076661091 -0.1368913690959587 0.10950271058408888 -0.058629282866312193 0.10211631618885229 -0.066001055061310793 -0.020804850875623046 0.14967950644059527 0.019274086106387905 -0.025500438631944441 0.086326088584864985 -0.0068548693510003872 0.20692533607536806 -0.10869752140771168 -0.00095860278862891371 0.13059209658160531 -0.11060700529626043 0.070281333412593891 0.067760404604149754 0.012201999182930707 -0.069198467157378707 -0.039867284921246915 0.10857026452716174 0.00078930595902085548
leaf_weight=17.590497867844533 821.1778247491311 264.91055392734415 130.59036872113938 204.17809200577904 207.02284005811089 143.93764347636898 68.086273201028234 98.035821747631417 52.04569011303829 33.34375397558324 81.757610378888785 220.46339710867323 573.62043631396955 39.342557922573178 73.011663216762827 69.078250844555441 39.332910380559042 1280.8960148046317 13.626950206853506 28.937541239662096 374.2033251884568 28.594973565908731 24.1495477843564 214.36300511838635 23.963525437371572 235.07327779516345 14.194239563832523 36.848912785149878 24.945517651285627 5254.2146363234424
leaf_count=1392 308629 32012 6419 5792 16407 8280 2881 2589 1551 7147 6468 16200 17818 3519 6565 1267 1159 45788 676 1493 61774 2060 496 68375 3196 22846 4035 819 855 290386
internal_value=-0.000259629 -7.99548e-05 0.000620996 -0.00183831 9.61741e-05 0.0464997 -0.0381063 -0.0619906 -0.00230736 -0.0033928 -0.000476624 -0.0224986 -0.00916562 0.0366586 0.0649375 0.0457012 0.0150716 0.00896937 0.0290156 0.00274482 0.0245882 0.00838029 0.0261 0.0506767 -0.0287643 0.000760947 0.0696795 0.0306808 0.00984356 -0.00185723
internal_weight=10691.5 10673.9 10409 8040.44 7633.29 375.906 407.149 302.214 7257.39 7096.93 6157.15 939.782 719.318 145.698 112.354 160.457 108.411 2368.59 561.21 1807.38 547.583 402.798 526.487 267.264 52.9011 259.223 144.785 104.935 231.968 6075.39
internal_count=948894 947502 915490 698332 686251 25542 12081 8381 660709 656732 605483 51249 35049 17231 10084 3977 2426 217158 74964 142194 74288 63834 96406 73064 4689 23342 10454 3700 17262 599015
is_linear=0
shrinkage=0.1


Tree=87
num_leaves=31
num_cat=0
split_feature=27 43 10 42 45 43 44 15 41 40 44 48 30 15 10 13 10 13 1 51 29 32 52 42 5 29 29 47 4 14
split_gain=20.5278 18.1032 34.3683 36.4951 46.7272 31.4938 38.7843 31.8122 52.4742 37.1974 30.499 33.4582 68.1316 59.138 50.5106 39.2538 30.58 29.0013 32.8151 33.9625 33.3749 28.1082 27.4304 50.2624 33.8852 30.4075 27.0593 26.3511 31.738 25.1928
threshold=109.50000000000001 0.70715633034706127 0.7243328094482423 0.77346041798591625 0.069956511259078993 0.55904665589332592 0.3378951251506806 0.52512624859809887 0.98386678099632274 0.89943820238113414 0.8617975413799287 0.13846233487129214 0.33151772618293768 0.53879600763320934 0.83771398663520824 0.40312500298023229 0.65970557928085338 0.087595909833908095 0.89986109733581554 0.93405798077583324 0.40263193845748907 7.9343340396881112 0.7510683834552766 0.79118216037750255 0.47727273404598242 0.21595779806375506 0.59709247946739208 0.98925849795341503 0.49752475321292883 3.5000000000000004
decision_type=2 2 2 2 2 2 2 2 2 2 2 2 2 2 2 2 2 2 2 2 2 2 2 2 2 2 2 2 2 2
left_child=-1 5 -3 29 -5 6 7 9 17 -2 11 12 15 16 -15 -8 -13 -9 19 22 -20 -22 23 24 27 -24 -6 -19 -29 -4
right_child=1 2 3 4 26 -7 10 8 -10 -11 -12 13 -14 14 -16 -17 -18 18 20 -21 21 -23 25 -25 -26 -27 -28 28 -30 -31
leaf_value=0.015435983860217812 0.016578419373879816 0.039125411384354096 0.077172198018086294 0.0046389337692790697 -0.0031988807371195697 -0.015137340761604917 0.092536815872320238 -0.07517333584769291 -0.089824131691144962 0.086902041774425468 0.014846614436939893 -0.0088111865356331632 0.1380324091252248 -0.058799864386865797 0.024822350504218386 -0.0038561217560767851 0.080404268121096981 -0.020832100985543556 0.10247770928525829 0.13194314162647144 -0.00104031012853978 0.13893173555954397 0.034210693951007287 0.13129784378551204 0.047129265421531237 -0.07066813771784225 -0.050972447858524839 -0.0073646172347667021 0.089960267320244203 0.014747660875240735
leaf_weight=774.69916076889785 218.30301179015078 274.54550681453838 72.548317915614462 1189.2663380289887 197.11021910159616 1891.9323439355649 44.940100413237815 38.161638474695792 54.744285624372424 114.75449668571673 622.81850854933145 1886.4002317397826 38.672642040008213 435.65239668196955 86.590731423078978 704.84400688869937 39.218691715519526 394.37369137888891 75.685396951274015 20.627101284248056 105.6055092621682 16.602068505308125 39.245869611877424 32.518182543994044 143.92478274932364 93.515102970588487 297.51309532969026 88.89589348869049 53.776021574441984 593.79402239096817
leaf_count=46433 20192 14768 2714 90196 7930 48900 14983 15060 11271 6911 35009 148880 1540 267570 27733 57054 4227 51899 3365 1043 7533 644 1680 1222 4846 6314 10161 11562 2332 24922
internal_value=-0.000238437 -0.00146915 0.00564578 0.00173481 -0.00610407 -0.00404795 -0.000126286 0.0135731 0.00573769 0.0408083 -0.00541818 -0.00931808 0.00859746 -0.0150887 -0.0449348 0.00192142 -0.00699415 0.0104809 0.0135508 0.00516304 0.0502936 0.0179751 0.00207281 0.00983902 0.00403903 -0.0396646 -0.0319344 -0.00750888 0.0293192 0.0215442
internal_weight=10641.3 9866.58 2624.78 2350.23 1683.89 7241.8 5349.87 1490.73 1157.68 333.058 3859.14 3236.32 788.457 2447.86 522.243 749.784 1925.62 1102.93 1064.77 866.877 197.893 122.208 846.25 713.489 680.97 132.761 494.623 537.046 142.672 666.342
internal_count=948894 902461 150691 135923 108287 751770 702870 145874 118771 27103 556996 521987 73577 448410 295303 72037 153107 107500 92440 80898 11542 8177 79855 71861 70639 7994 18091 65793 13894 27636
is_linear=0
shrinkage=0.1


Tree=88
num_leaves=31
num_cat=0
split_feature=14 13 15 13 15 13 21 53 7 10 4 43 10 43 42 53 53 48 13 49 37 15 42 3 30 11 5 7 1 43
split_gain=20.1966 53.0486 68.0058 45.1107 78.7239 68.1468 50.3364 49.3453 41.6761 40.9396 42.7413 47.7487 49.5597 45.147 39.9772 38.1336 78.1775 36.097 39.1016 36.0799 36.0647 35.8657 34.8831 57.2104 52.4603 30.644 30.6154 30.175 37.8949 26.7473
threshold=4.5000000000000009 0.38165266811847692 0.57739216089248668 0.16064515709877017 0.26145105063915258 0.0745370388031006 1.0000000180025095e-35 0.64583334326744091 0.5646599829196931 0.90605106949806224 0.4401834905147553 0.49999992549419409 0.79992258548736583 0.80111765861511242 0.89725548028945934 0.89444443583488475 0.78888890147209179 0.15190565586090091 0.58957219123840343 2.5000000000000004 1.0000000180025095e-35 0.60617992281913768 0.8760964870452882 0.89009657502174389 0.52870488166809093 0.76961538195610057 0.27922078967094427 0.87026646733284008 0.94997775554656994 0.41670577228069311
decision_type=2 2 2 2 2 2 2 2 2 2 2 2 2 2 2 2 2 2 2 2 2 2 2 2 2 2 2 2 2 2
left_child=3 2 -2 4 29 -6 -7 -8 17 10 26 12 14 20 25 16 21 18 -5 -9 -13 -3 -23 -24 -25 -12 -10 28 -18 -1
right_child=1 15 -4 8 5 6 7 19 9 -11 11 13 -14 -15 -16 -17 27 -19 -20 -21 -22 22 23 24 -26 -27 -28 -29 -30 -31
leaf_value=0.017078488703259596 0.0082921011753095322 0.057900490227472949 -0.091940806035314959 0.085435994205747059 -0.085405020329802891 -0.074012302049245887 -0.027779023796143321 0.085724933089873917 -0.05154245072350503 -0.016541453924141553 0.0083562994408589806 0.010376191853132703 0.12096853848679959 0.04766215694427399 0.11257430283605448 0.065196802216069563 -0.10392683186690387 0.00097286666657889925 0.0028944682243768217 -0.017164993617938169 -0.025063585399060617 -0.0064955885714600651 0.081013994430102099 -0.082411342354164627 0.021271256594963685 0.1105106817261524 0.18103733929188653 0.019991288242113991 0.0048126307575194474 -0.0048000596180316976
leaf_weight=840.72607944207266 119.88943780525005 102.00858702421829 155.46799194873165 197.1152434540345 197.35842818417586 111.96702275933785 214.55239189505664 91.912330386214308 132.68072287253744 607.31106142228236 310.2265520926012 1302.549823377929 71.294642534528975 255.98086672868521 51.432677404860442 80.730243513113237 139.92994085908867 153.3586207884 80.965676093590446 54.166970353609941 368.34601421153639 2750.5890183646188 125.24661881777865 60.735607115493622 248.32256739796139 32.435276811738731 5.9119119120878159 37.064998281537555 41.569092877150979 1666.2298667804571
leaf_count=83363 7560 4231 48220 22598 102020 48040 70383 5137 78388 42446 71142 34973 8549 17059 2567 40327 1963 49965 4101 9441 17630 114365 4747 970 15942 3048 629 1833 1859 35398
internal_value=-0.000233969 -0.00600136 -0.0482998 0.00306716 -0.00560061 -0.0360515 -0.0154414 0.00274337 0.0107814 0.00677497 0.01237 0.015498 0.0442451 0.0085548 0.0303653 -0.00275358 -0.00431846 0.0399228 0.0614033 0.0475728 0.00256356 -0.000467549 -0.00233701 0.0240006 0.000895722 0.0180259 -0.0416214 -0.0622309 -0.079022 0.00253707
internal_weight=10608.1 3861.55 275.357 6746.52 3176.91 669.957 472.599 360.632 3569.61 3138.17 2530.86 2392.27 465.389 1926.88 394.095 3586.2 3505.47 431.44 278.081 146.079 1670.9 3286.9 3184.89 434.305 309.058 342.662 138.593 218.564 181.499 2506.96
internal_count=948894 242017 55780 706877 353782 235021 133001 84961 353095 276431 233985 154968 85306 69662 76757 186237 145910 76664 26699 14578 52603 140255 136024 21659 16912 74190 79017 5655 3822 118761
is_linear=0
shrinkage=0.1


Tree=89
num_leaves=31
num_cat=0
split_feature=50 20 3 42 29 52 28 3 16 1 13 31 11 14 32 32 5 30 32 32 30 3 32 43 29 32 30 29 32 2
split_gain=19.0379 18.8985 17.7869 67.9676 81.827 127.755 163.501 72.9299 57.2539 52.4845 46.4444 56.7421 42.9482 41.8571 66.0689 46.5446 116.263 82.5079 41.7688 67.4158 84.8494 61.5576 39.1748 38.7233 53.377 49.1116 37.752 50.6865 54.9241 37.4082
threshold=4.5000000000000009 1.0000000180025095e-35 0.99523812532424938 0.92770034074783336 0.66371718049049389 0.81769305467605602 0.58571431040763866 0.93788582086563121 0.90454545617103588 0.97506099939346325 0.21807064861059192 9.7596631050109881 0.61234253644943248 4.5000000000000009 1.7195520401000979 1.5308482050895693 0.72077924013137828 0.98690816760063182 1.5308482050895693 1.7195520401000979 0.87908327579498302 0.90366768836975109 3.2679439783096318 0.74777555465698253 0.74937951564788829 1.7195520401000979 0.58538314700126659 0.63554948568344127 1.7195520401000979 0.8263767957687379
decision_type=2 2 2 2 2 2 2 2 2 2 2 2 2 2 2 2 2 2 2 2 2 2 2 2 2 2 2 2 2 2
left_child=1 -1 3 4 10 6 -6 9 13 -5 11 -3 -10 23 15 17 -17 -15 21 -20 -21 -8 -7 -4 -25 -26 -9 -28 -29 -12
right_child=-2 2 8 7 5 22 18 26 12 -11 29 -13 -14 14 -16 16 -18 -19 19 20 -22 -23 -24 24 25 -27 27 28 -30 -31
leaf_value=-0.10880179074054371 -0.081490034747573215 -0.035564770528159748 0.0033416070132071493 0.032330688988848451 -0.093816708157580489 -0.10778205423711712 -0.098793352874850054 -0.062671322297272944 -0.033502913373298228 0.12470119540289118 -0.0023341239382546216 0.022268736397055219 0.090133971362152732 0.10195434854712629 0.075188657160969563 0.10147808570518249 -0.2236151629875256 -0.029962608320099799 0.18465992899764133 0.10530993323803071 -0.097359847570809233 0.15498695994456357 -0.033580145555331668 0.11412745825549316 0.0081567777382293219 0.11806687910324916 0.038856308624015679 0.069081022961684529 -0.098869728006808932 0.024653151899967279
leaf_weight=15.944377250998512 28.756770636857254 756.11411495685752 2535.6755793702978 526.85272085882389 104.27743999259837 224.65097351207805 31.390514443271968 108.8209181176062 35.936784414050635 69.643914848260465 3387.7706410920546 218.72098294831812 128.77811271790415 51.405776809435338 69.771846504736459 16.196731465635821 34.2919599111774 610.37463650360587 48.488800910970895 63.665350219802349 30.578960502549307 13.742307135660665 104.129779040828 71.302301437070128 365.04940318950685 45.749561192002147 176.28059754538117 27.136824224275188 68.932719250849914 605.41681106339092
leaf_count=1391 2608 232825 120848 54430 3017 5410 974 4120 3051 4637 334889 26944 72673 1597 3455 396 162 17837 1734 2049 637 703 3323 1727 13862 2398 10151 2326 1177 17543
internal_value=-0.000235356 -1.38142e-05 0.000150893 -0.00304239 -0.0072975 -0.0415235 0.00659644 0.0212824 0.00544006 0.0431154 -0.0030198 -0.0225888 0.0631594 0.00293804 -0.0176793 -0.0267763 -0.119326 -0.0197156 0.0623321 0.0888467 0.0395507 -0.0215208 -0.0842812 0.0082809 0.0342598 0.0203972 -0.0128841 0.00700897 -0.0514286 0.00175748
internal_weight=10575.8 10547.1 10531.1 6566.61 5588.95 620.924 292.143 977.668 3964.53 596.497 4968.02 974.835 164.715 3799.82 782.041 712.269 50.4887 661.78 187.866 142.733 94.2443 45.1328 328.781 3017.78 482.101 410.799 381.171 272.35 96.0695 3993.19
internal_count=948894 946286 944895 706889 630048 17847 9114 76841 238006 59067 612201 259769 75724 162282 23447 19992 558 19434 6097 4420 2686 1677 8733 138835 17987 16260 17774 13654 3503 352432
is_linear=0
shrinkage=0.1


Tree=90
num_leaves=31
num_cat=0
split_feature=27 15 10 19 49 30 29 13 15 12 1 29 16 11 52 15 43 43 32 31 5 4 29 30 52 29 48 14 13 11
split_gain=17.6291 17.435 50.2833 58.7743 51.0593 46.8409 52.7048 38.5975 47.803 46.7429 38.0055 44.8702 40.6683 37.6452 30.1401 29.8522 30.1597 29.3817 45.0987 36.7814 29.3762 37.3039 35.5799 28.781 28.6778 31.0892 28.4027 32.2615 52.9206 31.4727
threshold=708.50000000000011 0.81673029065132152 0.75214156508445751 1.0000000180025095e-35 7.5000000000000009 0.67404192686080944 0.44563008844852453 0.098780486732721343 0.26145105063915258 0.65636929869651806 0.89986109733581554 0.40263193845748907 0.23611111193895343 0.6879490613937379 0.77836257219314586 0.62345302104949962 0.37074355781078344 0.39239132404327398 5.9114432334899911 8.2617969512939471 0.11805555596947671 0.62192189693450939 0.39087690412998205 0.7168484926223756 0.76506900787353527 0.55908533930778515 0.0080671310424804705 3.5000000000000004 0.35857143998146063 0.87533783912658703
decision_type=2 2 2 2 2 2 2 2 2 2 2 2 2 2 2 2 2 2 2 2 2 2 2 2 2 2 2 2 2 2
left_child=1 2 4 13 5 10 23 8 17 15 12 -12 -1 -4 -13 16 -9 18 -8 -19 21 -14 -23 -7 25 -20 -3 -28 -29 -30
right_child=-2 26 3 -5 -6 6 7 9 -10 -11 11 14 20 -15 -16 -17 -18 19 24 -21 -22 22 -24 -25 -26 -27 27 28 29 -31
leaf_value=-0.047317269703813641 -0.01802989136134758 0.0049683362176303116 0.063040444028125975 0.09973983498091421 -0.050072838513979492 0.034362300638500341 0.016993641588979799 0.29178069004291846 -0.064453673214392451 0.013083836342944431 0.053579174922018906 0.044084114407673881 0.002317895562271743 0.0079869042702099061 -0.04146394176978857 0.02550984988275444 0.093789269543883474 0.015522228365337679 -0.044720366539849725 -0.015736861776962822 -0.027466011055407531 0.15843502831145004 -0.11998429166113606 0.16493878314659483 0.070282155809227406 0.32518148268353497 0.0035756287799949744 -0.084650430488720507 0.002524805053913697 -0.025903538050039383
leaf_weight=438.5557211381456 528.1203221279502 2213.5348881615027 148.86937506917457 95.197855442180298 194.57649642065371 35.373749524427694 288.19368922617286 8.4693067716580099 108.08456250318704 513.30197309329378 149.91127353950287 56.575327929458581 98.472744272439741 749.68096146749303 151.37882142116723 70.423175245356106 84.010504715042771 675.74441063636914 2.8792000125395125 849.80661191116087 171.1940064287628 32.507298893353436 5.3445565958390935 32.287461787229404 27.853141902305651 10.776547104003837 1049.3056790179762 113.5696695190054 669.65621492547507 930.6266291128195
leaf_count=157130 76684 99841 15232 5128 31300 2677 16090 1259 37291 19152 14871 3366 21370 43596 7134 7400 4156 19524 157 8355 32886 2128 605 2503 821 295 172597 34656 59758 50932
internal_value=-0.000224692 0.000717884 0.00488886 0.0250239 -0.000106282 0.00244474 0.00952415 0.00729022 0.000193516 0.0278953 -0.0149162 0.0118744 -0.0277667 0.017108 -0.01819 0.0745655 0.111921 0.00395977 0.0310298 -0.00189062 0.000114676 0.03475 0.119123 0.0966725 0.128482 0.247191 -0.00347218 -0.0102338 -0.0186886 -0.0140074
internal_weight=10504.3 9976.16 4999.47 993.748 4005.72 3811.14 2707.2 2639.54 1963.34 676.205 1103.94 357.865 746.074 898.55 207.954 162.903 92.4798 1855.25 329.703 1525.55 307.519 136.325 37.8519 67.6612 41.5089 13.6557 4976.69 2763.16 1713.85 1600.28
internal_count=948894 872210 454426 63956 390470 359170 119680 114500 82533 31967 239490 25371 214119 58828 10500 12815 5415 45242 17363 27879 56989 24103 2733 5180 1273 452 417784 317943 145346 110690
is_linear=0
shrinkage=0.1


Tree=91
num_leaves=31
num_cat=0
split_feature=20 44 50 6 12 5 6 5 43 43 30 4 51 5 43 42 28 3 3 32 29 30 4 3 32 32 51 47 30 32
split_gain=16.9823 17.3159 21.8114 22.5672 60.2926 74.8162 120.166 183.05 146.3 107.668 71.297 59.7838 115.352 73.8402 50.7449 49.6665 92.1141 83.8142 64.4849 97.7311 93.31 50.7554 43.0718 48.4692 52.8404 48.7901 59.8133 45.5385 43.8681 41.7225
threshold=1.0000000180025095e-35 0.88888886570930492 3.5000000000000004 2.5000000000000004 0.60476461052894603 0.47727273404598242 1.5000000000000002 0.32051283121109014 0.45465156435966497 0.40068039298057562 0.85047727823257457 0.61938297748565685 0.53984129428863536 1.0000000180025095e-35 0.49766430258750921 0.76817703247070324 0.58571431040763866 0.87007671594619762 0.88762623071670543 1.5308482050895693 0.55445328354835521 0.98690816760063182 0.64051279425621044 0.982753485441208 2.460000872612 8.5607156753540057 0.76384067535400402 0.069213479757308974 0.98690816760063182 1.7195520401000979
decision_type=2 2 2 2 2 2 2 2 2 2 2 2 2 2 2 2 2 2 2 2 2 2 2 2 2 2 2 2 2 2
left_child=-1 2 3 4 -2 6 7 11 -9 -7 -8 13 -13 -6 -14 16 21 -17 19 -18 -21 -5 27 24 29 26 -26 -11 -25 -24
right_child=1 -3 -4 15 5 9 10 8 -10 22 -12 12 14 -15 -16 17 18 -19 -20 20 -22 -23 23 28 25 -27 -28 -29 -30 -31
leaf_value=-0.10843269601843497 -0.016539093720599665 0.018069960012129401 -0.074264879628296879 -0.050087145304781193 -0.0010204286282891454 0.20613605326341333 -0.05386243011435507 0.28131919542587047 0.060324888563245527 0.0031190267222765216 0.058701138204979832 0.14080224188292015 0.057086445788983191 -0.064617305978793158 -0.0082117079912970101 -0.064624129502032474 -0.11578625947665787 -0.0071459336685458499 0.0061566779331535433 0.019425373133710983 0.13302941178424957 0.1035120690989168 0.034874542927175949 0.084838691218495299 -0.026661170712855106 -0.042356511851295797 0.075130474224932423 0.10712574260031382 0.020344513130053005 -0.11081607944802491
leaf_weight=14.484288157371337 1171.2639273316418 500.6531670892 40.45695868414623 247.07938460590958 1421.1445371649315 33.705455196308321 497.66702839629579 34.677982091307058 219.9867675039568 65.829711841040989 63.443140352348564 77.952239220081537 169.06102083842052 209.47698934135406 402.01066573816206 276.05415663326858 27.242147675948218 3132.1561106547524 432.91400639505446 130.74928360834019 161.7349618535809 23.564959397364873 26.920257176214363 141.52554193660035 93.557765762292547 117.13490778757841 150.72606681360048 116.77192336262669 413.91264994299854 72.849762932746671
leaf_count=1392 262847 26556 4189 17288 220437 1662 40695 1988 6807 1847 2414 5677 11567 49724 22283 12365 615 166225 24135 6578 5652 2080 1395 14015 2338 1962 7068 4111 22153 829
internal_value=-0.000227209 -7.75479e-05 -0.000988699 -0.00069019 0.00358887 0.00903555 0.000738065 0.010009 0.0904179 0.0298673 -0.0411352 0.00102636 0.0266951 -0.00919037 0.0111193 -0.00600063 0.01332 -0.0118015 0.0313116 0.0653718 0.082245 -0.0367133 0.0249131 0.0168813 -0.00708117 0.0107032 0.0361455 0.0696303 0.0367776 -0.0715054
internal_weight=10486.7 10472.2 9971.57 9931.11 5499.62 4328.35 3095.42 2534.31 254.665 1232.93 561.11 2279.65 649.024 1630.62 571.072 4431.5 1023.28 3408.21 752.64 319.726 292.484 270.644 1199.23 1016.63 461.189 361.419 244.284 182.602 555.438 99.77
internal_count=948894 947502 920946 916757 681819 418972 361592 318483 8795 57380 43109 309688 39527 270161 33850 234938 56348 178590 36980 12845 12230 19368 55718 49760 13592 11368 9406 5958 36168 2224
is_linear=0
shrinkage=0.1


Tree=92
num_leaves=31
num_cat=0
split_feature=46 49 43 1 40 14 53 13 53 30 1 3 14 32 41 15 13 10 42 10 7 1 32 10 29 5 7 43 29 43
split_gain=17.0103 34.9039 28.8691 30.2191 35.5139 41.1301 24.8695 25.062 41.6827 41.587 37.0291 34.2783 31.9077 30.9261 47.177 30.2562 61.0268 28.2711 32.6316 26.6477 26.2648 36.6864 37.9672 25.5762 25.335 28.8329 25.2512 31.3597 24.7846 24.6131
threshold=1.0000000180025095e-35 7.5000000000000009 0.43928824365139013 0.82869797945022594 0.86706823110580455 7.5000000000000009 0.89444443583488475 0.21807064861059192 0.78888890147209179 0.67404192686080944 0.89513915777206432 0.88493067026138317 3.5000000000000004 5.4786596298217782 0.77581480145454418 0.46259328722953802 0.35388994216918951 0.86277851462364208 0.22401432693004611 0.75987675786018383 0.55036231875419628 0.79437980055809032 5.2950117588043222 0.68490657210350048 0.38040401041507726 0.61250001192092907 0.94804319739341747 0.74400940537452709 0.51249042153358471 0.31942778825759893
decision_type=2 2 2 2 2 2 2 2 2 2 2 2 2 2 2 2 2 2 2 2 2 2 2 2 2 2 2 2 2 2
left_child=1 2 -1 4 5 -4 7 9 12 10 17 -10 20 24 -15 -14 -17 -2 -19 -12 29 -22 26 -18 -11 -26 27 -23 -28 -9
right_child=6 -3 3 -5 -6 -7 -8 8 11 13 19 -13 15 14 -16 16 23 18 -20 -21 21 22 -24 -25 25 -27 28 -29 -30 -31
leaf_value=0.040742821401251544 -0.051196497299293903 -0.044430993359102403 -0.076079432039409145 0.0017424440112872059 0.06494979044650441 0.11379993195327631 0.056162530864501264 0.0025729078341193844 -0.14355047602711785 0.13358441983474464 -0.010440116459971133 -0.025027706835025611 0.045474141483489605 0.13283620340498253 0.0047547675108238251 -0.053008190149410467 0.037118590108741883 1.0313442664090691 0.11716141764608067 0.1345427384772275 -0.022598009076593727 -0.010545603168166225 0.046826379954579875 -0.002014066933685488 -0.024689112616774502 0.0058208470241235231 0.073894975543010222 0.048148474429622772 -0.073606927180723022 0.079793578241608584
leaf_weight=264.09635962612811 453.57824045202869 126.09662953219959 43.142550803837366 1944.3557965038272 161.91787976383785 15.508739800075999 71.551399637770373 64.420231601703563 26.716118691445445 12.718249949888557 297.09940361260669 281.64855921424169 131.56190222404257 41.097114786127349 95.78177547690575 232.25474364349066 175.22609432129684 0.44773388552130144 3.0521652349852957 13.242367988306794 252.14632606916348 223.75966846125084 334.15751746991737 3564.5252720336975 575.67039748225943 670.53048700126237 13.740016622177789 153.46001420848188 66.650857114669634 114.88921292535088
leaf_count=13333 219786 23869 814 115436 16118 312 6008 32054 386 2068 35335 8047 5786 2455 4557 60841 13875 74 643 677 85701 6851 14697 180475 46234 37721 505 4649 1025 8562
internal_value=-0.000222762 0.00686643 0.0095294 0.00572172 0.0407997 -0.025871 -0.0025244 -0.00306286 0.00044953 -0.0122126 -0.0309118 -0.0352963 0.00251883 -0.00193163 0.0432105 -0.00170676 -0.00326949 -0.0490119 0.234111 -0.00425366 0.0166945 0.0106215 0.0212006 -0.000180506 -0.00683982 -0.00827293 0.00248801 0.0133322 -0.0483966 0.0520506
internal_weight=10425 2555.12 2429.02 2164.92 220.569 58.6513 7869.93 7798.37 5635.16 2163.22 767.42 308.365 5326.79 1395.8 136.879 4103.57 3972.01 457.078 3.4999 310.342 1223.22 1043.91 791.768 3739.75 1258.92 1246.2 457.611 377.22 80.3909 179.309
internal_count=948894 169882 146013 132680 17244 1126 779012 773004 423454 349550 256515 8433 415021 93035 7012 260977 255191 220503 717 36012 154044 113428 27727 194350 86023 83955 13030 11500 1530 40616
is_linear=0
shrinkage=0.1


Tree=93
num_leaves=31
num_cat=0
split_feature=27 31 48 31 30 47 10 6 2 29 7 42 1 43 42 30 43 44 15 18 29 8 7 8 1 7 12 32 3 12
split_gain=15.8605 26.3461 27.2699 26.8112 31.102 26.7488 23.4069 22.8952 28.9714 57.3326 33.0276 28.3168 27.2579 23.3889 23.1542 27.2599 22.5151 21.3056 20.3484 20.2544 19.4726 19.3304 22.6511 31.3344 68.6594 24.6314 35.105 19.2986 18.7151 18.241
threshold=237.50000000000003 8.7522115707397479 0.09977132081985475 7.6178698539733896 0.63401052355766307 0.13584429025650027 0.83117261528968822 2.5000000000000004 0.76028168201446544 0.64689669013023388 0.92403846979141246 0.94494947791099559 0.86038687825202953 0.56591773033142101 0.62622550129890453 0.51895517110824596 1.0000000180025095e-35 0.21257036924362185 0.61977651715278637 1.0000000180025095e-35 0.98690816760063182 19.500000000000004 0.65261757373809826 5.5000000000000009 0.93272808194160473 0.81322672963142406 0.51382517814636242 5.4018461704254159 0.93957650661468517 0.5898357927799226
decision_type=2 2 2 2 2 2 2 2 2 2 2 2 2 2 2 2 2 2 2 2 2 2 2 2 2 2 2 2 2 2
left_child=16 2 3 -2 -5 -4 17 8 14 12 -11 20 -10 19 15 -3 -1 -7 -8 -14 -9 22 -18 25 -25 26 -24 -17 -13 -21
right_child=1 7 5 4 -6 6 18 11 9 10 -12 28 13 -15 -16 27 21 -19 -20 29 -22 -23 23 24 -26 -27 -28 -29 -30 -31
leaf_value=0.033445834964011462 0.0052904316834507283 -0.048594835939632243 -0.0043216727080959789 -0.076530970328770334 -0.0031142566158197486 -0.00072451094845144459 0.11189153985616279 -0.011115224037370275 0.16459049212961827 0.031331221273148323 -0.050790315325889471 0.087990958554397147 0.095436732290457696 0.030624265558774323 -0.019733988173861929 0.018225617531798667 0.032086024525707212 -0.039822115388775663 -0.004262835837707926 -0.0076806459810694963 0.057131964160430371 -0.0048062169903739932 -0.0056644992785811745 -0.077896920545956191 0.038852779353393867 0.0054100719539044006 0.093989459688692975 0.095907184641690582 0.015768210535268983 0.44090450706224682
leaf_weight=254.90118757492019 1639.2209701862012 36.056557515374152 1056.2382673867032 90.919145377498353 157.94521422858816 169.89524698190507 16.582081113330787 1164.197267585696 31.761593032439123 148.42807828381774 73.0894690205605 42.696545155602507 50.159368623048067 89.074754766945262 241.06504090951057 79.613840907753911 363.49068125904159 775.934259788075 166.71850544244808 1.254633278469554 43.364847893666592 1788.6875338731043 64.211080166729516 126.84798948837852 83.550017228059005 1275.9725221993576 78.644141315919114 53.452731517303619 224.71390183597396 3.2666689709731145
leaf_count=50279 95354 14198 88590 1556 9121 23650 927 36156 1346 5535 4070 2016 1166 3284 15664 5456 24778 294399 41722 245 4650 92534 3253 12112 4791 82762 6704 5133 17307 136
internal_value=-0.00022282 -0.00333613 -0.00815531 0.000647309 -0.029936 -0.0157605 -0.0264608 0.00526556 0.0188047 0.0380607 0.00423531 -0.00214414 0.0807512 0.0622275 0.000166205 0.0285316 0.00467946 -0.0327992 0.00624494 0.113709 -0.00866439 0.00274034 0.00951423 0.00447831 -0.0315351 0.00981874 0.0491966 0.0494302 0.0272998 0.316425
internal_weight=10392 6355.65 4073.45 1888.09 248.864 2185.37 1129.13 2282.2 807.223 397.035 221.518 1474.97 175.517 143.755 410.188 169.123 4036.31 945.83 183.301 54.6807 1207.56 3781.4 1992.72 1629.23 210.398 1418.83 142.855 133.067 267.41 4.5213
internal_count=948894 671681 555319 106031 10677 449288 360698 116362 56233 15782 9605 60129 6177 4831 40451 24787 277213 318049 42649 1547 40806 226934 134400 109622 16903 92719 9957 10589 19323 381
is_linear=0
shrinkage=0.1


Tree=94
num_leaves=31
num_cat=0
split_feature=20 44 12 10 14 13 15 13 15 31 25 10 12 49 10 19 12 50 7 8 1 1 4 29 31 29 28 52 51 5
split_gain=15.092 15.6599 20.0875 84.1445 45.9935 43.7979 102.206 34.534 34.4099 30.4801 35.7275 31.7331 28.379 28.0492 27.1543 45.2428 24.7081 23.1601 27.2224 56.4196 34.8497 28.5586 45.743 39.0278 62.3292 47.1708 40.9705 36.5091 32.8518 29.0965
threshold=1.0000000180025095e-35 0.8617975413799287 0.48203529417514807 1.0000000180025095e-35 2.5000000000000004 0.22792208194732669 0.56723594665527355 0.050641026347875602 0.70698362588882457 9.5042500495910662 1.0000000180025095e-35 0.70000210404396068 0.70986834168434154 12.500000000000002 0.82198852300643932 1.0000000180025095e-35 0.68194955587387096 1.5000000000000002 0.53390806913375866 17.500000000000004 0.46433705091476446 0.45042525231838232 0.4401834905147553 0.03271185606718064 1.7195520401000979 0.15794205665588382 0.19090909510850909 0.58204835653305065 0.50263157486915599 0.32051283121109014
decision_type=2 2 2 2 2 2 2 2 2 2 2 2 2 2 2 2 2 2 2 2 2 2 2 2 2 2 2 2 2 2
left_child=-1 2 3 -2 9 6 16 -5 12 11 -11 13 -7 -4 -14 -16 -6 18 19 20 -10 -20 29 27 -25 -26 -27 -24 -28 -23
right_child=1 -3 4 7 5 8 -8 -9 17 10 -12 -13 14 -15 15 -17 -18 -19 21 -21 -22 22 23 24 25 26 28 -29 -30 -31
leaf_value=-0.10818710865968571 -0.0015218279524370035 0.014665946409304251 -3.144096318976472e-05 -0.093896554579838365 0.067381504283270138 0.079019632295373982 -0.098419962300364219 -0.025612018337706127 0.0023294714372106336 0.042765954860136415 0.21706978242972783 0.034247249374265668 0.0021119527093105858 -0.10389614940390937 0.027129574694355271 0.17160970483739821 -0.011713755085912622 -0.03810538352643511 0.060645101682706697 -0.0068745128850072603 0.071458855212333028 -0.049342177876233809 -0.0098145565157807708 -0.087414790821807087 0.068846884668221447 -0.11576600954312025 0.061647232645160435 0.06767679224880975 -0.0054424632471171321 0.09034679595002236
leaf_weight=12.928918169396637 1729.2106985409773 673.52739866563206 406.3714855131002 145.73685573263356 57.056275924725924 71.458620689729287 149.88921452399518 150.59511236761318 111.3326496649679 236.68914407128614 12.374305320961865 336.20417869972152 580.27146857385378 27.777968090522336 182.30320655959076 24.598150244462886 128.31463222447201 180.2681122347276 65.965460168052232 462.33327632594592 211.38488931670145 299.08301275872509 104.09695448487764 90.288276287428744 88.402806359335955 33.136731295846403 74.51594658382237 146.17177024785633 3557.9223073648609 15.693782852846196
leaf_count=1392 66079 36484 87202 82987 8161 7774 54757 84333 5863 11190 491 44323 43372 4080 10374 1040 8735 18908 7966 42429 14122 80406 12764 18905 7001 3044 2927 10313 170963 509
internal_value=-0.000212721 -7.78809e-05 -0.0011038 -0.0099592 0.0012397 -0.00179894 -0.0370178 -0.0591945 7.5499e-05 0.0210155 0.051426 0.0111835 0.01868 -0.00667696 0.0132024 0.0443066 0.0126314 -0.00286065 -0.00165284 0.015523 0.0476103 -0.00466581 -0.0056429 -0.00281882 -0.00530987 -0.00333513 -0.00507595 0.035445 -0.00406618 -0.0423777
internal_weight=10365.9 10353 9679.45 2025.54 7653.9 6634.49 335.26 296.332 6299.23 1019.42 249.063 770.354 858.631 434.149 787.173 206.901 185.371 5440.6 5260.33 785.051 322.718 4475.28 4409.31 4094.53 3844.27 3753.98 3665.57 250.269 3632.44 314.777
internal_count=948894 947502 911018 233399 677619 530333 71653 167320 458680 147286 11681 135605 62560 91282 54786 11414 16896 396120 377212 62414 19985 314798 306832 225917 202840 183935 176934 23077 173890 80915
is_linear=0
shrinkage=0.1


Tree=95
num_leaves=31
num_cat=0
split_feature=29 52 32 32 29 8 41 42 30 41 8 14 29 47 32 28 28 3 24 1 43 30 6 42 5 30 5 6 5 29
split_gain=14.5451 47.8867 42.2665 93.1133 33.19 81.3676 75.3668 72.1033 77.4693 54.4014 46.1821 45.4639 43.2819 47.2605 39.8663 39.0074 38.6715 37.952 37.3634 49.1427 35.7652 33.7522 33.1793 131.483 72.1098 49.4292 46.2086 101.975 136.826 106.081
threshold=0.89003926515579235 0.86696162819862377 1.5308482050895693 1.7195520401000979 0.67496943473815929 1.5000000000000002 0.81530213356018078 0.89512962102890026 0.64496123790740978 0.85847797989845287 4.5000000000000009 8.5000000000000018 0.47926239669322973 0.12991821765899661 1.5308482050895693 0.5634920895099641 0.58571431040763866 0.96449580788612377 0.72455900907516491 0.88274294137954723 0.48795096576213842 0.83151850104331981 2.5000000000000004 0.77485188841819774 0.58571431040763866 0.83151850104331981 0.47727273404598242 1.5000000000000002 0.32051283121109014 0.23867040872573855
decision_type=2 2 2 2 2 2 2 2 2 2 2 2 2 2 2 2 2 2 2 2 2 2 2 2 2 2 2 2 2 2
left_child=4 2 -2 -4 7 6 16 18 9 -9 20 -12 -10 -14 -13 -15 -6 -11 22 21 -7 -20 26 24 25 -24 27 28 29 -1
right_child=1 -3 3 -5 5 10 -8 8 12 17 11 14 13 15 -16 -17 -18 -19 19 -21 -22 -23 23 -25 -26 -27 -28 -29 -30 -31
leaf_value=0.0031387204356643919 0.051177258977643782 -0.00055142471404836092 -0.18660763825021898 0.07302273483096762 -0.11741113677742446 -0.007999173433742646 -0.10315791793803555 0.10239957933730869 0.10591614896853679 -0.0001923456414115349 -0.0068838305494202823 -0.079453384234173405 0.072312352231173632 -0.063412272909070228 0.030429608073093695 0.036139929001417929 0.073500644200253124 -0.081054902336209836 0.028289896439123292 -0.0041752622467891758 0.055160274477888627 0.10840690450170856 -0.062991941261900358 -0.062463899105578008 0.036156598037641388 0.044113910594821455 0.022714700859654477 -0.046538816911299685 0.076955034819125523 -0.062826707263633028
leaf_weight=1904.4571089460151 348.36540840676753 1501.6615261259867 24.881514322973089 31.053004914138 13.892346696855382 163.92624314964633 167.86040382714418 43.611560791392549 125.50966493489977 305.11988291278249 1566.682465591708 162.29836529394379 186.38200141272682 62.515116218986805 41.450089466175996 106.2590986785508 44.910446192341624 71.676276584053994 142.40912154687976 293.68085623151273 197.88998463487951 83.366723102517426 167.29038216285699 443.68452613346744 375.40215671536862 58.03612384146254 672.02692933116487 519.60040331635537 222.83277740628546 279.57037292575114
leaf_count=362182 27973 130863 265 1484 391 7968 3348 3296 7447 20784 63381 2827 9998 5895 2102 4989 1391 2844 3818 9001 14126 4622 15850 23111 17393 2614 36405 99182 15471 47873
internal_value=-0.000215456 0.0076732 0.0382213 -0.0424694 -0.00200065 -0.0120651 -0.0690288 0.00191482 0.0280161 -0.00333628 -0.00600973 -0.0126628 0.0554381 0.0375995 -0.0570991 -0.000734883 0.0283971 -0.0155745 -0.00264108 0.0227932 0.0265449 0.0578727 -0.00548671 -0.0211782 0.00931455 -0.0354053 -0.000932481 -0.00636278 0.00231055 -0.0053053
internal_weight=10328.3 1905.96 404.3 55.9345 8422.34 2358.91 226.663 6063.43 901.074 420.408 2132.25 1770.43 480.666 355.156 203.748 168.774 58.8028 376.796 5162.36 519.457 361.816 225.776 4642.9 1044.41 600.729 225.327 3598.49 2926.46 2406.86 2184.03
internal_count=948894 160585 29722 1749 788309 95534 5130 692775 55253 26924 90404 68310 28329 20882 4929 10884 1782 23628 637522 17441 22094 8440 620081 58968 35857 18464 561113 524708 425526 410055
is_linear=0
shrinkage=0.1


Tree=96
num_leaves=31
num_cat=0
split_feature=43 15 29 15 10 47 48 35 19 49 3 16 15 10 24 12 13 11 39 10 45 48 44 5 43 32 31 43 29 14
split_gain=15.3492 25.5482 17.4456 16.8808 40.6957 38.4533 46.0384 41.5948 35.6621 34.1404 33.7373 31.0698 53.3578 60.7859 36.7409 34.1608 38.8938 30.8452 46.1788 29.9915 25.9161 32.1315 25.6402 28.9048 25.6069 30.6434 27.7578 25.4134 42.9987 33.5301
threshold=0.84962108731269848 0.87815481424331676 0.93141421675682079 0.74369570612907421 0.74102991819381725 0.13584429025650027 0.24100495874881747 1.0000000180025095e-35 1.0000000180025095e-35 11.500000000000002 0.99523812532424938 0.23611111193895343 0.37537878751754766 0.62111434340477001 0.34046420454978948 0.75484192371368419 0.0745370388031006 0.8264884650707246 0.88194444775581371 0.85424965620040905 0.18328720331192019 0.18248233199119571 0.16421493887901309 0.2264957278966904 0.39239132404327398 2.8040528297424321 7.3008909225463876 0.70263326168060314 0.55445328354835521 12.500000000000002
decision_type=2 2 2 2 2 2 2 2 2 2 2 2 2 2 2 2 2 2 2 2 2 2 2 2 2 2 2 2 2 2
left_child=3 -2 -3 4 9 20 7 -7 -6 11 17 12 13 22 -14 16 -13 -9 -19 -8 21 27 -1 -24 26 -26 -25 -5 -29 -30
right_child=1 2 -4 5 8 6 19 10 -10 -11 -12 15 14 -15 -16 -17 -18 18 -20 -21 -22 -23 23 24 25 -27 -28 28 29 -31
leaf_value=0.10127073056901369 0.045061623976726223 -0.0030701381343265764 0.05822652886916057 -0.035051882418628305 0.021589614720946015 0.017251755660225153 -0.042777639445525102 0.027121152210779501 0.11130872652851642 -0.066341164074606773 0.09863362282568669 -0.060296282803504166 -0.071283851276026641 0.18300423114876974 -0.014429064805966799 0.0011168372273473158 0.061286444862621171 -0.074975637912069168 -0.0087310303490906876 0.064221278935324727 -0.041949699764396636 0.02873764843694725 -0.061007258215986751 7.1296705466450329e-05 0.0040723198779267509 -0.026398271502488881 0.041476324150767289 0.037658376307186263 -0.01157601445264083 -0.099089272104279327
leaf_weight=25.703749716078164 191.85522348327504 496.70483421522658 51.219424196999171 468.91064059932251 429.49686151462083 1513.9160011793501 302.53435659252864 198.33859092355124 49.399026485814829 76.226518078248773 29.641699312895071 29.499843396042706 161.28255833580624 18.671367241026019 384.95422827910079 355.94810345482983 243.39617989608087 117.50276087012026 1007.5554735331134 28.679592265922111 318.47474360740307 182.81419190032466 73.250026816735044 340.79959197914286 1332.9175817102951 438.66526052884001 308.4596732624268 178.59474691824289 872.96861509070732 46.092838212935021
leaf_count=1236 26055 26409 31157 10652 27270 164954 151891 13831 2765 12463 4772 18780 96580 1810 40944 16921 39535 3368 32642 5464 35332 9319 35857 33927 27052 11420 25696 7310 32521 961
internal_value=-0.000219695 0.0136563 0.00265981 -0.00129631 0.00337714 -0.00508464 0.0017866 0.00586466 0.0308443 -9.37546e-05 -0.00687638 0.00126608 -0.00286382 0.00323712 -0.0312161 0.0215247 0.0481434 -0.00923961 -0.0156497 -0.0335127 -0.0157118 -0.0109352 0.00190507 0.000881022 0.00275364 -0.00347257 0.0197426 -0.0155649 -0.00724017 -0.015965
internal_weight=10274.5 739.779 547.924 9534.69 4268.67 5266.02 3198.17 2866.95 478.896 3789.77 1353.04 3713.55 3084.7 2538.47 546.237 628.844 272.896 1323.4 1125.06 331.214 2067.86 1749.38 2519.8 2494.09 2420.84 1771.58 649.259 1566.57 1097.66 919.061
internal_count=948894 83621 57566 865273 392256 473017 376922 219567 30035 362221 54613 349758 274522 136998 137524 75236 58315 49841 36010 157355 96095 60763 135188 133952 98095 38472 59623 51444 40792 33482
is_linear=0
shrinkage=0.1


Tree=97
num_leaves=31
num_cat=0
split_feature=45 43 18 31 42 4 5 31 28 53 16 1 46 4 24 10 8 42 43 1 41 7 7 43 29 4 7 11 3 14
split_gain=13.9421 19.1255 58.699 27.535 30.5288 50.6829 60.921 29.911 30.2893 30.1969 29.8339 26.5429 25.0615 27.4092 23.3371 22.8597 22.8248 23.7684 21.8772 40.8651 25.4319 25.7247 21.7384 20.5508 20.0176 19.1492 30.3263 19.8737 22.132 27.9333
threshold=0.88888999819755565 0.39239132404327398 1.0000000180025095e-35 8.1992154121398944 0.26794870197772985 0.45035210251808172 0.11805555596947671 5.8119451999664316 0.21111111342906955 0.47727273404598242 0.44949495792388922 0.82438379526138317 0.69233328104019176 0.61451047658920299 0.6176685392856599 0.8237408995628358 2147483689.0000005 1.0000000180025095e-35 0.29664927721023565 0.94667077064514171 0.76506900787353527 0.91202268004417431 0.52041664719581615 0.36574812233448034 0.48273408412933355 0.10668563470244409 0.2416573911905289 0.98639392852783214 0.99523812532424938 8.5000000000000018
decision_type=2 2 2 2 2 2 2 2 2 2 2 2 2 2 2 2 2 2 2 2 2 2 2 2 2 2 2 2 2 2
left_child=1 2 3 4 16 -6 7 8 12 -9 -5 -8 13 22 -4 18 23 -18 -13 20 21 -20 -7 -1 -21 26 -3 -27 29 -29
right_child=-2 25 14 10 5 6 11 9 -10 -11 -12 15 -14 -15 -16 -17 17 -19 19 24 -22 -23 -24 -25 -26 27 -28 28 -30 -31
leaf_value=0.040937824683868168 -0.020357606829889869 -0.18105136945908817 -0.040973011598551885 0.036336147750720645 -0.044260422193423028 0.1834506751123014 -0.044085743070235481 0.29804137479410492 -0.046935108871138026 -0.022166645047931088 0.15973617077279789 -0.0073708044860668195 0.62418915085972282 0.13627213400606877 0.18950580441536671 0.13283049822963594 0.54934849338584779 -0.066047053972834779 0.032108421040477994 0.26892888080441019 -0.031225041944818538 0.22890518643489965 0.012349288398376533 0.12637060227716068 0.072568769549374357 -0.0022877351511700009 0.053024571713937312 -0.015477219658013087 0.081529154943802667 0.043448487624981436
leaf_weight=148.52297484118026 332.50210268672163 14.500890247523786 224.3698700346431 279.74439313695621 182.6245011043502 8.5127263595932146 111.44810302030237 10.453620529631733 23.231263280191342 4.1002338357211547 21.067497786258173 305.73673130622046 0.83569749516027414 43.469112218725058 4.4809691757545798 14.794404659740392 0.64580612031568563 22.276789189563715 28.746885696746176 10.413372329116102 50.501590618325281 8.6381466494058241 58.134911946443026 34.742951766587794 10.353450580558272 7899.6862649681934 8.9515868622547696 175.84938198508462 52.395041801268235 148.28440245956881
leaf_count=13269 151580 133 189859 30429 50585 1199 39414 943 4695 854 929 43996 143 3836 237 869 135 6900 3037 475 4046 670 10287 1023 268 359270 129 7032 16958 5694
internal_value=-0.000215748 0.000460225 0.0104426 0.0182263 0.0107624 0.00257999 0.0149887 0.0716646 0.0568958 0.20783 0.0449785 -0.000603805 0.078636 0.0744956 -0.0364602 0.0106873 0.045367 -0.0487093 0.00632662 0.0448694 0.0150583 0.0775801 0.0342036 0.0571339 0.171032 -0.00147359 -0.0917068 -0.0012179 0.0212276 0.0114801
internal_weight=10240 9907.51 1607.85 1379 1078.18 871.995 689.37 148.738 134.184 14.5539 300.812 540.633 110.952 110.117 228.851 429.185 206.189 22.9226 414.39 108.653 87.8866 37.385 66.6476 183.266 20.7668 8299.67 23.4525 8276.22 376.529 324.134
internal_count=948894 797314 408098 218002 186644 165317 114732 21957 20160 1797 31358 92775 15465 15322 190096 53361 21327 7035 52492 8496 7753 3707 11486 14292 743 389216 262 388954 29684 12726
is_linear=0
shrinkage=0.1


Tree=98
num_leaves=31
num_cat=0
split_feature=14 38 12 1 15 11 15 43 10 42 30 1 4 1 42 29 5 32 28 29 32 53 2 42 7 1 32 28 2 24
split_gain=13.7302 30.8742 25.7333 30.1021 23.0666 46.6707 27.9924 23.003 25.1435 22.6845 37.5977 22.2623 41.4068 33.0488 36.1601 61.3643 51.1413 59.0862 23.5561 23.1351 22.7862 34.9255 22.2244 21.7215 25.8941 25.833 60.1712 42.5977 36.9879 39.3271
threshold=4.5000000000000009 1.0000000180025095e-35 0.98799979686737072 0.79437980055809032 0.98473194241523754 0.9656483829021455 0.95407572388648998 0.82373616099357616 0.87741371989250194 0.9294019639492036 0.59357112646102916 0.83286681771278392 0.82891982793807995 0.93272808194160473 0.78867623209953319 0.40865744650363928 0.58571431040763866 1.5308482050895693 0.61250001192092907 0.28149582445621496 5.5929079055786142 0.61250001192092907 0.89498749375343334 0.16843970865011218 0.20169491320848468 0.79437980055809032 5.6573956012725839 0.61250001192092907 0.85584414005279552 0.56206548213958751
decision_type=2 2 2 2 2 2 2 2 2 2 2 2 2 2 2 2 2 2 2 2 2 2 2 2 2 2 2 2 2 2
left_child=7 9 4 -4 5 -3 -7 23 -9 11 -11 12 20 14 16 -16 19 18 -18 -13 21 -2 -17 24 -1 28 27 -27 29 -25
right_child=1 2 3 -5 -6 6 -8 8 -10 10 -12 13 -14 -15 15 22 17 -19 -20 -21 -22 -23 -24 25 -26 26 -28 -29 -30 -31
leaf_value=-0.077947016069188205 0.0362013891569202 -0.02249290554240474 -0.017514273818131362 0.079734510413259324 -0.060771293615486721 0.24392792592718957 0.043307730499205888 0.065210099315962208 0.0067176088366498674 -0.025080057923242378 0.072299559200761032 0.024436093690931068 0.090914826108288105 0.018297259573377911 0.015869876549014752 -0.09428072273544591 -0.12675028922815121 0.08571748522216438 0.00067267329931590414 -0.05120896775865498 -0.005188194801860768 -0.055048689067946625 0.040863942077628113 -0.013879551781858339 0.066310623422237661 -0.018058695512689672 0.022004086002250001 0.0043758744396884862 0.043978423557670621 -0.085061082577081393
leaf_weight=14.435270286965531 321.88861303345766 917.31626625438366 74.354777728236513 55.652907128256629 140.52198318397859 8.3891119120235071 40.680794396117562 118.93536936478631 192.32700687638135 62.623492546990747 108.07000830698234 51.023175352645922 56.532043763058027 251.02620167926943 89.591131284418225 173.61407911512651 18.886161719216034 100.53955907330965 62.58409145216865 194.75082470124471 895.18835765823314 48.229303374246228 13.085501941997789 809.74831509421347 90.153537594705995 1258.4617159741101 1287.9914461709268 2584.4953942797511 98.094814111405867 85.845563195383875
leaf_count=2951 12002 85844 1755 4025 8504 294 1103 9350 20435 1886 38477 2728 2770 20288 3140 2976 220 4143 3307 6373 38064 3107 1011 313603 12390 105670 106274 127836 6228 2140
internal_value=-0.00021265 -0.0050949 -0.0179717 0.0241154 -0.0229149 -0.0174102 0.0776063 0.00253774 0.029068 0.00141243 0.0365732 -0.00122345 0.0071817 -0.012856 -0.0239632 -0.0521622 -0.00575036 0.0344282 -0.0288661 -0.0355049 0.00344062 0.0243108 -0.0848086 0.00121207 0.0464003 0.000440405 0.00329848 -0.00297082 -0.0143174 -0.0207025
internal_weight=10225 3684.55 1236.92 130.008 1106.91 966.386 49.0699 6540.49 311.262 2447.63 170.694 2276.94 1321.84 955.101 704.075 276.291 427.784 182.01 81.4703 245.774 1265.31 370.118 186.7 6229.23 104.589 6124.64 5130.95 3842.96 993.689 895.594
internal_count=948894 242017 101525 5780 95745 87241 1397 706877 29785 140492 40363 100129 55943 44186 23898 7127 16771 7670 3527 9101 53173 15109 3987 677092 15341 661751 339780 233506 321971 315743
is_linear=0
shrinkage=0.1


Tree=99
num_leaves=31
num_cat=0
split_feature=20 27 43 1 7 51 41 53 31 7 29 28 41 53 7 30 29 42 29 3 42 41 5 53 6 6 42 7 1 1
split_gain=13.6793 13.6839 15.8888 14.3964 15.5928 15.3708 40.2299 78.5719 54.0188 38.4269 37.5769 95.0377 36.9539 36.7294 36.7015 36.2099 32.2766 31.3916 31.1318 33.7131 60.4899 65.8543 59.4646 52.0746 91.8637 42.0071 39.753 53.52 51.1293 72.4382
threshold=1.0000000180025095e-35 105.50000000000001 1.0000000180025095e-35 1.0000000180025095e-35 0.48749218881130224 0.26158231496810919 0.42588071525096899 0.11805555596947671 1.7195520401000979 0.9529346525669099 0.17660750448703769 0.2264957278966904 0.55036231875419628 0.12916667014360431 0.38529014587402349 0.29825694859027868 0.03271185606718064 0.69631093740463268 0.23543170094490054 0.79759037494659435 0.9136645793914796 0.64326763153076183 0.47727273404598242 0.34848485887050634 1.5000000000000002 1.5000000000000002 0.77871939539909374 0.87939393520355236 0.92677438259124767 0.84886467456817638
decision_type=2 2 2 2 2 2 2 2 2 2 2 2 2 2 2 2 2 2 2 2 2 2 2 2 2 2 2 2 2 2
left_child=-1 2 -2 4 -3 -5 14 9 16 -8 13 -12 -13 -10 -7 -15 17 -9 -14 20 21 22 25 24 -23 -20 27 -21 29 -28
right_child=1 3 -4 5 -6 6 7 8 10 -11 11 12 18 15 -16 -17 -18 -19 19 26 -22 23 -24 -25 -26 -27 28 -29 -30 -31
leaf_value=-0.10788615235688551 0.17049447210822108 -0.13904230069981849 0.013379635122611415 0.015521583036756992 0.22623972529889921 0.025726573018042889 0.04876245981081654 -0.091338413704937643 -0.13351101431547829 -0.062689089721699426 -0.081035752330596775 0.0424862295649533 0.049791931065976111 0.011870877484967613 -0.040996616418337808 0.1135499753025538 -0.084562810598554555 0.11924808281314173 0.024632012295687716 0.00025238110752425109 0.032185808945097809 0.049651202194875885 0.082539837081660197 -0.079796227097568895 -0.10267461078020834 -0.093389967454388267 0.014082323452661104 0.036976580544709751 0.00062241549627149154 -0.042282018495822644
leaf_weight=11.782074729671875 6.513409222563495 12.218401608406564 545.93720084879169 543.87271657237579 1.2921913751779346 101.72492859826889 417.57613702816161 12.034015361801723 10.354841769410994 33.411173745764245 150.0246579311497 193.42521242794464 115.20008770847198 71.526733784798125 434.81572435173439 68.628443944464379 121.01732614885623 17.19050911157683 65.071560726690223 1183.9175825593193 167.84451300680666 100.76082542807853 76.463745287110214 305.23434709260619 65.215653550876596 56.206844328262378 333.98471763561975 596.91604865511181 3645.1833043613879 718.60911900702195
leaf_count=1392 448 781 34163 66091 150 12923 60161 4710 3477 4511 46198 19299 12110 19216 129228 6200 61381 948 6744 69953 27600 8176 3414 25827 11880 12984 22057 32889 207522 36461
internal_value=-0.000197673 -7.29412e-05 0.015232 -0.000951889 -0.104106 -0.000806809 -0.00178675 -0.000115321 -0.00238405 0.0405056 -0.00125785 -0.002216 -0.000664993 0.0482317 -0.0283463 0.0616591 -0.0617857 0.0325332 -0.00178826 -0.00260052 -0.0214896 -0.0349571 0.0134771 -0.0552824 -0.0102008 -0.0300656 -0.000160749 0.0125619 -0.00498366 -0.0243978
internal_weight=10184 10172.2 552.451 9619.72 13.5106 9606.21 9062.34 8525.8 8074.81 450.987 7924.57 7774.06 7624.03 150.51 536.541 140.155 150.242 29.2245 7430.61 7315.41 836.797 668.953 197.742 471.211 165.976 121.278 6478.61 1780.83 4697.78 1052.59
internal_count=948894 947502 34611 912891 931 911960 845869 703718 639046 64672 572007 543114 496916 28893 142151 25416 67039 5658 477617 465507 96625 69025 23142 45883 20056 19728 368882 102842 266040 58518
is_linear=0
shrinkage=0.1


Tree=100
num_leaves=31
num_cat=0
split_feature=49 43 32 29 42 30 6 53 6 51 5 4 28 42 30 7 29 28 1 3 42 42 30 29 32 3 32 30 43 1
split_gain=13.2605 20.788 13.7244 23.8566 127.118 68.9857 49.7698 51.9835 40.9831 38.0974 48.9923 53.8225 50.9389 35.1379 86.219 76.4451 47.6796 56.942 79.244 49.7791 43.6388 41.6229 43.9295 48.701 64.4173 82.0373 148.202 81.9371 77.934 44.6623
threshold=19.500000000000004 0.67475059628486644 8.7522115707397479 0.40263193845748907 0.81120252609252941 0.75501078367233287 1.5000000000000002 0.37980769574642187 2.5000000000000004 0.8263767957687379 1.0000000180025095e-35 0.61451047658920299 0.19090909510850909 0.71834933757781994 0.65326651930809032 0.78153410553932201 0.47926239669322973 0.58571431040763866 0.97784855961799633 0.94174206256866466 0.87902438640594494 0.81016728281974804 0.73108619451522838 0.58099493384361278 1.5308482050895693 0.98529094457626354 1.7195520401000979 0.98690816760063182 0.49766430258750921 0.84540036320686351
decision_type=2 2 2 2 2 2 2 2 2 2 2 2 2 2 2 2 2 2 2 2 2 2 2 2 2 2 2 2 2 2
left_child=2 -2 3 4 5 9 -6 -8 -9 10 11 -1 -12 15 -15 -5 20 18 -18 -20 -16 -19 -23 -24 27 -26 -27 -25 -28 -29
right_child=1 -3 -4 13 6 -7 7 8 -10 -11 12 -13 -14 14 16 -17 17 21 19 -21 -22 22 23 24 25 26 28 29 -30 -31
leaf_value=-0.0032331589915234726 -0.075971168487941609 0.049648692488540293 -0.0082409158199551087 -0.011085469903952962 0.093835948929661836 0.11880243052646022 -0.071529088284894057 0.092280235474902106 -0.0096492041379927663 0.091426261807648193 -0.090847315800499762 0.072590001336789986 -0.016361337717635201 -0.057530966899160346 0.0038283811178748926 0.038979979306089575 -0.043651918735674582 0.020922171301846655 0.1502465014380312 -0.063903394145608 0.091463927519444557 -0.066476767722502036 0.052106834066924915 0.062568778982121639 -0.065367165933449101 -0.19131809845026049 -0.019730357561024665 0.042920629702766083 0.077541143176860505 -0.00734097785127586
leaf_weight=703.651207197443 51.492119271060801 17.702119271983975 1651.7857500185964 604.54891323726042 214.13445840530767 45.583961741504027 43.884553196607158 97.468629732145928 66.263454310435918 38.897332847947837 115.04037803191022 107.98526425794626 454.7130855715659 291.3831875377582 127.45324755295587 615.47457728635345 548.94669908539072 800.55048560915384 36.131585034891032 15.51573238725541 102.53298427094705 110.39099040692236 156.44061230236548 209.6370576862173 356.70354227819917 35.900815374712693 189.9112329608688 194.0177426719456 145.4525796037924 1991.5265853212622
leaf_count=112581 8779 1108 271650 36592 17802 3316 3702 6308 4578 2127 42277 9397 86243 22490 6685 31613 23873 38371 1852 623 5833 7387 9362 14483 9571 681 5422 18375 14346 131467
internal_value=-0.000206245 -0.0438336 9.34755e-05 0.00172844 0.0116305 -0.00228906 0.0600106 0.0251233 0.0510287 -0.00617548 -0.00892376 0.00685484 -0.031401 -0.00113285 -0.0046475 0.0141714 -0.00157859 -0.00371359 -0.0325102 0.0859122 0.0428983 0.000413589 -0.00442955 -0.00234104 -0.00506837 -0.031119 0.00178597 0.0028492 0.0224578 -0.00287909
internal_weight=10141.1 69.1942 10071.9 8420.14 1887.62 1465.87 421.751 207.617 163.732 1420.29 1381.39 811.636 569.753 6532.52 5312.5 1220.02 5021.11 4791.13 600.594 51.6473 229.986 4190.53 3389.98 3279.59 3123.15 727.968 371.265 2395.18 335.364 2185.54
internal_count=948894 9887 939007 667357 288331 255941 32390 14588 10886 252625 250498 121978 128520 379026 310821 68205 288331 275813 26348 2475 12518 249465 211094 203707 194345 30020 20449 164325 19768 149842
is_linear=0
shrinkage=0.1


Tree=101
num_leaves=31
num_cat=0
split_feature=43 45 15 29 28 16 44 6 12 5 43 6 5 43 30 18 12 5 4 29 42 46 28 43 7 31 29 7 28 7
split_gain=12.5254 23.3404 20.1581 18.3605 15.0173 17.9939 14.1102 21.1687 39.4977 42.267 84.1284 63.4899 113.625 80.9237 54.0449 50.3087 64.6981 43.7511 67.5923 81.288 65.031 61.8727 53.3081 52.3148 46.7731 44.8124 58.7059 41.7925 35.2025 34.5677
threshold=0.83338934183120739 0.046621799468994148 0.86546543240547191 0.58617535233497631 0.52272728085517894 0.90454545617103588 0.8617975413799287 2.5000000000000004 0.55016779899597179 0.47727273404598242 0.51052209734916698 1.5000000000000002 0.32051283121109014 0.50000008940696727 0.81864404678344738 1.0000000180025095e-35 0.69779551029205333 0.11805555596947671 0.481704592704773 0.40263193845748907 0.28801843523979193 0.054238021373748786 0.19090909510850909 0.52986019849777233 0.40192307531833654 5.4550049304962167 0.045447899028658874 0.61620295047760021 0.19090909510850909 0.22318007797002795
decision_type=2 2 2 2 2 2 2 2 2 2 2 2 2 2 2 2 2 2 2 2 2 2 2 2 2 2 2 2 2 2
left_child=6 2 -2 -3 -4 -6 7 8 -1 11 15 12 17 -14 -13 -11 -17 18 20 23 29 -21 -19 25 -22 26 27 -20 -29 -10
right_child=1 3 4 -5 5 -7 -8 -9 9 10 -12 14 13 -15 -16 16 -18 22 19 21 24 -23 -24 -25 -26 -27 -28 28 -30 -31
leaf_value=-0.016597150174057173 0.051151286406439005 0.033967071918837272 -0.018160183903274337 -0.034578448847742464 0.013118171201447646 0.082693896249743729 0.012587044468995383 -0.0082210259593172401 -0.041294121396076404 0.069102869683706769 0.012957440892552512 -0.045465452786016727 0.17319380939517715 0.038951929560975901 0.061501739287196315 0.036170921025104386 0.36548146924547747 -0.079574408536406099 0.16176870502058976 0.019424932577485777 0.03751502240333969 -0.11225203950877941 -0.0035398883340531616 0.0080610650923890522 -0.050693198577659963 0.17908781653159153 -0.036634810530755048 0.056288340082639457 0.54889267993433355 0.020604541136813224
leaf_weight=936.85052601589996 159.65800839594158 51.63076957987505 135.09261782007525 160.72120841829746 350.08803619450191 41.58708873190335 676.96924473529361 3612.4562659281655 106.79200650393614 102.17885284363729 898.13018070280668 419.70220285721371 58.729952191744815 190.77107094347593 53.223772405690397 10.214728572791502 14.343104374449466 142.6021536603439 51.821122927220131 88.874194182841165 70.848812008793175 59.624797817123181 260.92959668612821 183.83321113017155 396.76201464285259 36.585507820673229 50.222101559440489 183.77594120480717 1.4622392627788929 581.43098796988124
leaf_count=214168 22979 3173 5559 9258 13499 39351 36792 171389 7291 2579 31439 50918 3421 5584 2034 3131 1139 46786 4030 5589 10076 2434 22914 11254 126610 1904 10885 16166 78 66464
internal_value=-0.000206155 0.0110608 0.0200239 -0.0179124 0.0105895 0.0205055 -0.00130816 -0.00241324 0.00186872 0.0062342 0.0237201 0.000134553 0.00657342 0.0705511 -0.0334272 0.0999905 0.228506 -0.000631285 0.00600016 0.0316329 -0.00855227 -0.0334455 -0.0304094 0.0506679 -0.0373286 0.0748525 0.061578 0.0823848 0.0601769 0.0109997
internal_weight=10087.9 898.778 686.426 212.352 526.768 391.675 9189.13 8512.17 4899.71 3962.86 1024.87 2937.99 2465.07 249.501 472.926 126.737 24.5578 2215.56 1812.03 656.199 1155.83 148.499 403.532 507.7 467.611 323.867 287.281 237.059 185.238 688.223
internal_count=948894 93819 81388 12431 58409 52850 855075 818283 646894 432726 38288 394438 341486 9005 52952 6849 4270 332481 262781 52340 210441 8023 69700 44317 136686 33063 31159 20274 16244 73755
is_linear=0
shrinkage=0.1


Tree=102
num_leaves=31
num_cat=0
split_feature=20 14 13 15 10 30 16 3 5 1 32 35 39 1 42 53 32 53 6 4 42 51 32 10 45 7 48 1 10 43
split_gain=12.147 12.3006 43.1959 43.8198 24.8335 20.8357 35.2996 25.6425 36.775 66.2785 32.6938 26.3353 42.6432 34.4663 46.3822 34.0571 25.6099 24.406 47.7306 42.3262 28.4203 26.9588 25.734 21.8723 20.8059 23.0149 33.6955 25.3515 24.4238 26.5486
threshold=1.0000000180025095e-35 4.5000000000000009 0.36939570307731634 0.54449945688247692 0.66790893673896801 0.94048127532005321 0.90454545617103588 0.99523812532424938 0.72077924013137828 0.94034391641616832 1.5308482050895693 1.0000000180025095e-35 0.88194444775581371 0.81968975067138683 0.82972848415374767 0.5634920895099641 1.7195520401000979 0.58571431040763866 1.5000000000000002 0.65648320317268383 0.7228132188320161 0.7510683834552766 1.5308482050895693 0.94261676073074352 0.81976294517517101 0.63714733719825756 0.15190565586090091 0.9162617325782777 0.91304436326026928 0.83016225695610057
decision_type=2 2 2 2 2 2 2 2 2 2 2 2 2 2 2 2 2 2 2 2 2 2 2 2 2 2 2 2 2 2
left_child=-1 24 3 -3 -4 7 -7 11 -9 10 -10 13 23 14 -6 -16 -12 18 19 -15 22 -22 -19 -13 25 26 -2 -28 29 -27
right_child=1 2 4 -5 5 6 -8 8 9 -11 16 12 -14 17 15 -17 -18 20 -20 -21 21 -23 -24 -25 -26 28 27 -29 -30 -31
leaf_value=-0.10750584952464155 0.040402857347595834 0.0055190147402190189 0.047910257158918161 -0.08442721721110201 0.017210526431444339 -0.026100866486574344 0.067961598182595881 0.094912042880607062 0.12692448128392345 0.081932584198464123 -0.17571391978140855 -0.035970301797081584 -0.003698155267665502 -0.051518446135068667 0.16686382909675712 0.00071622749042665117 0.043476899919368678 -0.074522272274320053 -0.042621753101814493 0.073193934242088615 -0.069609032413946198 0.015190631120214459 0.10434659687461674 -0.1127478585153262 -0.020692035965468807 0.002257226401407234 -0.010145203835131966 0.051307368061013527 -0.020213374786703271 0.046322549766372755
leaf_weight=10.540823030845784 397.55496715133631 92.123816897452343 96.937710776976019 131.4444448839713 480.99477369915257 590.0084212567599 42.790154795278795 68.1240646407241 5.6044525967445216 42.974399453698425 27.726848370628431 171.67325577849988 967.35212408613734 40.963916136941407 38.121791006025887 18.24036865204107 6.5991123303538179 9.5353342262096685 306.32973901499645 81.074897477752529 45.308628285070881 217.24211561994161 51.405724336975254 47.335224229726009 364.81359277137381 4618.5875516625747 380.58436478021031 81.50811552592495 475.22755630707252 140.89595593219565
leaf_count=1392 31334 5625 5961 47177 47967 19794 37820 9120 465 6105 125 6194 40041 960 657 435 407 128 4496 2060 545 4296 705 934 178781 366107 80657 4397 31399 12810
internal_value=-0.000213561 -0.000100906 -0.00480274 -0.0473639 -0.00196772 -0.00345114 -0.0197403 0.000473232 0.0404761 -0.00425474 -0.0970123 -0.00196724 -0.0127192 0.00792686 0.0272675 0.113094 -0.133575 -0.00589597 -0.0215527 0.0313326 0.0148368 0.000556674 0.0763593 -0.0525646 0.00250502 0.00389362 0.0190581 0.000694365 0.00140331 0.0035617
internal_weight=10049.6 10039.1 3579.91 223.568 3356.34 3259.41 632.799 2626.61 151.029 82.9048 39.9304 2475.58 1186.36 1289.22 537.357 56.3622 34.326 751.86 428.369 122.039 323.492 262.551 60.9411 219.008 6459.17 6094.36 859.647 462.092 5234.71 4759.48
internal_count=948894 947502 242017 52802 189215 183254 57614 125640 16222 7102 997 109418 47169 62249 49059 1092 532 13190 7516 3020 5674 4841 833 7128 705485 526704 116388 85054 410316 378917
is_linear=0
shrinkage=0.1


Tree=103
num_leaves=31
num_cat=0
split_feature=31 47 11 44 6 46 29 48 10 19 45 27 33 36 6 4 14 7 4 29 28 31 16 39 27 11 10 42 44 35
split_gain=12.0842 30.0294 24.6372 23.7446 20.0051 19.519 28.2463 15.6642 25.4249 19.4791 18.1559 19.5202 19.978 27.9271 34.0372 20.7445 21.7589 21.3837 21.1044 24.5526 21.4543 21.4317 20.2134 24.9711 16.8102 16.4811 22.5311 26.4113 16.3299 43.3484
threshold=10.106236934661867 0.22257116436958316 0.7463400959968568 0.49782876670360571 2.5000000000000004 0.17693635821342471 0.49248781800270086 0.011312842369079592 0.96410486102104198 1.0000000180025095e-35 0.029921978712081913 568.50000000000011 8.8637833595275897 1.0000000180025095e-35 4.5000000000000009 0.97700846195220958 4.5000000000000009 0.8989795744419099 0.81530213356018078 0.49918010830879217 0.47727273404598242 6.3625564575195321 0.29285715520381933 0.35416667163372045 182.50000000000003 0.77560555934906017 0.87741371989250194 0.22401432693004611 0.074509963393211379 1.0000000180025095e-35
decision_type=2 2 2 2 2 2 2 2 2 2 2 2 2 2 2 2 2 2 2 2 2 2 2 2 2 2 2 2 2 2
left_child=7 2 3 -2 5 -3 -7 28 10 -10 -9 12 13 14 24 17 -17 -15 20 -20 -19 -22 -14 -24 -12 26 -25 -28 -1 -30
right_child=1 4 -4 -5 -6 6 -8 8 9 -11 11 -13 22 15 -16 16 -18 18 19 -21 21 -23 23 25 -26 -27 27 -29 29 -31
leaf_value=-0.0026205214376416736 0.038378014903436133 0.10096233462752478 -0.012778836559300778 -0.0025701179783609958 0.0058374794971315803 -0.0078423379017813506 0.090345993004184111 0.0092603636243300449 -0.054460392750880764 0.095950746644955648 0.020470596218860031 -0.021332419808237326 -0.020233877750752312 -0.01894140699801708 0.11237321833593437 -0.050068657609440154 -0.2721659442904571 -0.011809535525529366 0.030497302231472862 -0.053009290215103901 0.11919745244728211 0.020259361905755589 0.14780566997465069 0.011566745333337253 0.00030760381172525758 -0.014463087012971193 0.3937800058621736 0.074364631829559977 0.038804116980882597 -0.001930933318811795
leaf_weight=1212.1173281257034 257.14564676234295 64.512655120968702 635.20021357666701 315.18358379192068 134.04371237260784 70.731212788232369 50.01589831354795 968.46248146612197 139.34485704333201 9.1771742499258817 621.45418739282468 688.71518529362947 1050.7840020578624 588.24039493536111 31.202120356960222 63.187138001441781 4.7422010489390223 46.364940279072471 68.87249465338391 72.035105051749269 46.166765781570575 41.643049281774438 11.791528784837281 185.53920924921113 1235.5982624664466 297.29838661725807 3.0638636047369827 16.691188116543344 433.26457939008833 657.95319231219764
leaf_count=66374 9068 2671 33536 4781 5309 9762 2073 46241 8146 397 39293 148210 184721 124400 1228 12139 233 17987 7034 5140 5538 2824 1036 28880 127755 14464 158 1339 14720 23437
internal_value=-0.000199296 0.00799133 0.000779741 0.0158277 0.0352638 0.0565551 0.0328293 -0.00167165 -0.00429119 -0.0451665 -0.00328639 -0.00568144 -0.00322309 0.00180613 0.00879537 -0.0123656 -0.0655734 -0.00817902 0.0148354 -0.0121931 0.0432203 0.0722769 -0.0122828 0.0039597 0.00705506 0.000584877 0.0223767 0.123904 0.00536857 0.0142428
internal_weight=10020.5 1526.83 1207.53 572.329 319.303 185.26 120.747 8493.71 6190.37 148.522 6041.85 5073.39 4384.67 2819.51 1888.25 931.252 67.9293 863.323 275.082 140.908 134.175 87.8098 1565.17 514.384 1857.05 502.593 205.294 19.7551 2303.34 1091.22
internal_count=948894 67200 47385 13849 19815 14506 11835 881694 777163 8543 768620 722379 574169 343571 168276 175295 12372 162923 38523 12174 26349 8362 230598 45877 167048 44841 30377 1497 104531 38157
is_linear=0
shrinkage=0.1


Tree=104
num_leaves=31
num_cat=0
split_feature=43 10 43 12 30 49 45 29 24 41 46 6 14 8 15 31 6 7 31 32 24 7 49 29 32 30 40 45 53 5
split_gain=12.627 27.5696 27.0542 23.2813 23.3102 38.1488 23.1328 21.8519 21.0263 34.9554 30.4579 33.6456 34.7893 38.3012 24.1989 24.101 23.5915 22.9664 22.9495 20.6587 27.8714 20.5323 19.7607 27.6075 22.7149 19.9173 19.4716 18.245 18.1931 18.0944
threshold=0.72408923506736766 0.73100450634956371 0.54090765118598949 0.62973192334175121 0.9004487693309785 1.5000000000000002 0.085069552063941969 0.67496943473815929 0.35699401795864111 0.98386678099632274 0.011036694049835207 2.5000000000000004 6.5000000000000009 12.500000000000002 0.52512624859809887 7.6178698539733896 4.5000000000000009 0.65261757373809826 8.0320305824279803 6.4430041313171396 0.51695635914802562 0.71081870794296276 1.0000000180025095e-35 0.66972309350967418 2.460000872612 0.84386560320854198 0.85847797989845287 0.60437372326850902 0.21111111342906955 0.47727273404598242
decision_type=2 2 2 2 2 2 2 2 2 2 2 2 2 2 2 2 2 2 2 2 2 2 2 2 2 2 2 2 2 2
left_child=2 -2 8 4 -4 -6 22 -8 16 10 27 12 29 17 15 -11 -1 -14 -18 20 -15 -22 23 25 -25 -3 -27 -10 -23 -12
right_child=1 6 3 -5 5 -7 7 -9 9 14 11 -13 13 19 -16 -17 18 -19 -20 -21 21 28 -24 24 -26 26 -28 -29 -30 -31
leaf_value=-0.0028032437373988741 0.037251993355800643 0.0069984970643986958 -0.019354337889862946 -0.014032775509248686 0.11643463018863753 3.2286365266898524e-05 0.0013737447411663927 -0.039370389740160106 0.084157142644353533 -0.021010755636971884 0.028340112163710462 -0.017244890836283822 0.076749864267655232 0.088916500577072455 -0.09768581544736446 0.24188591691295458 0.1327207517261321 -0.077795804210128883 0.020008310720738012 -0.030285241003223967 -0.13902176129867824 0.089677651267692837 0.023379700108147411 -0.020282534308671493 0.038393224790290149 0.031210262146054202 0.12637791521220015 -0.02757647557128062 -0.038891213350717366 0.073347084430589668
leaf_weight=3984.2729471137245 254.88221904472448 281.0932600737724 79.845454383001197 2168.7052155262063 50.129023191897431 64.230309096252313 320.99328775546746 223.13277169947105 95.561359731989796 18.641114846570421 342.51301346403488 278.92538728617365 10.965032581429112 65.374627750530635 45.777927442839427 4.2895268370048134 23.436558373869048 78.138401362892182 78.812672976840986 52.480347089254792 9.8104573351447453 20.569422689222847 573.75226305681281 538.56936560309259 75.187964737036964 77.297934552421793 29.782936029572738 17.252701930206968 23.672724140466016 120.84321911904408
leaf_count=588965 16086 11113 2665 61510 1259 1723 13534 9852 4349 1504 57598 26854 335 2768 16958 167 834 4584 1037 4226 163 484 70689 24643 5592 2880 1857 3150 495 11020
internal_value=-0.00019002 0.00617846 -0.00217099 -0.0110624 0.022108 0.0510569 0.00244224 -0.0153344 0.00181465 0.013544 0.0178057 0.0122662 0.0236298 -0.00556943 -0.0556836 0.0281681 -0.00158606 -0.0587775 0.0458431 0.0220095 0.0449895 -0.00813856 0.008581 0.000106575 -0.0130945 0.0209793 0.0576797 0.0670697 0.0208841 0.0400779
internal_weight=10008.9 2374.69 7634.25 2362.91 194.205 114.359 2119.81 544.126 5271.34 1184.82 1116.11 1003.29 724.367 261.011 68.7086 22.9306 4086.52 89.1034 102.249 171.908 119.427 54.0526 1575.68 1001.93 613.757 388.174 107.081 112.814 44.2421 463.356
internal_count=948894 156246 792648 67157 5647 2982 140160 23386 725491 134655 116026 108527 81673 13055 18629 1671 590836 4919 1871 8136 3910 1142 116774 46085 30235 15850 4737 7499 979 68618
is_linear=0
shrinkage=0.1


Tree=105
num_leaves=31
num_cat=0
split_feature=14 16 43 10 52 1 1 29 7 30 29 30 29 39 19 28 30 14 49 43 15 5 7 29 7 42 30 35 43 44
split_gain=11.6394 19.1785 15.532 24.1246 22.7378 26.3475 45.3707 30.3912 29.5911 30.4765 28.3325 42.5612 28.4793 26.8561 30.8321 25.7763 18.2321 18.0997 16.4891 16.3481 17.8948 16.1644 15.735 15.4925 19.3938 18.6022 17.3047 14.9112 14.5346 29.8295
threshold=13.500000000000002 0.86607143282890331 0.76680690050125133 0.7243328094482423 0.82167318463325512 0.84886467456817638 0.94034391641616832 0.62398940324783336 0.82182541489601146 0.93566039204597484 0.79683136940002453 0.83151850104331981 0.4117018878459931 0.81666666269302379 1.0000000180025095e-35 0.84523808956146251 0.58538314700126659 4.5000000000000009 19.500000000000004 0.915544092655182 0.99719101190567028 0.72077924013137828 0.943650782108307 0.61358764767646801 0.94519516825675975 0.95742756128311168 0.86369088292121898 1.0000000180025095e-35 0.54090765118598949 0.3417812734842301
decision_type=2 2 2 2 2 2 2 2 2 2 2 2 2 2 2 2 2 2 2 2 2 2 2 2 2 2 2 2 2 2
left_child=2 27 18 -4 17 10 7 -7 9 -8 11 12 -6 14 19 -9 -15 -5 28 23 -21 -13 -19 26 25 -25 -10 -2 29 -1
right_child=1 -3 3 4 5 6 8 15 13 -11 -12 21 -14 16 -16 -17 -18 22 -20 20 -22 -23 -24 24 -26 -27 -28 -29 -30 -31
leaf_value=0.015205070363222063 -0.025173074122062711 0.015005232512849043 0.052909213734834509 0.056806387548106567 0.073107046068791481 -0.0063830693019751904 0.10045876625093386 -0.10733436103090861 -0.0057846638392619332 0.012778568090262352 -0.04530897854149727 0.080416750034780493 -0.20376651698573697 -0.029281821149137417 0.073111225366942922 0.072405841476472818 0.072745593798880459 0.0041664567099710349 -0.054170496876964659 0.085678467587249077 -0.10077647429300612 0.19638445939126672 0.059708207465562352 -0.033932711090116197 -0.081999530387711086 0.098333264763012462 0.17245482523619932 -0.10061934817311205 -0.0066833526641952926 -0.0022479649040817516
leaf_weight=1316.9509915306953 194.81823514148709 114.13268158970459 118.1813074331294 120.90727094766044 7.4353823168785294 74.920626800449099 51.871868781629018 88.481697979033925 48.417892169498373 168.1488829262089 23.30638469645055 29.537283067475073 7.4248588136397302 25.233599917031825 32.165392042748863 8.7694221278652531 57.256690125679597 335.85498682197067 58.640498128384934 22.535934938787253 6.6709915410610838 20.26644000413944 60.140302925909054 196.79023636120837 91.640543565648841 11.240686830482444 6.1374277689028522 30.26589709612017 2844.4430938425212 3819.1786954026065
leaf_count=148198 4075 9138 10130 5929 240 3354 8498 1318 897 5739 4189 1317 229 1083 4201 2911 43551 14091 9070 2277 163 1276 4700 2878 5172 221 99 542 86452 566956
internal_value=-0.000179774 -0.0183862 0.000460051 0.00941447 0.00597652 -0.00298765 -0.00814644 -0.0542504 0.0029073 0.03345 0.0492207 0.0832913 -0.0652317 -0.0105843 -0.0209293 -0.0911267 0.0415356 0.0229415 -0.00133695 -0.0288182 0.0430913 0.127607 0.0126017 -0.0347473 -0.0436704 -0.0267859 0.0142671 -0.0353179 -0.000948737 0.00222715
internal_weight=9991.77 339.217 9652.55 1613.34 1495.15 978.252 890.282 172.172 718.11 220.021 87.9703 64.664 14.8602 498.089 415.599 97.2511 82.4903 516.903 8039.21 383.434 29.2069 49.8037 395.995 354.227 299.671 208.031 54.5553 225.084 7980.57 5136.13
internal_count=948894 13755 935139 124463 114333 89613 82362 7583 74779 14237 7251 3062 469 60542 15908 4229 44634 24720 810676 11707 2440 2593 18791 9267 8271 3099 996 4617 801606 715154
is_linear=0
shrinkage=0.1


Tree=106
num_leaves=31
num_cat=0
split_feature=50 15 20 44 12 15 14 13 15 10 6 3 30 29 32 7 42 40 29 36 40 5 30 1 16 29 42 28 29 29
split_gain=11.7094 12.2075 10.9847 11.1218 21.9314 72.3495 36.7957 39.1515 75.5782 25.4392 23.7858 35.2557 39.8988 38.6833 29.7901 28.472 36.793 34.2478 50.8109 37.2013 37.1487 33.9506 32.1465 35.3015 54.0204 56.1558 34.2271 30.4519 29.66 28.1739
threshold=4.5000000000000009 0.86162030696868908 1.0000000180025095e-35 0.79981598258018505 0.46349540352821356 0.25074850022792822 2.5000000000000004 0.21807064861059192 0.56723594665527355 0.65239593386650097 2.5000000000000004 0.982753485441208 0.98690816760063182 0.60801562666893016 5.0398440361022958 0.83827373385429393 0.76817703247070324 0.86996778845787059 0.68674495816230785 1.0000000180025095e-35 0.96039214730262767 0.64583334326744091 0.78651145100593578 0.89041274785995495 0.81666666269302379 0.39376124739646917 0.83795949816703807 0.58571431040763866 0.46720910072326666 0.7840392291545869
decision_type=2 2 2 2 2 2 2 2 2 2 2 2 2 2 2 2 2 2 2 2 2 2 2 2 2 2 2 2 2 2
left_child=2 -2 -1 4 5 -4 -6 8 -8 -9 11 13 -13 -11 29 -12 27 22 20 -20 -19 -22 23 24 -18 -26 -27 -17 -29 -15
right_child=1 -3 3 -5 6 -7 7 9 -10 10 15 12 -14 14 -16 16 17 18 19 -21 21 -23 -24 -25 25 26 -28 28 -30 -31
leaf_value=-0.10715148736462099 0.059804913074980863 -0.1068631078505228 -0.0033992493232924432 0.0097249126010887574 0.01888348260202613 -0.066654633150416018 0.0061765680209125663 0.023679651266149935 -0.096740874275481781 0.002648260915977882 -0.023980826422874413 0.078048146656785222 0.012032230896799162 -0.073763227192821856 0.14092386391649611 -0.031344677465418594 -0.07929211863038213 0.061610730640338812 0.038578268534259552 -0.033252900284404134 -0.089966307371428106 0.098222635649279508 -0.0019455016170220282 -0.030177198506910058 0.0078300696949040582 -0.30099305777816721 -0.7065951386598095 -0.03673527691738699 0.054151028130469549 0.0083323721884016998
leaf_weight=9.5563012277925719 5.7007713352359159 19.180466763864388 1374.9612730882545 1073.8436792344582 1019.7814746322729 208.19707972570541 168.80149270864422 426.63097239361014 123.6017649578971 2653.1366132009825 857.80526953053777 121.63427363079973 370.16007434268249 142.45629281215952 8.5482033332809788 72.723061372889788 55.164561962912558 177.51270252626273 91.473054118949221 340.42094245523913 34.524836456519552 13.271619865496175 134.96084496530239 102.86708160702256 4.0226479618577278 6.0802702633663994 3.1626978380372748 41.972946273861453 248.43805440232973 59.164510065078503
leaf_count=1391 700 1908 60924 66093 156540 135474 16031 37300 51818 254737 31231 15196 20766 2576 321 1994 1167 8617 41422 11238 1745 813 2833 2673 99 166 68 969 13126 8958
internal_value=-0.000160823 -0.0686763 1.05966e-05 0.000113671 -0.00105103 -0.0117178 0.00126917 -0.00160095 -0.0373277 0.00015004 -0.00166212 0.00362522 0.0283598 -0.00062313 -0.0419206 -0.00978313 -0.0006026 -0.0108268 0.00204363 -0.0180394 0.0405407 -0.037712 -0.0384456 -0.0672032 -0.122862 -0.304047 -0.439779 0.0265241 0.0410153 -0.0496727
internal_weight=9969.76 24.8812 9944.87 9935.32 8861.47 1583.16 7278.32 6258.53 292.403 5966.13 5539.5 3355.1 491.794 2863.31 210.169 2184.4 1326.6 963.461 657.203 431.894 225.309 47.7965 306.258 171.297 68.4302 13.2656 9.24297 363.134 290.411 201.621
internal_count=948894 2608 946286 944895 878802 196398 682404 525864 67849 458015 420715 302554 35962 266592 11855 118161 86930 70841 63835 52660 11175 2558 7006 4173 1500 333 234 16089 14095 11534
is_linear=0
shrinkage=0.1


Tree=107
num_leaves=31
num_cat=0
split_feature=43 43 12 12 29 30 32 16 3 32 32 5 30 4 4 6 28 46 45 29 45 41 32 32 32 3 32 5 4 32
split_gain=11.4452 24.0266 23.8612 21.5716 21.3432 56.4296 35.2733 39.9721 34.0941 83.8481 36.4146 66.0197 40.4504 31.3194 25.5708 23.4429 51.7744 23.749 27.9021 20.9104 20.2615 18.7114 21.3092 73.7005 29.6123 58.6112 23.7511 37.1844 75.2841 19.0113
threshold=0.70715633034706127 0.55904665589332592 0.62973192334175121 0.77563390135765087 0.59175634384155285 0.78651145100593578 5.0398440361022958 0.90454545617103588 0.98147508502006542 1.7195520401000979 1.5308482050895693 0.72077924013137828 0.98690816760063182 0.82413583993911754 0.85584414005279552 1.5000000000000002 0.61250001192092907 0.19152390956878665 0.046621799468994148 0.70446255803108226 1.0000000180025095e-35 0.95904386043548595 3.2679439783096318 4.0349172353744516 1.7195520401000979 0.90521115064620983 1.5308482050895693 0.58571431040763866 0.81530213356018078 2.0142278671264653
decision_type=2 2 2 2 2 2 2 2 2 2 2 2 2 2 2 2 2 2 2 2 2 2 2 2 2 2 2 2 2 2
left_child=1 -1 -3 -2 5 -5 7 8 21 10 12 -12 -10 -8 -7 -14 -17 18 -18 -20 -4 22 24 -24 25 26 -6 -28 -29 -23
right_child=3 2 20 4 6 14 13 -9 9 -11 11 -13 15 -15 -16 16 17 -19 19 -21 -22 29 23 -25 -26 -27 27 28 -30 -31
leaf_value=0.0012138011427604786 0.043011633479779855 0.026106233911057149 -0.032884441810273522 0.0012338396142713296 -0.096051642301862195 0.043112866078653826 0.10964989349613306 0.069965754089263796 0.10099857364993872 0.10691917957706079 0.094780234758800153 -0.1780280972703604 0.14538965253148087 -0.027900791746907783 0.12800388421583303 -0.11069031957767075 0.0043436105564695626 0.047791203233205848 0.050237490705141212 -0.047621118256798087 -0.0086147544972808073 0.086546127375028314 0.18947308387650372 -0.035273626929606998 -0.080659107031361282 0.090343004680657812 -0.12183589072485344 0.15104587296567579 -0.12014892640901143 -0.090620109353161948
leaf_weight=5458.9915873836435 145.3184845969372 152.42485954787116 470.69322192526306 596.11408829828724 63.274184031703044 157.16437403464806 49.835213562037097 65.62442279770039 35.895778411650099 68.940546550438739 12.581029332708566 30.078895730897784 9.9415232890751195 24.786688853782834 45.830157878255704 47.382550538517535 506.20557028343319 82.239127113018185 24.376433670520782 209.48857228193083 1277.8632269423106 23.872409551986497 17.375105127226561 91.058491179719567 162.46764935122337 36.991006258758716 19.983434500405565 25.788636500015855 16.973506107926369 8.1160783285740745
leaf_count=731461 6551 3964 10882 25067 736 7496 3916 70190 1546 4827 358 141 312 1689 2764 396 20568 1451 499 6986 38160 3445 253 1228 1865 1372 181 346 139 105
internal_value=-0.000149446 -0.00215783 -0.0118401 0.00558499 0.003349 0.0167408 -0.00320319 -0.00641871 -0.0097761 0.000401347 -0.00726248 -0.097573 -0.00305438 0.0639605 0.0622787 -0.00730054 -0.00904595 -0.00318907 -0.00885417 -0.037421 -0.0151479 -0.0322134 -0.0376547 0.000739176 -0.0504457 -0.020333 -0.0528201 -0.00922425 0.043401 0.0415957
internal_weight=9937.68 7359.97 1900.98 2577.7 2432.39 799.109 1633.28 1558.65 1493.03 1027.13 958.189 42.6599 915.53 74.6219 202.995 879.634 869.692 822.31 740.071 233.865 1748.56 465.901 433.912 108.434 325.478 163.011 126.02 62.7456 42.7621 31.9885
internal_count=948894 784467 53006 164427 157876 35327 122549 116944 46754 37084 32257 499 31758 5605 10260 30212 29900 29504 28053 7485 49042 9670 6120 1481 4639 2774 1402 666 485 3550
is_linear=0
shrinkage=0.1


Tree=108
num_leaves=31
num_cat=0
split_feature=1 7 1 41 4 8 53 31 7 2 29 28 41 30 31 45 41 30 41 1 12 12 31 7 4 43 1 4 11 30
split_gain=10.9532 15.4431 11.4606 25.8134 13.302 67.927 50.4759 46.4702 37.8983 34.4198 32.9496 77.5044 35.3764 32.7804 29.2633 28.3852 27.9957 29.33 27.1756 25.9156 25.6642 25.4852 31.9067 23.8552 35.8824 30.0743 26.9311 37.5962 23.2936 22.7158
threshold=1.0000000180025095e-35 0.53390806913375866 0.41718041896820074 0.10391363129019739 0.41223154962062841 2147483689.0000005 1.0000000180025095e-35 1.7195520401000979 0.9529346525669099 0.27812939882278448 0.17660750448703769 0.2264957278966904 0.53907203674316417 0.14919523894786837 1.5308482050895693 0.0042603313922882089 0.6048465669155122 0.11431498453021051 0.40212766826152807 0.64238673448562633 0.55395013093948375 0.61302095651626598 2.460000872612 0.48181217908859258 0.52027395367622387 0.52986019849777233 0.6999005675315858 0.66333332657814037 0.86802819371223461 0.29825694859027868
decision_type=2 2 2 2 2 2 2 2 2 2 2 2 2 2 2 2 2 2 2 2 2 2 2 2 2 2 2 2 2 2
left_child=1 -1 -2 -4 5 9 8 14 23 19 13 -12 15 -9 16 -13 -8 -18 -15 -5 -17 -20 -23 -6 -25 26 -26 -28 29 -24
right_child=2 -3 3 4 6 -7 7 10 -10 -11 11 12 -14 18 -16 20 17 -19 21 -21 -22 22 28 24 25 -27 27 -29 -30 -31
leaf_value=-0.12525646065903567 0.024805566986469268 0.22741807133934749 -0.13802928135745093 0.014722099349685228 0.10980693561308333 -0.070135823855885626 -0.078879824390933106 -0.081221470454262049 -0.068897600479246784 -0.023340905156872396 -0.073238077550052919 -0.037134346872099426 -0.00054771668311571087 0.83122563144752881 -0.095729102465777149 -0.023481509150598191 0.023344757952870908 0.31447834246923495 -0.07016504326965986 0.13740533519372258 0.082881851258733055 0.21182115139648661 0.0199678100380432 -0.014068833626407113 0.12391045108348941 0.0097501283694858259 -0.030827853018276747 0.091491663426866793 0.01276349964845524 0.15198547436381599
leaf_weight=12.282929329325269 182.62967421481153 1.3812330331129477 13.624379824301284 400.40617555761128 44.284538589738077 163.67466548113953 27.215302808283013 18.53908384289025 34.322103607424651 326.07356073119445 145.21034142019926 35.034483128416468 7661.5162283261488 0.45530505184433323 83.300801479341317 27.927739565624506 28.617103456217592 3.936405372034641 14.144093069775407 17.992002754137502 120.84773783323908 14.358131522822076 21.094860956145567 117.36556000765268 72.141796236301161 107.26990581062273 40.657187529090152 65.785981784007163 63.629845423260122 34.106612589792348
leaf_count=850 20650 132 1043 37020 4144 86243 17621 8164 4802 60220 48656 841 502114 38 47075 9094 4662 224 13414 824 7475 639 7663 31623 8347 9063 4095 7641 1491 3026
internal_value=-0.000136265 -0.0896066 -1.26037e-05 -0.000479705 -0.000286305 -0.0118079 0.000905174 -0.000921493 0.0323713 0.00101571 6.94803e-05 -0.000847496 0.000492392 0.0441218 -0.0574201 0.0438459 -0.00402827 0.0585489 0.0598453 0.0199977 0.0629156 0.0574615 0.0710148 0.0401382 0.0324867 0.0516014 0.07674 0.0447703 0.0540015 0.101536
internal_weight=9899.83 13.6642 9886.16 9703.53 9689.91 908.146 8781.76 8299.93 481.827 744.472 8156.86 7990.54 7845.33 166.328 143.07 183.81 59.7688 32.5535 147.789 418.398 148.775 147.334 133.189 447.505 403.22 285.855 178.585 106.443 118.831 55.2015
internal_count=948894 982 947912 927262 926219 184307 741912 672197 69715 98064 602615 568180 519524 34435 69582 17410 22507 4886 26271 37844 16569 26233 12819 64913 60769 29146 20083 11736 12180 10689
is_linear=0
shrinkage=0.1


Tree=109
num_leaves=31
num_cat=0
split_feature=31 47 11 13 29 51 6 15 43 43 49 10 47 30 29 32 45 28 6 43 41 14 42 1 14 35 13 43 21 4
split_gain=10.6706 23.6192 18.7189 25.1046 18.3315 18.0516 15.6933 14.6259 12.9964 12.796 18.8605 17.7794 18.5132 19.9394 31.7599 25.1534 20.8569 20.2286 19.4365 18.0951 17.7966 17.5152 17.4979 17.2554 23.4408 23.6463 16.9748 15.9031 18.0404 25.1423
threshold=10.106236934661867 0.22257116436958316 0.70380714535713207 0.053342817351222045 0.70446255803108226 0.91545841097831737 2.5000000000000004 0.44161255657672888 0.70263326168060314 0.70715633034706127 19.500000000000004 0.77444055676460277 0.77044844627380382 0.52870488166809093 0.50598835945129406 5.2639338970184335 0.079734891653060927 0.64583334326744091 2.5000000000000004 0.86594858765602123 0.94791099429130565 3.5000000000000004 0.80322581529617321 0.87811535596847545 7.5000000000000009 1.0000000180025095e-35 0.29520697891712194 0.55293408036232006 1.0000000180025095e-35 0.13446327298879626
decision_type=2 2 2 2 2 2 2 2 2 2 2 2 2 2 2 2 2 2 2 2 2 2 2 2 2 2 2 2 2 2
left_child=9 2 3 4 -2 -5 -3 -7 -4 10 27 21 13 20 15 -15 17 -16 -19 -20 -13 -11 -18 24 25 -17 -23 28 -1 -30
right_child=1 6 8 5 -6 7 -8 -9 -10 11 -12 12 -14 14 16 23 22 18 19 -21 -22 26 -24 -25 -26 -27 -28 -29 29 -31
leaf_value=-0.0068227228364349636 0.045611494583160439 0.050845914967292329 -0.035920704866034214 0.026131929157110587 -0.010405170425490884 0.20604568310981608 0.0057193526376648198 0.070934244877318531 -0.0024511921280298415 0.051385785107159881 -0.064904585355931493 -0.020387088584120087 0.084251422202439752 0.068175627978920822 -0.018812044575932347 0.015333902487161821 0.0006833418180914782 0.044642314591275815 -0.012998958023001488 0.034110624969993307 -0.11295021868349929 -0.11810994262190432 -0.052180945184418549 0.028827038702241931 0.027601755999146205 -0.206301001168123 0.013697901783150924 -0.011741996011658628 -0.058193422532552136 0.0070789406834081475
leaf_weight=2235.8354549212327 72.942013020889135 183.54905761869304 150.55844828751287 111.79925755011936 293.44258132154937 10.137571270013721 132.83501483390137 38.211146982357604 505.7034466526311 145.61964129289845 49.921397600239288 115.96579675242538 25.760009234363679 118.07567173431744 279.00729650355061 7.6410329230129728 108.56375778473739 152.06009710396756 252.36714479165676 120.4494298026766 25.30333270522533 10.089992678840643 147.92795623446 90.79485696280608 19.998156089801341 13.009939152048901 308.69086628445075 1624.444546208164 60.462125162179291 2462.0528196250161
leaf_count=360766 2414 14506 3441 3754 3200 745 5309 2139 31692 6728 8863 3348 3592 6739 10060 113 5510 20838 13403 26058 370 236 5771 4532 569 469 19233 46154 4284 334058
internal_value=-0.000139423 0.00763031 0.00113861 0.0151833 0.000746959 0.0482105 0.0318994 0.0992639 -0.0101297 -0.00153041 -0.00367786 0.00558529 0.000218962 -0.00127272 0.00257677 0.0346763 -0.00497665 0.00294534 0.0145109 0.00222119 -0.0369665 0.0226517 -0.0298054 0.00458396 -0.0495659 -0.124294 0.00952594 -0.00319899 -0.000282505 0.00551443
internal_weight=9873.22 1499.18 1182.79 526.533 366.385 160.148 316.384 48.3487 656.262 8374.04 6432.72 1941.32 1476.92 1451.16 1309.9 249.52 1060.38 803.884 524.877 372.817 141.269 464.401 256.492 131.444 40.6491 20.651 318.781 6382.79 4758.35 2522.51
internal_count=948894 67200 47385 12252 5614 6638 19815 2884 35133 881694 754125 127569 101372 97780 94062 12422 81640 70359 60299 39461 3718 26197 11281 5683 1151 582 19469 745262 699108 338342
is_linear=0
shrinkage=0.1


Tree=110
num_leaves=31
num_cat=0
split_feature=50 9 41 15 10 16 43 14 13 30 11 36 15 11 15 8 7 39 16 43 39 16 16 24 42 13 35 15 13 10
split_gain=10.0578 10.6846 19.2498 18.3653 28.6631 19.7418 16.5392 15.5142 24.1684 23.172 22.0511 40.4579 34.4527 43.6354 30.5185 20.7858 22.4198 18.1662 31.9822 33.79 29.9818 61.9046 41.1874 59.1511 26.9689 24.5455 23.5872 23.4035 59.1606 39.247
threshold=2.5000000000000004 1.0000000180025095e-35 0.16807908564805987 0.98830369114875805 0.94261676073074352 0.90454545617103588 0.83338934183120739 8.5000000000000018 0.58957219123840343 0.9156622886657716 0.93112570047378551 1.0000000180025095e-35 0.8980536460876466 0.947597235441208 0.94604986906051647 36.500000000000007 0.71937501430511486 0.81666666269302379 0.90454545617103588 0.41896694898605352 0.53571429848670971 0.64583334326744091 0.43650794029235845 0.52543765306472789 0.89725548028945934 0.14087302237749103 1.0000000180025095e-35 0.44865803420543676 0.080540537834167494 0.63503611087799083
decision_type=2 2 2 2 2 2 2 2 2 2 2 2 2 2 2 2 2 2 2 2 2 2 2 2 2 2 2 2 2 2
left_child=1 3 -3 6 -5 -6 7 10 -9 15 17 -12 -13 -14 -15 -10 -17 20 25 24 22 26 27 -24 -20 -19 -22 29 -29 -1
right_child=-2 2 -4 4 5 -7 -8 8 9 -11 11 12 13 14 -16 16 -18 18 19 -21 21 -23 23 -25 -26 -27 -28 28 -30 -31
leaf_value=0.0017864944580507837 -0.0346646203053569 -0.047132342124759169 0.037652601561754331 -0.001144611181434955 -0.059773651640096917 0.023141823340170287 0.015522166747096226 -0.06681818387543581 -0.016400439552974006 -0.048964147350667134 -0.00357400848673021 0.22561461730785093 -0.018047161182401097 0.20976399551187652 0.063595030359821003 -0.031245088492407591 0.033166269931386723 -0.065160423222734881 0.019080155338437613 -0.019452872949659208 -0.050451561193443177 0.050697530462638932 0.0025793130588533148 0.095806421926340091 0.18498818956249347 0.050510127461615144 -0.14947256368218639 -0.088041260482865175 -0.0067122738881052347 0.083368373648183919
leaf_weight=2700.5808750455872 83.598613508118433 32.146731919143349 160.3653935292823 395.96821630595514 180.07353261689423 34.163199351445655 707.00166857069416 76.06594247110479 383.88136663776095 117.24788989091758 195.62722480586672 12.408203170256455 53.626313109933108 18.908972420700593 58.401299392833607 69.973531413052115 237.3003634018205 19.810239994054427 337.86672940763674 372.29184147556953 58.478823916913825 44.537679730448872 195.44362349244329 104.41876149524614 10.09039210485207 248.09783297032118 40.866873295133701 92.437752953621384 2759.9488012257389 60.284640941514226
leaf_count=165902 10918 391 15906 49524 6431 3020 74218 8941 9618 3197 9042 364 2061 481 1851 2075 6076 8616 54235 34235 2364 2176 17306 4945 466 16409 1723 65295 367139 3969
internal_value=-0.000126138 0.000169145 0.0234947 -0.000299304 -0.0170865 -0.0465516 0.000841973 -0.000413249 -0.012929 -0.00785837 0.00108589 0.025999 0.0663583 0.0512664 0.0993458 -0.000885162 0.0184983 -0.00011279 0.0124592 0.001487 -0.00216382 -0.0472666 -0.00106634 0.0350431 0.0238913 0.041957 -0.0911849 -0.00299532 -0.00934792 0.00356787
internal_weight=9861.91 9778.31 192.512 9585.8 610.205 214.237 8975.6 8268.6 884.469 808.403 7384.13 338.972 143.345 130.937 77.3103 691.155 307.274 7045.15 988.157 720.249 6057 143.883 5913.11 299.862 347.957 267.908 99.3457 5613.25 2852.39 2760.87
internal_count=948894 937976 16297 921679 58975 9451 862704 788486 29907 20966 758579 13799 4757 4393 2332 17769 8151 744780 113961 88936 630819 6263 624556 22251 54701 25025 4087 602305 432434 169871
is_linear=0
shrinkage=0.1


Tree=111
num_leaves=31
num_cat=0
split_feature=27 13 45 7 8 45 11 43 18 31 16 42 52 5 24 32 8 29 11 1 1 8 7 12 40 53 7 8 48 32
split_gain=10.236 13.4054 14.4125 11.7279 11.9082 10.0584 9.3333 9.29653 40.3296 21.0011 28.0075 25.0188 31.7004 34.9836 30.3946 30.7068 25.4392 28.761 22.2195 22.1942 21.3861 20.0416 22.5063 19.9375 52.8954 30.5625 18.7896 44.5939 29.5047 44.581
threshold=103.50000000000001 0.62731480598449718 0.69500660896301281 0.34815546870231634 18.500000000000004 0.95565277338027965 0.94968047738075267 0.40263707935810095 1.0000000180025095e-35 8.1992154121398944 0.31666667759418493 0.2522727251052857 0.47856706380844122 0.11805555596947671 0.57142856717109691 6.3919711112976083 10.500000000000002 0.42883475124835974 0.8007490634918214 0.87665396928787243 0.70251810550689708 17.500000000000004 0.76230832934379589 0.62303319573402416 0.83752357959747326 0.5634920895099641 0.47673159837722784 11.500000000000002 0.050016909837722785 8.0847110748291033
decision_type=2 2 2 2 2 2 2 2 2 2 2 2 2 2 2 2 2 2 2 2 2 2 2 2 2 2 2 2 2 2
left_child=1 2 3 4 -1 7 -5 8 9 11 -11 -2 26 14 15 16 -14 18 -18 -15 -12 22 -17 -10 -25 -26 27 28 -13 -30
right_child=5 -3 -4 6 -6 -7 -8 -9 23 10 20 12 13 19 -16 21 17 -19 -20 -21 -22 -23 -24 24 25 -27 -28 -29 29 -31
leaf_value=0.31068438952274335 0.034646788115576387 -0.015904372860755547 0.23106847721219559 0.018963122169895551 0.030890552016890824 -0.02854631217551969 0.23000297656979077 -0.0019878544845739923 -0.075397862555967976 0.023843068026555565 0.26967567734651149 0.12290952510248997 -0.0162697304670801 -0.031153217505824629 -0.18043003745646707 0.12874831552228339 0.18456219194956008 -0.071790375974962989 0.065176479102015406 0.0099536819353633413 0.077634156804100504 -0.05679244288802994 -0.026451652636728353 -0.028824716081903554 0.49052672200077901 0.10449173395397232 -0.053056119387686555 -0.014305114073072276 1.3888944982096427 0.29336839686080002
leaf_weight=2.8284511214005752 237.67739817131223 104.83815397341095 3.3689206496201214 306.2030454447231 3.2911103309743339 128.90633678018639 2.1100305453001047 7448.8114843092262 74.402036725196012 324.54340029742889 7.3595433187438166 3.6091469689272335 16.697646445711143 191.04603498007418 5.5627419349493712 19.410110517914291 42.319433864722669 7.0475431804152313 24.681406346615404 420.30099342275207 27.3444580529831 28.926873814867577 18.016705278670997 150.77199502573421 2.6470042926448505 9.1062558921330474 159.1060781651795 56.595542782517441 0.53009646793361742 1.2411910830414852
leaf_count=172 22000 6306 488 19863 490 66329 85 363644 72105 36183 625 73 2634 68790 217 2589 6138 1411 494 43785 1558 7559 3180 150631 270 1097 57291 12535 128 224
internal_value=-0.000120734 0.0151036 0.0253326 0.0231283 0.160211 -0.000804759 0.0204074 -0.000419314 0.00596894 0.0116975 0.0329736 0.00549734 -0.00146499 0.00807404 0.0492894 0.0574235 0.0952284 0.120371 0.140584 -0.00289223 0.11836 0.00572115 0.0540374 -0.0325237 -0.0128965 0.191432 -0.0348612 0.0118492 0.286961 0.621228
internal_weight=9829.3 422.64 317.802 314.433 6.11956 9406.66 308.313 9277.76 1828.94 1592.02 359.247 1232.77 995.092 774.009 162.662 157.1 90.746 74.0484 67.0008 611.347 34.704 66.3537 37.4268 236.927 162.525 11.7533 221.082 61.976 5.38043 1.77129
internal_count=948894 27404 21098 20610 662 921490 19948 855161 491517 267414 38366 229048 207048 136797 24222 24005 10677 8043 6632 112575 2183 13328 5769 224103 151998 1367 70251 12960 425 352
is_linear=0
shrinkage=0.1


Tree=112
num_leaves=31
num_cat=0
split_feature=20 46 49 11 13 49 15 31 53 44 16 29 19 31 6 6 31 53 1 6 53 5 6 4 5 5 41 7 2 1
split_gain=9.90792 9.79727 22.7297 16.9527 35.7174 37.7451 24.9894 30.2022 33.4687 27.3486 21.1158 21.8463 20.3874 18.6045 18.8736 18.1494 17.8411 16.3492 17.7564 16.1629 49.3421 33.5028 64.6751 82.9037 49.5856 57.471 46.2072 52.2504 45.0753 43.2006
threshold=1.0000000180025095e-35 1.0000000180025095e-35 4.5000000000000009 0.68212574720382702 0.0745370388031006 1.5000000000000002 0.23831367492675784 8.2617969512939471 0.47727273404598242 0.91176471114158641 0.41428571939468389 0.85645082592964183 1.0000000180025095e-35 6.4749226570129403 3.5000000000000004 4.5000000000000009 7.888848304748536 0.89444443583488475 0.92000734806060802 2.5000000000000004 0.72077924013137828 0.47727273404598242 1.5000000000000002 0.68323561549186718 0.32051283121109014 1.0000000180025095e-35 0.63510736823081981 0.71081870794296276 0.59390470385551464 0.97037997841835033
decision_type=2 2 2 2 2 2 2 2 2 2 2 2 2 2 2 2 2 2 2 2 2 2 2 2 2 2 2 2 2 2
left_child=-1 2 3 4 6 -6 7 9 -9 13 12 -12 -5 15 -15 -2 -7 19 -19 20 21 22 23 24 25 -3 27 -23 -25 -24
right_child=1 17 -4 10 5 16 -8 8 -10 -11 11 -13 -14 14 -16 -17 -18 18 -20 -21 -22 26 29 28 -26 -27 -28 -29 -30 -31
leaf_value=-0.10685326480051718 -0.0053607802044989151 -0.0028213984497655917 -0.025725572865745835 -0.017771971617157566 0.064255603233040623 -0.032509083487578798 -0.075117325387575512 0.16017667015879827 -0.011647503430205234 0.11019038769148432 0.0074455382634938845 0.08113799781090443 0.039367948476744519 0.025529292333548299 0.099372183620781498 0.13240559232185584 0.061855896057059101 0.099725083127527189 -0.0012738426103022433 -0.0083329169295559505 -0.11712556722624115 0.0053718242411892854 -0.039133878913454517 0.10416754741096573 0.056042350287355693 -0.052802185815322283 0.0071221000622976073 0.10201495425492493 0.025587562786171181 0.12961880542605536
leaf_weight=8.6918907771105278 210.75134346209234 1551.0602969271258 213.44394407028449 580.31094611580193 246.70551586355214 76.24803349920694 36.724993545605685 11.601655921724157 495.56218815891771 37.108463066862896 190.59585568084731 50.99085045348329 69.971834928815952 139.5282863182365 46.031907743017655 10.017083739861844 27.176525495684473 32.899473107892845 36.964713456683967 2772.3063653656427 34.875788104662206 106.07168914029899 545.08642191242689 88.755098644774989 120.34199373637966 270.12724204984625 1269.6941275127756 118.37573652579158 411.19589518929934 15.604382231365888
leaf_count=1392 4954 275659 38292 13799 12929 6087 13533 318 4653 809 13186 50383 6450 2003 618 115 1669 2996 3012 138732 3216 6581 103625 11701 7494 104905 72409 5301 40757 1316
internal_value=-0.000134224 -3.97273e-05 0.00544903 0.0084338 0.0155548 0.0429968 0.00582325 0.00895026 -0.00771693 0.0280127 -0.00224499 0.0229995 -0.0116236 0.0205077 0.0438475 0.000890192 -0.00771311 -0.00185813 0.0462872 -0.00231869 0.00136099 0.00228003 -0.00380959 0.00322414 -0.00612673 -0.0102348 0.0145159 0.0563423 0.0395377 -0.0344374
internal_weight=9824.82 9816.13 2442.77 2229.33 1337.46 350.13 987.326 950.601 507.164 443.437 891.869 241.587 650.283 406.329 185.56 220.768 103.425 7373.36 69.8642 7303.5 4531.19 4496.31 3002.17 2441.48 1941.53 1821.19 1494.14 224.447 499.951 560.691
internal_count=948894 947502 169798 131506 47688 20685 27003 13470 4971 8499 83818 63569 20249 7690 2621 5069 7756 777704 6008 771696 632964 629748 545457 440516 388058 380564 84291 11882 52458 104941
is_linear=0
shrinkage=0.1


Tree=113
num_leaves=31
num_cat=0
split_feature=30 29 5 4 8 28 40 11 7 8 42 7 42 7 43 5 4 4 8 3 1 42 31 6 1 30 51 3 8 7
split_gain=9.05981 114.945 39.2479 54.2085 69.2675 50.1214 31.618 36.9664 31.5922 55.923 50.0083 30.0113 28.0369 28.6234 27.6321 27.0048 70.5052 34.8479 46.6738 42.6113 60.9387 31.7147 41.3074 44.4032 38.2112 34.304 29.4737 27.7171 27.0007 47.1218
threshold=0.52870488166809093 0.3526292890310288 1.0000000180025095e-35 0.481704592704773 2147483689.0000005 0.19090909510850909 0.91715687513351452 0.60046949982643139 0.8019607961177827 3.5000000000000004 0.26201373338699346 0.96039214730262767 1.0000000180025095e-35 0.7245689630508424 0.42161169648170477 0.47727273404598242 0.9261208474636079 0.70647650957107555 4.5000000000000009 0.84660631418228161 0.90615773200988781 0.97825056314468395 6.7324435710906991 1.5000000000000002 0.82205018401145946 0.7168484926223756 0.99450549483299266 0.95293468236923229 8.5000000000000018 0.70638945698738109
decision_type=2 2 2 2 2 2 2 2 2 2 2 2 2 2 2 2 2 2 2 2 2 2 2 2 2 2 2 2 2 2
left_child=2 -2 3 4 8 -4 7 -7 9 10 -1 -5 13 -6 -8 16 21 18 -17 20 -19 22 -3 -24 25 -25 -23 -26 29 -11
right_child=1 15 5 11 12 6 14 -9 -10 28 -12 -13 -14 -15 -16 17 -18 19 -20 -21 -22 26 23 24 27 -27 -28 -29 -30 -31
leaf_value=0.15222052027056784 0.062204770543993537 -0.066794034682187142 -0.074078272014725638 0.038561903070503084 0.10025810011096843 -0.042489376163879482 0.077850765122316701 0.010684483747376652 -0.04893799513990859 0.091392519642890538 0.79382870389932636 -0.063632725400516288 -0.06945136989663532 0.99128556292318848 -0.078008432011676732 0.054456918253886405 0.12750746140696384 -0.074962413434985317 0.004255520222754979 0.00045617131910687917 0.021107525440804614 0.18072842972968051 0.032585561090838031 -0.053252977922908909 -0.068288884322066548 0.078697699335151472 0.0052701481243470029 0.14787809323633949 -0.00083877526814927497 -0.036649685244305917
leaf_weight=6.4058463328692588 300.74030128369486 235.71074014330952 151.91047145315679 455.91148319349668 1.5974280747468577 176.92706499239648 12.831160764508239 500.83146688703346 105.09703512465785 86.316110497347836 1.4990741468500344 30.669223875574971 175.46302863560777 0.46561343244684383 100.22810866337386 269.98381183558377 32.089817901818606 178.48752638514998 589.74778551933559 4942.8776569146212 104.79108476972033 10.246716228219155 135.46500076461234 35.145235346783011 187.434331967037 44.839900618375395 145.79802445573296 6.125400097196688 723.52921883654926 43.090333512780489
leaf_count=511 28089 30763 77504 58608 357 95152 1968 37584 30172 9921 320 3434 102588 41 1785 15615 2081 9333 29418 275405 4201 1307 8498 3978 9330 2067 27181 323 68636 12724
internal_value=-0.000132583 0.00168321 -0.00522789 0.00416504 -0.00773094 -0.0214689 -0.0113631 -0.00319641 0.00282046 0.00913947 0.273894 0.0321206 -0.0651422 0.301357 -0.0603199 -0.000947512 -0.0178357 0.00136365 0.0200204 -0.00170549 -0.039424 -0.0236602 -0.033451 -0.0142355 -0.0374222 0.020719 0.0167917 -0.0614481 0.00668576 0.0487565
internal_weight=9792.26 7219.48 2572.77 1630.04 1143.46 942.728 790.818 677.759 965.938 860.841 7.90492 486.581 177.526 2.06304 113.059 6918.74 832.855 6085.89 859.732 5226.16 283.279 800.765 644.721 409.01 273.545 79.9851 156.045 193.56 852.936 129.406
internal_count=948894 447589 501305 287312 225270 213993 136489 132736 122284 92112 831 62042 102986 398 3753 419500 85528 333972 45033 288939 13534 83447 54959 24196 15698 6045 28488 9653 91281 22645
is_linear=0
shrinkage=0.1


Tree=114
num_leaves=31
num_cat=0
split_feature=43 15 1 29 5 40 11 18 10 15 11 13 27 31 29 30 43 31 30 48 15 10 11 10 31 13 31 1 48 29
split_gain=9.36425 19.2272 16.7346 16.4141 24.3738 14.3667 13.2315 17.1731 12.9242 12.5311 17.1002 14.3708 11.8568 18.0812 14.6318 35.2722 13.534 12.9973 22.2961 17.9615 21.1943 26.1766 27.9485 19.3935 17.1589 17.9171 15.8696 15.3892 14.4401 13.8213
threshold=0.7804861068725587 0.86851710081100475 0.84540036320686351 0.79683136940002453 0.72077924013137828 0.91545841097831737 0.89670634269714367 1.0000000180025095e-35 0.71615448594093334 0.81096094846725475 0.8657362461090089 0.29520697891712194 237.50000000000003 8.7522115707397479 0.36250083148479467 0.49852964282035833 1.0000000180025095e-35 7.7636303901672372 0.55493307113647472 0.10204082727432252 0.47765946388244634 0.83771398663520824 0.75056561827659618 0.61538434028625499 5.5235652923583993 0.12060606107115747 5.9426960945129403 0.96802929043769848 0.17682564258575442 0.32700902223587042
decision_type=2 2 2 2 2 2 2 2 2 2 2 2 2 2 2 2 2 2 2 2 2 2 2 2 2 2 2 2 2 2
left_child=12 6 3 4 -3 -5 9 -8 -4 10 -2 -11 16 17 15 -15 -1 19 -19 -14 23 24 28 27 -22 -26 -27 -21 -23 -29
right_child=1 2 8 5 -6 -7 7 -9 -10 11 -12 -13 13 14 -16 -17 -18 18 -20 20 21 22 -24 -25 25 26 -28 29 -30 -31
leaf_value=0.025473427425646289 0.018626980856699397 0.027567703455913063 0.053317385464058814 -0.10431292871258105 0.16048728168464446 0.043305806218755016 0.035765223537694547 0.14350230129170594 -0.0081891524845249409 0.12891907581066608 0.093827031173600584 -0.015337174955212602 0.0024688758698687297 -0.035715811165494292 0.0016493253163795526 0.085043717698925478 0.001394267424129994 -0.074021235085388645 -0.013949369451997942 -0.017701838148296536 -0.049414060239464055 0.14843597380448725 -0.024574100442621944 0.041477770769818033 -0.067399825670314509 0.042136779548287137 -0.018602644176719151 0.16891941151428133 0.035718460759167049 0.0079643690558946489
leaf_weight=253.43191628365457 174.93565617292916 130.34463682351634 35.607372235506773 15.88432741793804 15.428754136461064 11.270912742867948 62.931387528762571 19.342476445017383 842.48828348990355 7.3041867950814767 36.558141448738752 126.59849948999181 1294.5798362663154 38.36470729334178 1562.2762598560548 65.452911989385029 2956.4665397366225 77.062565583157266 311.66932315440863 523.42656315179192 338.6301620211816 14.272199507729963 94.993179334509477 89.969244009727845 57.43402223850353 54.747935741750553 200.72784990092259 5.4364306461939114 55.80587090314657 286.13487771770451
leaf_count=50279 15800 6495 3561 282 1103 4658 10950 545 69441 442 4927 7610 72624 16979 51232 8553 176477 9028 14517 79588 203835 2084 20550 11067 48141 7564 23387 402 14680 12093
internal_value=-0.000151711 0.00717856 -9.53324e-05 0.0283387 0.041636 -0.0430431 0.0250546 0.0610941 -0.00569502 0.0164699 0.0316258 -0.00746822 -0.00146066 -0.00447121 0.0040651 0.0404183 0.0032954 -0.00864822 -0.0258581 -0.00643017 -0.013122 -0.0248023 0.0107677 -0.00258207 -0.0338142 -0.0169321 -0.00558631 -0.00744592 0.0586747 0.0109654
internal_weight=9759.58 1478.69 1051.02 172.929 145.773 27.1552 427.67 82.2739 878.096 345.396 211.494 133.903 8280.88 5070.98 1666.09 103.818 3209.9 3404.89 388.732 3016.16 1721.58 816.611 165.071 904.967 651.54 312.91 255.476 814.998 70.0781 291.571
internal_count=948894 125814 85540 12538 7598 4940 40274 11495 73002 28779 20727 8052 823080 596324 76764 25532 226756 519560 23545 496015 423391 320241 37314 103150 282927 79092 30951 92083 16764 12495
is_linear=0
shrinkage=0.1


Tree=115
num_leaves=31
num_cat=0
split_feature=1 7 20 14 16 35 43 45 13 15 1 11 11 18 49 11 15 32 7 42 3 53 5 12 44 6 31 2 29 53
split_gain=9.11307 10.7685 8.89222 8.74876 16.0567 12.1705 11.0265 17.3113 15.4249 14.2439 12.1447 18.8194 11.7785 15.2811 11.7451 30.1514 20.2862 18.0306 13.2992 12.8515 32.5521 31.9975 28.0551 26.6139 22.4232 21.1371 30.3217 39.4846 44.4062 27.7163
threshold=1.0000000180025095e-35 0.53390806913375866 1.0000000180025095e-35 13.500000000000002 0.86607143282890331 1.0000000180025095e-35 0.76680690050125133 0.11686769127845766 0.35067567229270941 0.86851710081100475 0.96368324756622326 0.61234253644943248 0.8948570489883424 1.0000000180025095e-35 6.5000000000000009 0.62532052397727977 0.20977697521448138 6.1005592346191415 0.96490147709846508 0.92770034074783336 0.93127065896987926 0.89444443583488475 0.37980769574642187 0.46349540352821356 0.79981598258018505 2.5000000000000004 8.5607156753540057 0.79431912302970897 0.47926239669322973 0.72077924013137828
decision_type=2 2 2 2 2 2 2 2 2 2 2 2 2 2 2 2 2 2 2 2 2 2 2 2 2 2 2 2 2 2
left_child=1 -1 -2 6 5 -5 14 8 10 12 11 -8 13 -10 19 16 -16 -17 -19 21 22 25 23 -21 -22 26 29 -28 -29 -4
right_child=2 -3 3 4 -6 -7 7 -9 9 -11 -12 -13 -14 -15 15 17 -18 18 -20 20 24 -23 -24 -25 -26 -27 27 28 -30 -31
leaf_value=-0.11691769105508987 -0.10661745986820247 0.15179418594821459 -0.002982587010908486 -0.022536345912520558 0.015276875286496093 -0.09235464521592171 -0.12278700759679606 -0.020702489426360327 0.036409325890116077 0.0014947832240821087 0.014656454166412192 0.088590607265650642 0.059253880024707078 -0.0096856990970952163 -0.0094865851951634259 -0.0047194362514687014 -0.066987467513822826 0.043765712403399104 0.20090697692649184 -0.057963411130539905 -0.0096589319163373627 0.039653300624598764 0.063806502310469457 0.027625914268734376 0.021544393573676698 -0.011475459267805566 0.0029436833851994916 0.10806182698977732 0.021714218879580836 -0.12032401433816167
leaf_weight=11.676606981047369 7.8209960586100342 1.7097177367540997 2792.2920311673442 187.50347980413426 108.70948423221125 28.802403841007617 4.514844416298728 180.31500479351962 160.38913207815494 839.11742936362134 68.758329574920936 62.791493492375594 79.136973781409324 130.38438203127589 114.08386867627269 183.34490449655641 132.74854573092853 43.431082065442752 6.1481524430309937 46.018534337184974 774.82843333225173 178.76650232505926 169.60780978592084 172.56656404506066 327.70484885454061 2039.7843992063645 591.17151334307709 86.601976870471844 190.72391841931676 20.275662490130344
leaf_count=850 1392 132 495892 4075 9129 541 116 8842 23222 72473 4367 1668 11375 2398 12280 9202 43719 5366 431 17136 31713 11009 7801 12700 5539 90713 54781 2922 4108 3002
internal_value=-0.000145105 -0.0825975 -3.16495e-05 5.4108e-05 -0.016076 -0.0318331 0.00061209 0.00839344 0.0122939 0.00870143 0.0442152 0.0744116 0.0250492 0.0157401 -0.000896117 -0.0160582 -0.040411 0.00974873 0.0632523 8.81573e-05 0.00838396 -0.00200804 0.0332876 0.00960687 -0.000384399 -0.00330989 0.00121489 0.0175476 0.0486784 -0.0038285
internal_weight=9741.73 13.3863 9728.34 9720.52 325.015 216.306 9395.51 1525.41 1345.09 1209.03 136.065 67.3063 369.91 290.774 7870.1 479.757 246.832 232.924 49.5792 7390.34 1490.73 5899.62 388.193 218.585 1102.53 5720.85 3681.07 868.497 277.326 2812.57
internal_count=948894 982 947912 946520 13745 4616 932775 124461 115619 109468 6151 1784 36995 25620 808314 70998 55999 14999 5797 737316 74889 662427 37637 29836 37252 651418 560705 61811 7030 498894
is_linear=0
shrinkage=0.1


Tree=116
num_leaves=31
num_cat=0
split_feature=50 12 11 14 3 15 11 13 16 16 4 4 35 14 11 36 15 11 15 13 7 11 1 4 1 6 7 49 11 15
split_gain=8.49324 10.7761 8.06655 23.3176 23.8172 21.9805 28.9702 17.4358 22.7125 18.7031 16.9128 14.6865 13.5597 12.8781 31.6212 40.773 62.706 58.8787 37.3053 22.7575 21.9342 21.6394 18.9288 42.0228 23.1875 15.8793 15.5404 15.4009 31.8931 25.4403
threshold=4.5000000000000009 0.66793406009674083 0.99004951119422924 8.5000000000000018 0.9759001135826112 0.9815664291381837 0.91236156225204479 0.58578431606292736 0.90454545617103588 0.38750000298023229 0.13446327298879626 0.4401834905147553 1.0000000180025095e-35 8.5000000000000018 0.92338585853576671 1.0000000180025095e-35 0.8980536460876466 0.947597235441208 0.94604986906051647 0.58957219123840343 0.59032633900642406 0.97201481461524974 0.82638135552406322 0.78979855775833141 0.94997775554656994 3.5000000000000004 0.89323708415031444 1.5000000000000002 0.63839775323867809 0.57739216089248668
decision_type=2 2 2 2 2 2 2 2 2 2 2 2 2 2 2 2 2 2 2 2 2 2 2 2 2 2 2 2 2 2
left_child=2 -2 5 4 -4 13 11 9 12 -8 -5 -7 -9 14 27 -16 20 -18 -19 -15 -17 -20 23 -21 26 -25 -24 -1 29 -29
right_child=1 -3 3 10 -6 6 7 8 -10 -11 -12 -13 -14 19 15 16 17 18 21 22 -22 -23 24 25 -26 -27 -28 28 -30 -31
leaf_value=0.0032531858408301711 0.088210188125301875 -0.092369335483947018 -0.017758478993154244 -0.057756712581441633 0.099640736293598875 -0.04719865579710078 0.12326783043229959 -0.046647368847525045 0.039266114173465018 -0.084756476544656581 0.055132594276641946 0.017071381277940747 -0.12101184105223282 -0.062616363543008077 -0.00092893560421028151 0.47502642187426458 -0.017963371235234289 0.18024973717103773 -0.0048156535291534854 -0.00080274267393495966 0.16530442232909423 0.096731540139733965 -0.040569122977178601 0.13283901939037582 0.030376079099480736 -0.0029755212525714144 -0.0020367042990780192 -0.0094713714316439074 0.0096989873210302988 -0.044609346784226261
leaf_weight=5181.153827206228 4.0023687785869724 18.956069916515844 189.86808251630282 14.679025096818803 19.010891152531258 42.927182991872542 12.769696991628736 247.93817217314063 28.847097321602632 6.5332334100821745 138.37449862305948 207.03027133150317 27.210890433198074 75.263472651760821 271.31096474262449 2.4957123996282489 104.02875197654066 30.6759125131357 37.771959968144074 406.86544373950164 27.280371490109246 47.217826922889799 297.33610470344138 35.106533809113898 83.19037237939483 11.405606379703384 161.52694444534427 1009.4818832722558 720.78567947796546 258.89093734687413
leaf_count=519680 501 2107 6659 187 12301 26744 901 8351 2672 568 8760 19707 548 9010 25736 110 3639 956 1234 12346 901 1564 9257 1085 13220 544 5269 94336 63380 96621
internal_value=-0.000137931 -0.0608887 5.90184e-06 0.0146536 -0.00707352 -0.000562011 -0.0195327 -0.0392993 -0.0451512 0.0528603 0.0443056 0.00603378 -0.0540016 0.000679182 0.00210962 0.0259019 0.0550817 0.0366244 0.0857202 -0.00959602 0.191264 0.051601 -0.00558721 0.00949092 -0.0181987 0.0995349 -0.0270051 0.000381575 -0.0070981 -0.0166435
internal_weight=9719.94 22.9584 9696.98 361.932 208.879 9335.04 573.257 323.299 303.996 19.3029 153.054 249.957 275.149 8761.79 7691.09 520.782 249.471 219.694 115.666 1070.69 29.7761 84.9898 995.431 453.378 542.053 46.5121 458.863 7170.31 1989.16 1268.37
internal_count=948894 2608 946286 27907 18960 918379 59491 13040 11571 1469 8947 46451 8899 858888 808157 34140 8404 7393 3754 50731 1011 2798 41721 13975 27746 1629 14526 774017 254337 190957
is_linear=0
shrinkage=0.1


Tree=117
num_leaves=31
num_cat=0
split_feature=21 7 8 50 36 43 15 4 7 1 13 50 43 35 29 29 30 13 15 31 42 28 30 41 14 48 2 10 14 14
split_gain=8.29564 19.87 20.304 19.0582 71.2497 18.233 21.4695 17.2413 27.2227 21.8802 18.7189 22.5693 18.5176 27.6671 28.4734 27.2758 31.9634 19.4104 27.5891 20.7205 20.7986 19.3292 25.1933 26.8874 18.6738 17.0607 21.3514 16.2724 15.899 15.8247
threshold=1.0000000180025095e-35 0.30583900213241583 37.500000000000007 1.0000000180025095e-35 1.0000000180025095e-35 0.70263326168060314 0.86546543240547191 0.13446327298879626 0.2416573911905289 0.68354722857475292 0.95119047164917003 1.5000000000000002 0.39049339294433599 1.0000000180025095e-35 0.89003926515579235 0.36250083148479467 0.59357112646102916 0.16064515709877017 0.4853654950857163 5.8430776596069345 0.37617923319339758 0.43650794029235845 0.82526984810829174 0.84575733542442333 2.5000000000000004 0.31612077355384832 0.94791099429130565 0.67476648092269909 3.5000000000000004 8.5000000000000018
decision_type=2 2 2 2 2 2 2 2 2 2 2 2 2 2 2 2 2 2 2 2 2 2 2 2 2 2 2 2 2 2
left_child=1 2 -1 5 -5 -3 -7 8 9 -2 12 29 17 15 24 16 25 18 -9 -19 28 22 -17 -24 27 26 -14 -15 -21 -12
right_child=7 3 -4 4 -6 6 -8 10 -10 -11 11 -13 13 14 -16 21 -18 19 -20 20 -22 -23 23 -25 -26 -27 -28 -29 -30 -31
leaf_value=0.06282969611043604 -0.13925482921588161 -0.0060489177849384103 -0.088567359614822941 -0.0021804404471243047 -0.085463002381850936 0.029775942960015678 0.00021679411836569726 0.010639622129780653 0.027987258422704744 0.095482791160951111 0.01507288570244187 -0.098273663700530214 0.033313901272722227 -0.014030366971130418 0.04601313475478204 -0.044539792355000399 0.10368531706459914 0.019539453895003715 -0.057134253131427573 0.22930917234375012 0.068252727981213304 0.0024417074514721409 -0.005769822662322152 0.1866699194534836 -0.027435825230333312 -0.036601206804138524 -0.087125401747911072 0.091751272961125396 0.96904945762049266 0.083614460965847459
leaf_weight=74.536836987485003 30.069471250455535 2761.3992830749776 10.052972184836106 458.84544991152507 132.35617738927613 344.91457493448979 854.39129626896465 431.93243886864002 25.430997783099883 4.5750361656537271 66.284226888063131 11.127689960048881 271.11624226870481 34.187953395885415 65.443111556327494 176.94549793815531 49.189574240706861 366.86105607981153 69.765223480586428 0.90745587426499585 82.785380460511078 2489.2046820664182 26.72735408655717 9.9682052847638243 686.72041658971284 49.864020440625609 15.564410659717394 25.306726287861238 0.42738071697385749 68.488957903187838
leaf_count=5982 2221 317732 3894 51759 38511 21855 43428 80108 1935 175 4663 263 11318 981 31762 10030 1373 109033 69730 180 9683 81674 649 235 37119 8138 216 1652 112 2483
internal_value=-0.000129579 -0.00318503 0.0448371 -0.00407744 -0.0208255 -0.00157752 0.00871786 0.00267075 -0.050582 -0.108256 0.00331074 0.0386029 0.0022497 -0.000803248 -0.0172329 0.00351436 0.0283901 0.0147484 0.0012151 0.0298035 0.0745667 -3.57601e-05 -0.0289016 0.0465057 -0.0227796 0.0173849 0.026775 0.030965 0.466155 0.0499043
internal_weight=9695.39 4636.5 84.5898 4551.91 591.202 3960.71 1199.31 5058.89 60.0755 34.6445 4998.82 145.901 4852.92 3900.24 811.658 3088.58 385.734 952.679 501.698 450.981 84.1202 2702.85 213.641 36.6956 746.215 336.545 286.681 59.4947 1.33484 134.773
internal_count=948894 483161 9876 473285 90270 383015 65283 465733 4331 2396 461402 7409 453993 185147 71514 113633 21045 268846 149838 119008 9975 92588 10914 884 39752 19672 11534 2633 292 7146
is_linear=0
shrinkage=0.1


Tree=118
num_leaves=31
num_cat=0
split_feature=14 13 15 11 41 13 15 21 24 14 24 19 11 13 18 10 30 48 10 29 28 4 42 7 37 43 7 47 28 10
split_gain=8.18623 36.9182 47.3937 24.8167 18.8313 15.7511 40.3736 54.7097 45.6383 36.9075 28.7366 28.5899 28.8956 24.4963 25.7298 41.0219 22.8142 38.6044 31.3797 26.6338 28.8369 25.5628 28.7017 23.2575 22.5929 21.9335 38.4614 26.0016 26.0277 25.2997
threshold=4.5000000000000009 0.45227272808551794 0.70042735338211071 0.78442206978797924 0.98213714361190807 0.15075758099555972 0.32015624642372137 1.0000000180025095e-35 0.31447507441043859 1.5000000000000002 0.57142856717109691 1.0000000180025095e-35 0.68541964888572704 0.0745370388031006 1.0000000180025095e-35 0.68148222565650951 0.72053503990173351 0.19397452473640445 0.77222415804862987 0.5219152867794038 0.58571431040763866 0.39369100332260137 0.28801843523979193 0.56711712479591381 1.0000000180025095e-35 0.74777555465698253 0.81909090280532848 0.20046404004096988 0.58571431040763866 0.8237408995628358
decision_type=2 2 2 2 2 2 2 2 2 2 2 2 2 2 2 2 2 2 2 2 2 2 2 2 2 2 2 2 2 2
left_child=5 2 -2 -3 -4 6 -1 -8 -9 13 16 25 -13 -10 -15 -16 17 21 -19 -18 -21 22 -7 -23 -25 27 29 -12 -29 -27
right_child=1 3 4 -5 -6 10 7 8 9 -11 11 12 -14 14 15 -17 19 18 -20 20 -22 23 -24 24 -26 26 -28 28 -30 -31
leaf_value=0.0016184990978159377 -0.0022505948072309651 0.029464187071327242 -0.063275072335996038 -0.003119225654099513 -0.19054933514543021 0.024077523302575496 -0.086106380579616781 -0.071310143003586374 -0.047135140659452943 -0.040591276902630868 -0.028997137252770713 -0.088497935480117973 0.060723087319218196 0.11169725171228367 -0.048538168243235959 0.10241226756202503 0.099499316691531822 -0.024814476598940996 0.039609407548279865 -0.025045832992016084 0.038284934137848357 0.10138427273021791 -0.042067368191136878 0.051464578562968183 -0.0060308501093873966 0.10070611471218818 -0.0093862760141996144 -0.010021583348739272 0.056068484530522412 0.022206929002226712
leaf_weight=2522.2847307754564 218.12789635714944 255.61468493592838 157.62477740321992 2732.6642579365143 12.550778923468895 202.79718698161014 128.34399280373691 85.621349555607594 25.273855852254201 81.04088738219798 579.45771924160363 14.691101540098314 111.21527453695307 55.685955876389926 38.918142073838681 33.499718344770372 54.882949441533128 403.95574021165339 93.014608889872761 89.671494298818288 362.75447130675093 56.143213407671283 96.970029010299186 194.42913271322323 105.3918350750173 54.942877544046496 439.00009050392691 235.83315192375449 79.735606482165167 162.44928361868369
leaf_count=135125 21864 18675 51606 149316 556 26768 84799 68464 15625 19603 17172 535 6465 3525 12248 2673 2455 133982 29623 3131 14776 4607 42179 22565 5288 2579 33851 7378 2994 8467
internal_value=-0.00012751 -0.00410134 -0.0331086 -0.00033207 -0.0726618 0.00199962 -0.0032968 -0.0309467 -0.00882632 0.0139959 0.00671413 -0.00251721 0.0433116 0.0428384 0.0605894 0.0212899 0.0160418 0.00826453 -0.0127567 0.0337131 0.0257327 0.0241962 0.00268068 0.0423151 0.031254 -0.00623647 0.00764788 -0.0164189 0.00667757 0.0420465
internal_weight=9684.59 3376.58 388.303 2988.28 170.176 6308 2970.67 448.384 320.04 234.419 3337.34 1677.33 125.906 153.378 128.104 72.4179 1660.01 1152.7 496.97 507.309 452.426 655.731 299.767 355.964 299.821 1551.42 656.392 895.026 315.569 217.392
internal_count=948894 242017 74026 167991 52162 706877 342062 206937 122138 53674 364815 79441 7000 34071 18446 14921 285374 265012 163605 20362 17907 101407 68947 32460 27853 72441 44897 27544 10372 11046
is_linear=0
shrinkage=0.1


Tree=119
num_leaves=31
num_cat=0
split_feature=20 14 13 15 12 10 13 10 47 3 29 35 29 36 39 10 45 45 31 49 10 49 29 51 31 30 44 12 31 31
split_gain=7.98914 8.09783 34.1006 46.6629 24.1382 23.3579 20.2615 22.4071 18.7008 31.2046 21.9673 21.4947 18.822 18.7992 17.2522 19.2265 16.6691 16.2531 21.701 15.3814 30.2972 20.3108 15.8582 22.3374 22.0528 26.182 17.5018 24.8352 17.1903 21.0992
threshold=1.0000000180025095e-35 3.5000000000000004 0.2639319002628327 0.44865803420543676 0.9190867841243745 0.65239593386650097 0.35857143998146063 0.8201902210712434 0.073663156479597106 0.99523812532424938 0.93141421675682079 1.0000000180025095e-35 0.3526292890310288 1.0000000180025095e-35 0.88194444775581371 0.94261676073074352 0.12194296717643739 0.3367536067962647 5.619941473007203 1.5000000000000002 0.71303892135620128 12.500000000000002 0.90507152676582348 0.86706823110580455 7.888848304748536 0.98690816760063182 0.37281441688537603 0.73350086808204662 8.1992154121398944 6.3625564575195321
decision_type=2 2 2 2 2 2 2 2 2 2 2 2 2 2 2 2 2 2 2 2 2 2 2 2 2 2 2 2 2 2
left_child=-1 4 3 -3 19 -4 7 -7 10 11 12 -10 -8 -12 15 -13 -14 -16 -19 22 21 -21 -2 24 25 -24 27 -25 29 -28
right_child=1 2 5 -5 -6 6 8 -9 9 -11 13 14 16 -15 17 -17 -18 18 -20 20 -22 -23 23 26 -26 -27 28 -29 -30 -31
leaf_value=-0.10635423171383468 0.0017622724031622018 0.021342792224276874 0.030815517070581597 -0.082328760889014835 0.044764993741900544 -0.050928801703078889 0.045229627819164793 0.029298118349300219 0.010526459648186126 0.056788775465342223 0.080422283148109411 -0.020680547970036784 -0.012381347801522986 -0.00085717483292795495 -0.01451283772092345 -0.10305908030713139 -0.04510093422042713 0.0039111561583130361 0.079164374806337534 -0.010847439270890782 0.022857424795239709 -0.066345944446262767 0.544648552665145 0.065517530709136365 0.053670940972338467 0.11743799902052116 -0.0080815321407537288 -0.0062996825027538395 -0.016870402571145162 0.056948380452781423
leaf_weight=7.0754195166391574 2699.6085672494919 68.081661685217114 215.7355710431184 119.83815039498222 133.14963447486662 160.83511235076367 49.903853766008979 44.430455772468122 1280.9063964913403 105.30230907213991 45.55354552980134 179.04951828566118 1002.8019389244 75.818119853858661 570.2469239110651 33.65742102562217 184.32194154750323 512.98106028523034 41.414064682685421 1079.0468301902692 272.32722700856903 70.234576204326004 2.0200066711986429 121.72725641717261 62.179393784812419 4.9497610399266705 104.35039233833959 79.664399667359248 235.21696798905032 95.604235190112377
leaf_count=1392 339105 4051 16118 46105 7402 35833 1903 5219 96804 14726 46601 7784 36135 9740 30502 914 5818 14336 1114 155494 31067 17069 93 6088 1020 229 4562 7568 2626 1476
internal_value=-0.000132181 -5.43062e-05 -0.00303294 -0.0447695 0.00276266 -0.00129116 -0.00290679 -0.0335634 -0.00136519 0.00341495 -0.0109493 0.00126834 -0.0149326 0.0296489 -0.00759905 -0.0337156 -0.0174616 -0.00265954 0.00953267 0.00160404 -0.00713275 -0.014239 0.00525136 0.0185984 0.072578 0.241254 0.0127346 0.0371088 0.00145458 0.0230112
internal_weight=9658.03 9650.96 4690.88 187.92 4960.08 4502.96 4287.22 205.266 4081.96 2723.56 1358.4 2618.26 1237.03 121.372 1337.35 212.707 1187.12 1124.64 554.395 4826.93 1421.61 1149.28 3405.32 705.712 69.1492 6.96977 636.563 201.392 435.172 199.955
internal_count=948894 947502 373703 50156 573799 323547 307429 41052 266377 166180 100197 151454 43856 56341 54650 8698 41953 45952 15450 566397 203630 172563 362767 23662 1342 322 22320 13656 8664 6038
is_linear=0
shrinkage=0.1


Tree=120
num_leaves=31
num_cat=0
split_feature=44 45 42 50 12 15 14 13 15 12 13 11 31 25 48 44 6 13 39 15 18 15 11 12 14 10 16 42 27 43
split_gain=7.73747 10.3597 14.4722 10.2776 10.4864 53.093 27.5672 32.8119 57.932 21.1114 20.8011 19.9652 17.4964 20.3665 17.9263 17.7064 17.1826 17.0787 16.626 16.5751 16.637 16.3618 16.1017 27.7693 38.7343 15.5878 15.3017 14.9928 20.469 14.7317
threshold=0.88888886570930492 0.40890996158123022 0.9136645793914796 3.5000000000000004 0.46349540352821356 0.25074850022792822 2.5000000000000004 0.2419017776846886 0.54449945688247692 0.68194955587387096 0.050641026347875602 0.52954608201980602 9.5042500495910662 1.0000000180025095e-35 0.32712295651435858 0.28829552233219152 4.5000000000000009 0.21132376790046695 0.41428571939468389 0.4355637133121491 1.0000000180025095e-35 0.28821194171905523 0.29800449311733251 0.37155498564243322 1.5000000000000002 0.71777120232582103 0.44949495792388922 0.10668563470244409 229.50000000000003 0.3561700731515885
decision_type=2 2 2 2 2 2 2 2 2 2 2 2 2 2 2 2 2 2 2 2 2 2 2 2 2 2 2 2 2 2
left_child=3 -2 -3 4 5 22 12 8 9 -8 -7 -9 14 26 27 25 -13 -10 21 20 -15 -11 -1 -24 -25 -16 -14 28 -6 -28
right_child=1 2 -4 -5 6 10 7 11 17 18 -12 16 13 19 15 -17 -18 -19 -20 -21 -22 -23 23 24 -26 -27 29 -29 -30 -31
leaf_value=-0.0023117817876084122 -0.016024723886715077 0.0047782620953285004 0.044089535406052316 -0.056621072898435057 0.83224714800318245 -0.096048043667517291 0.055691819924156886 0.038944391995155744 -0.10198821144567807 0.079026409679400014 -0.02672428232379009 0.00067509285843663511 0.025579132196201178 0.1059817103325057 0.0085586653912065307 -0.029999928230993539 -0.031724124080425506 -0.035984553774004786 -0.064759969295374004 0.055291123513506284 0.43327150025607869 -0.014547502550356304 0.078725226603254428 1.8978454708397956 0.056584784086535417 0.13375731254956483 0.34795833287602479 0.019003742273969816 0.12628698023806414 0.085430366848982725
leaf_weight=1914.3106851870652 105.53549733932596 255.89259735124142 147.70299055372016 32.860149054529757 0.49594301410252173 82.740293843840846 58.356236186533351 132.62980102049914 95.748808934715271 24.241920549095084 90.764398646031623 5336.0298318799669 214.67474293927444 2.937166424962923 72.267705949823721 177.20480337342815 168.86970209013816 66.382442303733114 46.6625463886121 7.0605612873332575 3.2960411827079952 81.536010463049024 1.542015299637568 0.2258055035417782 0.23126981827954296 11.531350658180598 2.4880323607358177 487.79611348115577 2.3898168272426119 15.170482252840882
leaf_count=86838 2286 20362 4145 4190 133 71772 7918 11858 49525 1097 66415 421399 10082 200 10215 77636 12102 17875 2011 350 62 7216 442 98 86 1135 106 58966 830 1544
internal_value=-0.000127186 0.0118706 0.0191649 -0.000796206 -0.000594569 -0.00681166 0.00125945 -0.00129541 -0.0300227 0.00454327 -0.0597831 0.000604921 0.0166567 0.0398274 0.0090853 -0.0120888 -0.000318794 -0.0749639 -0.0150371 0.160207 0.279048 0.00689753 -0.00201556 0.281641 0.966209 0.0257869 0.0329395 0.0203482 0.247612 0.12242
internal_weight=9639.58 509.131 403.596 9130.44 9097.58 2089.81 7007.77 6010.46 372.928 210.797 173.505 5637.53 997.313 245.627 751.686 261.004 5504.9 162.131 152.44 13.2938 6.23321 105.778 1916.31 1.99909 0.457075 83.7991 232.333 490.682 2.88576 17.6585
internal_count=948894 26793 24507 922101 917911 225651 692260 531001 85642 18242 138187 445359 161259 12344 148915 88986 433501 67400 10324 612 262 8313 87464 626 184 11350 11732 59929 963 1650
is_linear=0
shrinkage=0.1


Tree=121
num_leaves=31
num_cat=0
split_feature=27 4 43 18 43 12 42 2 30 30 24 24 12 6 12 12 16 32 12 13 10 31 1 27 41 13 15 16 6 42
split_gain=7.5896 11.3472 9.49766 38.616 19.1632 13.3916 25.7916 32.9458 27.4861 14.2109 12.5726 16.3411 23.738 18.6606 16.2875 14.2444 14.5103 16.2923 14.1761 13.9297 13.6907 30.2843 13.4448 13.9894 13.2788 12.876 12.2674 11.6368 11.7037 11.546
threshold=708.50000000000011 0.61451047658920299 0.39239132404327398 1.0000000180025095e-35 0.36397199332714086 0.57214641571044933 0.86576575040817272 0.64826801419258129 0.51640921831130993 0.53572306036949169 0.57142856717109691 0.3372787237167359 0.98219570517539989 2.5000000000000004 0.96674564480781566 0.78589195013046276 0.080128207802772536 7.7636303901672372 0.66046389937400829 0.10762548446655275 0.83771398663520824 5.5235652923583993 0.74306172132492077 237.50000000000003 0.57294830679893505 0.11651583760976793 0.66257530450820934 0.64583334326744091 1.5000000000000002 0.15535444766283038
decision_type=2 2 2 2 2 2 2 2 2 2 2 2 2 2 2 2 2 2 2 2 2 2 2 2 2 2 2 2 2 2
left_child=2 -2 3 4 10 -5 9 8 -8 -7 11 20 13 15 -12 25 17 22 19 -15 -1 -22 23 -17 -23 -13 -21 -18 -29 -6
right_child=1 -3 -4 5 29 6 7 -9 -10 -11 14 12 -14 18 -16 16 27 -19 -20 26 21 24 -24 -25 -26 -27 -28 28 -30 -31
leaf_value=-0.00010597346206621484 -0.039378431011124752 -0.0035028342703559232 -0.0010419103402068129 -0.078994997797964345 0.1329811905228544 -0.040346890032383148 0.34855387540085486 0.085416013949946024 1.6962773448057462 0.053991033797306034 -0.0098018761966773161 -0.031969840218798479 -0.04182004084868856 -0.059470507566916478 -0.16521605389819535 0.5242361219671311 -0.01625209786908061 -0.059434356529908444 -0.039304984634956332 0.22543321547337927 0.02870575807077207 0.62664303277481415 0.10673157151650831 0.14601358023332039 0.10464087652847975 0.13780417794768993 0.02843403197651689 0.079132922030405325 -0.091281944928578385 0.033984227566297646
leaf_weight=878.75252073998308 118.0032139826435 348.64852602482279 7453.1075681725706 47.992444733101365 12.445919464807956 137.56146740041549 0.44424709652230276 10.1044426166045 0.22950092836981639 18.06483193270833 25.004639056154701 5.0856779052483025 34.315961329193669 5.760362748893388 9.2333922451434756 2.172931385634 31.360794383836037 2.818599244732467 34.404340095905354 6.4002908801048743 126.21892106075393 1.2189844617096235 4.956997562374454 1.778189130593091 0.81190007125405816 36.73439014520045 6.2456152787053725 41.733221565460553 4.4607719867781261 220.58150994748576
leaf_count=213688 40829 35855 372109 57725 308 162183 164 1806 86 5340 625 3406 782 4185 213 118 4381 596 869 611 14759 170 99 226 132 8737 2050 1335 311 15196
internal_value=-0.000134691 -0.0125748 0.000499063 0.00722768 0.0129285 -0.0324575 -0.0190356 0.130562 0.807633 -0.0293963 0.00805443 0.00972461 0.0345326 0.0487791 -0.0517143 0.068996 0.0464365 0.150112 -0.00140895 0.069425 0.00434846 0.0348697 0.216414 0.354018 0.417959 0.117158 0.128138 0.0307603 0.0626766 0.0392716
internal_weight=9626.65 466.652 9160 1706.89 1492.5 214.397 166.404 10.7782 0.673748 155.626 1259.47 1225.23 218.228 183.912 34.238 131.102 89.2815 11.7267 52.8106 18.4063 1007 128.25 8.90812 3.95112 2.03088 41.8201 12.6459 77.5548 46.194 233.027
internal_count=948894 76684 872210 500101 272797 227304 169579 2056 250 167523 257293 256455 27706 26924 838 19209 7066 1039 7715 6846 228749 15061 443 344 302 12143 2661 6027 1646 15504
is_linear=0
shrinkage=0.1


Tree=122
num_leaves=31
num_cat=0
split_feature=3 49 28 29 30 32 42 8 46 29 32 29 6 5 42 1 6 5 5 4 1 29 29 4 3 29 5 32 31 31
split_gain=7.35593 7.31011 7.43703 37.8683 42.5468 38.803 38.757 33.0216 30.8151 29.0335 27.2846 44.8332 29.0369 47.4239 58.9163 84.9006 56.1233 94.5348 45.9376 58.3939 91.2792 49.9724 44.5503 43.0458 67.0761 42.9656 39.6513 38.4285 37.8124 35.9919
threshold=1.0000000180025095e-35 36.500000000000007 0.64583334326744091 0.64689669013023388 0.84386560320854198 5.230680227279664 0.94826045632362377 1.5000000000000002 0.24444445967674258 0.39376124739646917 3.2679439783096318 0.50598835945129406 2.5000000000000004 0.47727273404598242 0.64932432770729076 0.85405990481376659 1.5000000000000002 0.32051283121109014 0.58571431040763866 0.7510683834552766 0.91734439134597789 0.56867057085037243 0.35735474526882177 0.61938297748565685 0.58898940682411205 0.37769094109535223 1.0000000180025095e-35 5.4356987476348886 8.8637833595275897 6.3625564575195321
decision_type=2 2 2 2 2 2 2 2 2 2 2 2 2 2 2 2 2 2 2 2 2 2 2 2 2 2 2 2 2 2
left_child=-1 2 3 4 10 6 -5 -8 -6 -10 11 -2 13 16 -15 -16 17 22 25 21 -21 29 23 26 -25 -14 -12 -26 -23 -20
right_child=1 -3 -4 5 8 -7 7 -9 9 -11 12 -13 18 14 15 -17 -18 -19 19 20 -22 28 -24 24 27 -27 -28 -29 -30 -31
leaf_value=-0.12673082856473028 0.036225364982616096 -0.082694982536322875 0.0035044185477027599 -0.038816460277842572 0.04808183820318452 0.063037589602319796 -0.11239130494256887 0.039079185184535042 0.095094133803826433 -0.039118241326319476 -0.0027440387153807532 -0.099983092223385778 0.010274955239555886 0.076642741499505396 -0.085655933452299327 0.027646490987286776 -0.033542057913078148 0.057157149560966694 0.071050073183580018 -0.069960999361762602 0.016708984356164931 0.21596609225790109 -0.074538782085397104 0.092415203784376662 0.0602136997302338 -0.071492993945299649 -0.054798666060175652 -0.014936173294202316 0.058721175849576202 -0.024859580027663697
leaf_weight=4.5880457937819292 37.335938015588908 10.698464641118333 3730.9671756324387 613.07444289415434 303.8069924878655 49.754443417019502 16.399266729451483 117.62922341757076 19.771139190255781 87.235305617985432 1365.2121373891896 68.503063037569518 90.940069318297901 179.51201542323906 78.461087398776726 420.98431691696896 468.44546057221669 296.48388694375171 61.290555760460848 216.02584501667297 277.75653321364371 22.849135984564782 83.999694016147259 115.64597638327905 92.052011430721905 219.05742202587862 163.89953363420136 260.91097443144099 46.240840310405474 108.20323354063294
leaf_count=403 3053 1556 246148 25075 15282 2086 250 7922 1830 5035 260521 7688 12020 9170 6754 20123 96531 20275 3947 14903 13361 1132 12325 15371 9579 11282 83211 35935 1487 4639
internal_value=-0.000140217 -7.98618e-05 1.20872e-05 -0.0022033 0.000973244 -0.0224724 -0.028167 0.0205458 0.0318276 -0.0143204 -0.00173876 -0.051934 -0.00057575 0.00375942 0.0275074 0.00984709 -0.00190474 0.004327 -0.0152387 -0.00158061 -0.0212084 0.0390419 -0.0031972 -0.000197447 0.0263188 -0.0475058 -0.00832357 0.00466276 0.110725 0.00982226
internal_weight=9627.73 9623.15 9612.45 5881.48 5084.62 796.857 747.103 134.028 410.813 107.006 4673.81 105.839 4567.97 3525.61 678.957 499.445 2846.65 2378.2 1042.36 732.366 493.782 238.584 2081.72 1997.72 468.609 309.997 1529.11 352.963 69.09 169.494
internal_count=948894 948491 946935 700787 665454 35333 33247 8172 22147 6865 643307 10741 632566 569795 36047 26877 533748 437217 62771 39469 28264 11205 416942 404617 60885 23302 343732 45514 2619 8586
is_linear=0
shrinkage=0.1


Tree=123
num_leaves=31
num_cat=0
split_feature=20 43 53 8 42 4 15 40 21 8 3 10 19 47 53 30 1 2 14 16 13 13 49 10 44 21 29 52 6 49
split_gain=7.21597 7.10776 14.23 13.6775 15.4001 13.7526 12.5068 12.3124 10.8907 10.6132 13.7966 9.67171 62.7136 19.6272 20.4271 15.4716 14.4858 15.4777 13.9683 34.7626 19.6179 17.6897 19.0875 22.067 17.533 17.6882 16.4743 19.6804 15.7315 15.4418
threshold=1.0000000180025095e-35 0.85967049002647411 0.58571431040763866 7.5000000000000009 0.81892699003219616 0.97014257311820995 0.98639392852783214 0.55351883172988903 1.0000000180025095e-35 2.5000000000000004 0.94174206256866466 0.91304436326026928 1.0000000180025095e-35 0.12991821765899661 0.58571431040763866 0.30398634076118475 0.83467578887939464 0.96449580788612377 6.5000000000000009 0.64583334326744091 0.57417583465576183 0.43874999880790716 1.5000000000000002 0.74462735652923595 0.79981598258018505 1.0000000180025095e-35 0.90507152676582348 0.88047617673873912 3.5000000000000004 1.0000000180025095e-35
decision_type=2 2 2 2 2 2 2 2 2 2 2 2 2 2 2 2 2 2 2 2 2 2 2 2 2 2 2 2 2 2
left_child=-1 11 7 4 -4 6 -5 -3 -8 10 -6 18 13 -13 -15 -14 -16 -18 21 -20 -21 22 26 24 25 -24 -2 -28 -26 -23
right_child=1 2 3 5 9 -7 8 -9 -10 -11 -12 12 15 14 16 -17 17 -19 19 20 -22 29 23 -25 28 -27 27 -29 -30 -31
leaf_value=-0.10606845050137177 0.00063942613599614036 0.15169377264091 0.1310296688665101 0.021790979244399114 -0.076399698078766218 -0.20388046954037833 -0.052132716443122201 -0.0210469270882645 0.081326840312951315 0.084625823381765955 0.040525493173196182 -0.031768788675961446 0.038059635232329136 -0.01057903734648169 -0.02969915203834101 0.1366911778178348 0.067593482187161269 -0.072216196986812295 -0.024619912844745236 -0.045071099802094672 0.018220133116744967 0.0029469666030250419 -0.040449831587620111 0.018196409221573191 -0.0081034429478742103 -0.011680820485950259 0.046016032955275565 0.0080673677877860332 0.037907375139419788 0.02629050393400641
leaf_weight=6.4274873168287732 3016.2362194487814 4.2524453010410062 20.421360791486222 248.74788773077307 14.514825472884693 2.963039191774441 42.780750566278584 139.00502507633064 7.1340962474641847 25.703821641320246 33.114189191364858 390.93013284691551 30.980231895620818 851.34310422921044 27.181127690259018 32.680814995343098 79.919851861312054 8.7891372360463702 651.46701994469186 55.391772545328422 422.68441897780212 611.17383105010958 326.3144699300301 248.97406613795829 294.70892903736967 619.34542745911494 180.21842782910244 565.41873570346797 99.365599727345398 528.35309587281154
leaf_count=1392 407962 302 4282 16734 651 186 4402 6965 930 8504 34446 18804 757 42114 885 961 4573 344 40185 3562 15151 40558 65951 27951 21612 109234 5645 18544 3181 42126
internal_value=-0.000147676 -7.66119e-05 0.0110831 0.0208668 0.0542275 0.0104973 0.0126242 -0.0159193 -0.033058 0.03284 0.00489283 -0.00074144 -0.00831284 -0.0128598 -0.00521726 0.0886928 0.034171 0.0537414 0.000671381 -0.00959172 0.010887 0.00245758 4.8252e-05 -0.00914256 -0.0142232 -0.021608 0.0039297 0.0172395 0.00349815 0.0137704
internal_weight=9586.54 9580.11 538.637 395.38 93.7542 301.626 298.663 143.257 49.9148 73.3328 47.629 9041.48 1421.82 1358.16 967.233 63.661 115.89 88.709 7619.65 1129.54 478.076 6490.11 5350.58 1588.71 1339.73 945.66 3761.87 745.637 394.075 1139.53
internal_count=948894 947502 77402 70135 47883 22252 22066 7267 5332 43601 35097 870100 68438 66720 47916 1718 5802 4917 801662 58898 18713 742764 660080 227929 199978 175185 432151 24189 24793 82684
is_linear=0
shrinkage=0.1


Tree=124
num_leaves=31
num_cat=0
split_feature=45 43 18 43 12 28 2 24 35 24 12 3 52 12 15 16 15 48 44 15 44 45 1 8 12 43 12 52 1 1
split_gain=6.66397 8.01136 32.0326 14.3513 13.4827 24.1538 20.6948 10.6846 13.6544 12.8256 15.9963 19.1636 14.566 11.541 16.283 17.5739 10.648 10.5511 21.3113 14.9913 31.3577 31.5503 18.8299 17.3864 10.9217 10.5047 16.847 18.5142 27.9045 40.0888
threshold=0.95565277338027965 0.39239132404327398 1.0000000180025095e-35 0.36397199332714086 0.57637089490890514 0.47727273404598242 0.47856706380844122 0.56206548213958751 1.0000000180025095e-35 0.34909091889858251 0.94925978779792797 0.84660631418228161 0.7510683834552766 0.66046389937400829 0.68498542904853832 0.23611111193895343 0.65126946568489086 0.055908948183059699 0.82389539480209362 0.87815481424331676 0.56891748309135448 0.5000000298023225 0.49406234920024877 8.5000000000000018 0.97603830695152294 0.70263326168060314 0.71865642070770275 0.80673456192016613 0.84886467456817638 0.93582671880722057
decision_type=2 2 2 2 2 2 2 2 2 2 2 2 2 2 2 2 2 2 2 2 2 2 2 2 2 2 2 2 2 2
left_child=1 2 3 7 -4 17 -7 9 -9 -1 11 -11 16 14 15 -13 -12 18 19 20 -6 22 -22 -23 -21 -3 -27 -28 -29 -30
right_child=-2 25 4 -5 5 6 -8 8 -10 10 12 13 -14 -15 -16 -17 -18 -19 -20 24 21 23 -24 -25 -26 26 27 28 29 -31
leaf_value=0.0043462057886314211 -0.02348907687587054 -0.0037554917786499168 -0.077964539951000708 0.033582730970754558 0.028762680761019468 0.59660590672135749 0.053876109634227835 0.01976198916101669 -0.10044812827966887 0.071559108625055365 0.13596716533701914 -0.039120937637772087 -0.23770923214476586 -0.050675945217926392 -0.037199337368043546 0.24032886827104419 -0.024555491721756448 -0.052143097717465114 1.0448321951377535 -0.054423812184739212 0.48571522042241083 1.0221077691893989 1.4719747725297763 -0.056015650952296707 0.22672658082921682 0.056564534326241214 0.014804537755235684 0.034834481413857775 -0.039992241820903301 0.00074680766747477244
leaf_weight=1019.4970676960766 120.63298058761939 5228.8077005640298 45.758128027868224 246.49472461359255 12.950523255851293 0.72104356122145219 27.431861683304305 17.535584383287642 20.490300192657742 104.18804031394393 4.6817596517794291 3.4675134115314012 2.9033693696255787 25.58363367250422 10.360653011863176 6.4113426672411151 35.211705571535276 96.594947926292662 0.19703339051920821 26.986197167090726 0.40733443354838428 0.17887678532861151 0.36889745955704711 0.91329140058951452 1.4562571363203449 59.800754280033289 845.29079509850271 169.65191449904523 308.25086960529734 1116.2336822617945
leaf_count=229204 66346 222759 58044 16020 4691 61 5219 400 512 13771 192 1048 115 625 4427 723 1017 143536 43 12763 85 154 96 487 99 2410 38069 11824 12338 101816
internal_value=-0.000134292 0.000164194 0.00635618 0.0115297 -0.0298358 -0.0167431 0.0677763 0.00718205 -0.0450134 0.00881924 0.032471 0.0478557 -0.0214556 -0.00603856 0.0503851 0.142241 -0.00571711 -0.0337328 0.00718775 0.00246181 0.0840156 0.466993 0.954426 0.120561 -0.0400289 -0.00120655 0.00412625 0.00284077 -0.00350302 -0.00806891
internal_weight=9559.46 9438.83 1710.79 1496.83 213.964 168.206 28.1529 1250.33 38.0259 1212.31 192.808 150.011 42.7968 45.8231 20.2395 9.87886 39.8935 140.053 43.4584 43.2614 14.8189 1.8684 0.776232 1.09217 28.4425 7728.04 2499.23 2439.43 1594.14 1424.48
internal_count=948894 882548 493332 268054 225278 167234 5280 252034 912 251122 21918 20594 1324 6823 6198 1771 1209 161954 18418 18375 5513 822 181 641 12862 389216 166457 164047 125978 114154
is_linear=0
shrinkage=0.1


Tree=125
num_leaves=31
num_cat=0
split_feature=14 16 31 35 10 43 10 29 10 19 30 16 39 39 16 16 31 48 10 15 42 43 44 48 27 12 39 16 46 10
split_gain=6.70063 11.2779 8.97713 8.95965 9.97835 8.8016 13.6515 10.8948 9.10304 64.6455 15.9156 15.5532 45.4665 28.0012 22.5937 18.4461 17.0184 41.7068 17.4571 26.0083 32.4587 16.0755 14.8821 14.8628 14.699 16.5539 28.1223 26.1542 22.6162 18.3665
threshold=13.500000000000002 0.86607143282890331 5.4074120521545419 1.0000000180025095e-35 0.88534858822822582 0.91196295619010936 0.84901741147041332 0.77549868822097789 0.91537627577781688 1.0000000180025095e-35 0.30398634076118475 0.31666667759418493 0.35416667163372045 0.26785714924335485 0.23611111193895343 0.23611111193895343 5.6338093280792245 0.087301582098007216 0.81370848417282116 0.81275406479835521 0.12701612710952762 0.7976762354373933 0.82389539480209362 1.0000000180025095e-35 793.50000000000011 0.75484192371368419 0.88194444775581371 0.38750000298023229 0.58081653714180004 0.65486395359039318
decision_type=2 2 2 2 2 2 2 2 2 2 2 2 2 2 2 2 2 2 2 2 2 2 2 2 2 2 2 2 2 2
left_child=5 3 -3 4 -2 8 7 -7 11 23 -11 13 -13 14 16 -15 17 22 -19 20 -20 24 -1 -10 25 29 -27 28 -28 -14
right_child=1 2 -4 -5 -6 6 -8 -9 9 10 -12 12 21 15 -16 -17 -18 18 19 -21 -22 -23 -24 -25 -26 26 27 -29 -30 -31
leaf_value=0.022763190526136665 -0.03410976426548195 -0.0054963178907438889 0.059730481226856459 -0.081221284096916271 0.018620222276853289 -0.078013185066969803 0.049449612419672613 0.020579950409421337 -0.0037684876028289739 0.032811603537562871 0.13121499270248957 0.089609019427474956 0.045439858787660325 -0.093265756363243343 0.10428248563141636 -0.021715445248735834 0.0017220470567356446 -0.035097230933125015 1.0840781687390113 -0.033544664635102514 0.10023425484225619 0.02922392033630003 0.53048509553207945 -0.025286112233936561 -0.043385647219084451 -0.015827006765029947 0.069387639298869153 0.0076885243247183698 0.33764635246985675 0.0049092885534172785
leaf_weight=198.44404967660012 133.3620098070096 79.536787460267078 28.718944527237909 27.426548448071117 49.10032665685867 18.215491148963338 86.459543043951271 29.133964357024524 825.05316829164076 29.018834449991118 37.90654679981526 66.31665833569059 183.64200786352012 46.456594739995126 20.593475357065472 160.56148533891974 4296.4033470521972 483.52898138800265 0.34134887529944791 27.635601857102301 19.033357579122821 257.89510498820891 0.57899739271670014 525.4394430948123 66.798962108572596 686.54921447850211 30.771974242321448 852.26070548058851 3.5002409410953979 285.81275972658113
leaf_count=32413 2946 2307 6831 542 1129 728 30073 8556 36867 711 1388 5995 46504 13213 2165 21432 285508 216528 114 29786 5789 30279 68 38103 10232 27485 1117 41837 240 48008
internal_value=-0.000139766 -0.0144088 0.0118076 -0.0279305 -0.0199202 0.000351621 0.0258123 -0.0173492 -2.25733e-05 -0.00738629 0.0885473 0.00133521 0.00794421 -0.00172619 -0.000247534 -0.0377719 -0.000675837 -0.014797 -0.0294412 0.0287345 0.117568 0.00565641 0.0242403 -0.0121404 0.00277497 0.0042846 -0.000633377 0.0111329 0.0967851 0.0207641
internal_weight=9556.5 318.145 108.256 209.889 182.462 9238.35 133.809 47.3495 9104.54 1417.42 66.9254 7687.12 2433.55 5253.58 5046.56 207.018 5025.97 729.562 530.539 47.0103 19.3747 2367.23 199.023 1350.49 2109.34 2042.54 1573.08 886.533 34.2722 469.455
internal_count=948894 13755 9138 4617 4075 935139 39357 9284 895782 77069 2099 818713 211697 607016 572371 34645 570206 284698 252217 35689 5903 205702 32481 74970 175423 165191 70679 43194 1357 94512
is_linear=0
shrinkage=0.1


Tree=126
num_leaves=31
num_cat=0
split_feature=1 7 1 4 7 4 42 8 29 31 29 28 30 7 42 51 8 1 40 28 1 4 29 30 30 29 30 4 2 12
split_gain=6.56767 8.61602 7.89939 17.8433 14.7782 20.7721 53.1898 42.9209 28.2354 52.4421 34.0083 63.2978 28.6571 26.8217 33.5441 38.035 31.8068 26.8868 26.1173 25.602 22.9883 21.9391 20.6846 28.1566 27.9633 30.6605 20.2867 18.3554 25.3863 18.2243
threshold=1.0000000180025095e-35 0.48749218881130224 0.41718041896820074 0.13446327298879626 0.30583900213241583 0.39369100332260137 0.31698563694953924 17.500000000000004 0.031089915893971923 1.7195520401000979 0.15794205665588382 0.19090909510850909 0.14919523894786837 0.55646631121635448 0.65166836977005016 0.69860392808914196 13.500000000000002 0.82205018401145946 0.33508771657943731 0.12916667014360431 0.71186858415603649 0.65030118823051464 0.23867040872573855 0.38965688645839697 0.46358464658260351 0.28678897023200994 0.32663346827030187 0.52027395367622387 0.61311829090118419 0.59277871251106273
decision_type=2 2 2 2 2 2 2 2 2 2 2 2 2 2 2 2 2 2 2 2 2 2 2 2 2 2 2 2 2 2
left_child=1 -1 -2 -4 -5 6 7 -6 13 -10 12 -12 -11 16 17 -16 20 27 -13 26 -7 -19 23 -20 -24 -26 -14 28 -15 -21
right_child=2 -3 3 4 5 8 -8 -9 9 10 11 18 19 14 15 -17 -18 21 22 29 -22 -23 24 -25 25 -27 -28 -29 -30 -31
leaf_value=-0.1081784859609749 0.02048255143419625 0.11385817064270512 -0.069194936911402161 0.027786600953856763 0.026128594428537266 0.19743792791551401 -0.056590907578929928 -0.044181483014970969 -0.072472513778646969 -0.071356837960388872 -0.097211262529500159 0.17985298014120804 0.037592824283306035 -0.035992779905949124 0.071129817652087313 -0.032536260040537265 0.029910058970679776 -0.16862134050572733 -0.011643991271227314 -0.075160578411754136 -0.0096028740308236465 0.02422996732515913 -0.038388444485948719 0.066094256982715413 0.054365623490320272 -0.00074788256244633967 -0.19784343168943874 0.035264289287531343 0.19739411316062735 0.10150418160195523
leaf_weight=10.673182086298764 183.95223511874428 2.0898610489530247 37.597298440723534 185.37697986379862 272.96754168684492 25.010137992947424 229.85578406767854 127.31923696239937 101.02890058607591 16.5097289354635 67.510022688133176 8.0694917829787283 10.108472258574691 111.38117620422418 136.36756118304766 47.797602798134903 61.508743114682147 18.386570113339989 82.132254758987983 6.2551961355165977 6.8266719395978717 8.6855139876570302 194.55244205296003 107.67249122113572 102.37751679750363 7188.7902961224354 5.7369744890675056 83.35211291293308 4.8641843183831943 87.793270896356262
leaf_count=814 20650 168 2829 16699 32495 1870 85114 36641 64746 8604 33199 1138 3218 39451 15942 5022 9446 1296 16283 6600 706 710 36735 9962 11307 468025 488 10000 282 8454
internal_value=-0.000134971 -0.0718215 -3.88615e-05 -0.000443213 -0.000165216 -0.000733822 -0.0182509 0.00376506 0.000567439 -0.000882871 3.52644e-05 -0.000803801 0.051487 0.0235183 0.0125241 0.0442247 0.0719062 -0.0132321 4.32596e-05 0.0699422 0.153043 -0.106749 -0.000145779 0.0324554 -0.000972401 2.5983e-05 -0.0476488 -0.000548122 -0.0262269 0.0897541
internal_weight=9532.55 12.763 9519.79 9335.83 9298.24 9112.86 630.143 400.287 8482.72 7978.54 7877.51 7751.1 126.404 504.18 410.835 184.165 93.3456 226.67 7683.59 109.894 31.8368 27.0721 7675.53 189.805 7485.72 7291.17 15.8454 199.597 116.245 94.0485
internal_count=948894 982 947912 927262 924433 907734 154250 69136 753484 668759 604013 576649 27364 84725 72703 20964 12022 51739 543450 18760 2576 2006 542312 26245 516067 479332 3706 49733 39733 15054
is_linear=0
shrinkage=0.1


Tree=127
num_leaves=31
num_cat=0
split_feature=20 14 13 15 12 10 6 40 29 42 1 1 2 42 30 52 28 30 14 36 29 7 30 10 13 15 21 24 14 12
split_gain=6.42542 6.48794 27.1993 48.0738 19.3549 18.6289 14.5392 26.7297 47.7246 25.2449 33.6843 21.8662 15.6736 29.952 26.7765 23.5928 14.2144 15.2792 23.8202 14.0109 13.1957 27.0944 17.1293 12.8975 20.1998 30.2665 47.7364 36.114 27.7711 25.0142
threshold=1.0000000180025095e-35 3.5000000000000004 0.28348214924335485 0.68824186921119701 0.9190867841243745 0.67368239164352428 3.5000000000000004 0.92221263051033031 0.79683136940002453 0.83457714319229137 0.94997775554656994 0.89333844184875499 0.94360819458961498 0.86729556322097789 0.61645361781120311 0.80186918377876293 0.72077924013137828 0.52622318267822277 6.5000000000000009 1.0000000180025095e-35 0.63554948568344127 0.93969696760177623 0.85047727823257457 0.90605106949806224 0.15075758099555972 0.32015624642372137 1.0000000180025095e-35 0.31447507441043859 1.5000000000000002 0.72423115372657787
decision_type=2 2 2 2 2 2 2 2 2 2 2 2 2 2 2 2 2 2 2 2 2 2 2 2 2 2 2 2 2 2
left_child=-1 4 3 -3 23 -4 12 9 -9 11 -11 -8 13 -7 -14 -15 17 -17 20 -16 22 -22 -19 24 25 -2 -27 -28 -29 -26
right_child=1 2 5 -5 -6 6 7 8 -10 10 -12 -13 14 15 19 16 -18 18 -20 -21 21 -23 -24 -25 29 26 27 28 -30 -31
leaf_value=-0.10580031528939955 0.0016616895443288913 -0.0053379489776896752 0.023529538377445702 -0.10485260113993547 0.04018492671561353 -0.0031624386204150675 -0.037477540611964358 0.10800955863990368 -0.020898086254496875 -0.091013411854076826 -0.0045809105723473029 0.034563116250315294 -0.078643100829620505 0.13264576154934765 0.076520484608476325 -0.0085259882073101517 -0.0095296388451137151 0.025766278529281369 0.075778020367879007 -0.022812824487221897 0.036020897930428945 -0.091584802709864702 0.16433093132584897 -0.022593854894651186 0.028576754348940928 -0.083771687362044434 -0.067021552880752372 0.037937418395696025 -0.036335319216057684 0.0025629361127968938
leaf_weight=5.7516022401559885 2500.9095636054881 154.12679753673729 288.50714266008799 70.862923176680852 132.2974290926395 2942.5015700910462 93.376018003022182 41.761175145002198 91.969254712843394 117.85404362471309 73.029165469102736 76.773976735683391 66.920269069938513 18.900575200750609 22.071651428857876 83.877396475618298 130.41053550814104 90.625154356057465 112.37877649589791 39.812587574793724 39.633483997298754 28.680540904868394 9.8955901695298945 213.82554396059277 558.95930682919607 110.63401101996897 75.109458573706434 150.08341047725844 75.751853624449723 1091.3528079566531
leaf_count=1392 133917 20703 23700 38343 7402 189244 4082 2908 25645 2770 3126 2442 1499 709 21647 2786 14064 4743 7781 3940 2517 431 623 17666 105789 83647 67456 34023 18909 104990
internal_value=-0.000136816 -7.28636e-05 -0.00277386 -0.0366812 0.00245484 -0.00102774 -0.00276404 -0.0188336 0.019357 -0.0329798 -0.0579456 -0.00497182 -0.000546733 0.000729466 -0.0347979 0.0229921 0.0188094 0.0289321 0.0401047 0.0126154 0.0163601 -0.0175523 0.039407 0.00140984 0.00253472 -0.0024738 -0.0276026 -0.00695358 0.0130241 0.0113738
internal_weight=9508.64 9502.89 4593.97 224.99 4908.92 4368.98 4080.47 494.764 133.73 361.033 190.883 170.15 3585.71 3456.9 128.805 514.402 495.501 365.091 281.214 61.8842 168.835 68.314 100.521 4776.63 4562.8 2912.49 411.579 300.945 225.835 1650.31
internal_count=948894 947502 373703 59046 573799 314657 290957 40973 28553 12420 5896 6524 249984 222898 27086 33654 32945 18881 16095 25587 8314 2948 5366 566397 548731 337952 204035 120388 52932 210779
is_linear=0
shrinkage=0.1


Tree=128
num_leaves=31
num_cat=0
split_feature=49 46 29 32 40 4 43 47 29 40 42 29 1 32 42 18 3 27 43 15 42 31 8 43 6 7 31 19 49 32
split_gain=6.31523 6.32544 20.0285 25.0425 30.5799 22.8714 18.4984 14.2833 19.4926 13.7038 13.6337 11.8959 22.9708 21.3498 20.1388 14.4765 11.2044 14.8916 11.0791 13.2473 23.138 17.629 21.8457 17.2281 15.8201 15.1246 14.2654 32.3476 16.2963 13.5587
threshold=27.500000000000004 1.0000000180025095e-35 0.67496943473815929 4.2053833007812509 0.86240702867507946 0.64326763153076183 0.52986019849777233 0.16160520911216739 0.38040401041507726 0.97014257311820995 0.9381377398967744 0.77954727411270153 0.87665396928787243 1.0000000180025095e-35 0.85504204034805309 1.0000000180025095e-35 0.9569842815399171 211.50000000000003 0.91196295619010936 0.68824186921119701 0.86425063014030468 6.5419886112213144 7.5000000000000009 0.5000000298023225 1.5000000000000002 0.8989795744419099 8.2617969512939471 1.0000000180025095e-35 1.0000000180025095e-35 1.7195520401000979
decision_type=2 2 2 2 2 2 2 2 2 2 2 2 2 2 2 2 2 2 2 2 2 2 2 2 2 2 2 2 2 2
left_child=1 2 3 4 -1 -4 10 -8 16 -3 -5 12 13 14 -7 -16 17 -9 19 23 -21 -22 25 24 -13 -23 28 -28 -26 -27
right_child=-2 9 5 6 -6 11 7 8 -10 -11 -12 18 -14 -15 15 -17 -18 -19 -20 20 21 22 -24 -25 26 29 27 -29 -30 -31
leaf_value=0.0010476697049359408 -0.054978123462254481 -0.0011394025830764075 0.072274848130872302 0.021528716323185024 0.11240603287685609 -0.038409750518487502 -0.021441066505710121 0.08621082221033971 0.07278186076898209 -0.054171378118009053 0.089106688442974452 -0.065518380388140507 -0.042511181742541197 -0.043713575672204449 0.11242050930787417 0.33819600739610411 -0.080658369488206136 -0.023122829815887563 0.059667323623896755 0.023288856903732641 -0.063300530122525567 0.11183784271915334 -0.040142928885684465 0.032921157217509246 0.065206994797067694 0.014589836433458091 0.18439729969849544 -0.015885172892025526 0.007372465161329585 -0.10774646670705608
leaf_weight=42.293941533192992 20.948223417990448 7044.7456413744912 42.030472952937998 115.20927666472562 59.144853987090755 5.2864623672794613 178.74772814387688 18.354237527382793 47.749455145050888 49.065764549435698 40.295930950516777 35.761997783418337 151.73939289330156 13.203448768283122 7.7485414016700798 4.4830568250035867 16.912652966741007 38.775884617789416 30.940422313433373 123.40357344729273 97.137878171943157 14.66943737817928 146.89806708101969 188.90019567291893 55.590226909102057 104.5294294344385 8.2387998870399297 380.33385712603922 394.27441969584106 9.919282677525187
leaf_count=954 3734 773794 5412 4405 2470 108 5204 612 2556 3267 1253 9639 3286 782 494 61 273 968 29597 12629 19253 1671 3341 12484 883 25599 584 3966 19477 138
internal_value=-0.000132639 -1.12706e-05 0.00445848 0.0210371 0.0659762 -0.000633443 0.0110412 -0.00344603 0.0229643 -0.00150621 0.0390401 -0.00236174 -0.0265459 0.0523094 0.124682 0.19517 -0.00916256 0.0120029 0.000412483 -0.000763012 -0.014248 -0.0266616 -0.0137674 0.00553564 -0.000381925 0.0162401 0.00239635 -0.0116386 0.0145191 0.00398694
internal_weight=9487.33 9466.38 2372.57 557.484 101.439 1815.09 456.045 300.54 121.792 7093.81 155.505 1773.06 182.461 30.7215 17.5181 12.2316 74.0428 57.1301 1590.6 1559.66 496.558 373.154 276.016 1063.1 874.199 129.118 838.437 388.573 449.865 114.449
internal_count=948894 945160 168099 18695 3424 149404 15271 9613 4409 777061 5658 143992 4731 1445 663 555 1853 1580 139261 109664 62631 50002 30749 47033 34549 27408 24910 4550 20360 25737
is_linear=0
shrinkage=0.1


Tree=129
num_leaves=31
num_cat=0
split_feature=31 6 48 29 29 3 24 29 30 17 16 4 32 45 16 10 32 24 44 44 3 12 32 30 30 29 41 2 3 11
split_gain=6.06379 17.2027 14.3759 13.3705 13.5713 14.7651 12.0478 19.8601 13.0935 11.5436 15.5134 10.4807 9.38741 11.255 9.07635 11.2264 8.88223 8.77697 8.25059 15.4279 16.3881 14.4268 10.6961 10.8711 10.6787 10.7182 8.36839 9.79333 8.00233 7.91043
threshold=10.106236934661867 1.5000000000000002 0.062517911195755019 0.57656270265579235 0.45835970342159277 0.74646767973899852 0.73779934644699108 0.69259262084960949 0.92469578981399547 1.5000000000000002 0.44949495792388922 0.96511158347129833 4.7848236560821542 0.029921978712081913 0.64583334326744091 0.92280027270317089 8.1992154121398944 0.74392664432525646 0.49782876670360571 0.70053678750991832 0.88493067026138317 0.79256790876388561 1.7195520401000979 0.98690816760063182 0.74993684887886058 0.72224462032318126 0.82891982793807995 0.81661394238471996 0.77836257219314586 0.99004951119422924
decision_type=2 2 2 2 2 2 2 2 2 2 2 2 2 2 2 2 2 2 2 2 2 2 2 2 2 2 2 2 2 2
left_child=-1 3 6 4 5 16 29 8 11 10 18 -8 13 17 -11 28 -2 -9 21 -20 24 -4 23 -22 -21 -26 27 -25 -16 -3
right_child=1 2 9 -5 -6 -7 7 12 -10 14 -12 -13 -14 -15 15 -17 -18 -19 19 20 22 -23 -24 26 25 -27 -28 -29 -30 -31
leaf_value=-0.0011961993485480871 -0.044055389000763258 -0.025788575922150343 0.040753652737626017 -0.013920331923486873 0.14037107797465873 0.10332328977220136 0.034058947235075646 0.14381631369462308 0.12017518772287752 -0.084066757537080483 0.072966441452113603 -0.1161472474674848 0.10842323860460186 -0.061393002017971182 -0.14915665025516903 -0.19601069817944 0.068178017420083739 -0.0080432298543618459 -0.034049839678837367 0.032605135308900676 0.088772394008936217 6.6048722138440564e-06 -0.021889929634095653 0.00023277185344688234 0.19482100168696828 0.0036880641503939113 0.020315481183937497 -0.16249378746684429 0.057620023933905688 0.10368143833024655
leaf_weight=8029.6162457258615 19.360468548064095 284.536697568823 186.51031180063728 27.136349736814736 19.231962965335697 22.737362663465319 73.86245177697856 3.9514501873054533 17.525576981206541 21.933161904162262 42.443652216952614 4.9570755920140064 5.8872429313050807 46.407839377854543 2.1112569773540661 2.3917884591282919 11.090977806765293 103.34212662719074 96.441011467410135 25.090726091089891 20.187929392850492 162.68134747765725 102.05749382614158 10.416723393660506 10.335481925081693 4.0969448746182016 95.038647185370792 5.7343454807996741 16.487941711267922 4.7987140606564926
leaf_count=881694 3617 7312 5892 1018 866 1203 3170 187 1263 461 5215 384 426 3028 50 443 2944 13952 3807 1952 201 4304 1233 151 261 63 934 81 2016 766
internal_value=-0.000121816 0.00583275 0.00287276 0.0459474 0.0683801 0.0423496 -0.00966113 0.00614355 0.0419956 0.0113736 0.0142194 0.0246123 -0.0155006 -0.0202473 -0.0390815 0.00792299 -0.00317791 -0.00245049 0.0107495 0.000331481 0.012479 0.0217704 0.00239675 0.0212633 0.0720278 0.140564 0.00900609 -0.0575424 0.0341481 -0.0236413
internal_weight=9478.4 1448.79 1349.23 99.5571 72.4208 53.1888 545.269 255.934 96.3451 803.959 761.035 78.8195 159.589 153.701 42.9241 20.991 30.4514 107.294 718.591 369.399 272.958 349.192 233.435 131.378 39.5232 14.4324 111.19 16.1511 18.5992 289.335
internal_count=948894 67200 57552 9648 8630 7764 30488 22410 4817 27064 24094 3554 17593 17167 2970 2509 6561 14139 18879 8683 4876 10196 2600 1367 2276 324 1166 232 2066 8078
is_linear=0
shrinkage=0.1


Tree=130
num_leaves=31
num_cat=0
split_feature=3 2 4 8 29 31 29 28 7 9 30 1 7 4 49 28 7 7 4 2 3 1 30 41 3 28 3 29 30 29
split_gain=6.01946 6.34041 25.586 26.3838 24.0063 44.3748 27.7753 54.7684 25.8657 23.6573 23.1226 23.061 34.4794 33.9732 20.6439 20.6285 20.3933 19.8434 34.6672 35.1047 30.5713 27.9665 18.1106 18.0014 20.8419 40.7994 24.5104 17.4567 23.9004 52.8364
threshold=1.0000000180025095e-35 0.26158231496810919 0.39369100332260137 44.500000000000007 0.031089915893971923 1.7195520401000979 0.15794205665588382 0.19090909510850909 0.9529346525669099 1.0000000180025095e-35 0.14919523894786837 0.64238673448562633 0.20169491320848468 0.17192117124795916 1.5000000000000002 0.12916667014360431 0.37965516746044164 0.48181217908859258 0.58204835653305065 0.59390470385551464 0.61633425951004039 0.78413566946983349 0.32663346827030187 0.51649147272109996 0.73375529050827037 0.37980769574642187 0.60097089409828197 0.23867040872573855 0.52870488166809093 0.36250083148479467
decision_type=2 2 2 2 2 2 2 2 2 2 2 2 2 2 2 2 2 2 2 2 2 2 2 2 2 2 2 2 2 2
left_child=-1 11 3 9 8 -6 10 -8 17 16 -7 12 13 -2 -10 22 -3 -4 20 -20 21 -19 -12 24 25 26 -9 -25 -29 -30
right_child=1 2 4 -5 5 6 7 23 14 -11 15 -13 -14 -15 -16 -17 -18 18 19 -21 -22 -23 -24 27 -26 -27 -28 28 29 -31
leaf_value=-0.1185558152761618 -0.11272319525520642 0.028866418238532796 0.088299970790253687 -0.073685870252497926 -0.06867788611408103 -0.066819710031212176 -0.093733154867663593 0.078756295156222567 -0.10268560356738735 0.064617158415632606 0.033439426873541782 0.1213019225457648 0.015486194153120518 0.036532798131667418 0.079866792834376713 0.080525997427057017 -0.033953623418677907 -0.0083609059863679024 0.089580187160407776 0.0092502770073131148 0.18054460078059525 -0.17718315315940417 -0.19494076254583739 0.029991692174150986 -0.0031431341654702982 0.17713396921201219 -0.066540814124411873 -0.022766386913834757 0.041044944043504367 -0.001796209876266795
leaf_weight=4.288754241730202 43.822908797417767 65.232205217333103 48.905119982715405 86.770392369775436 95.263315726297151 15.701228788719161 62.861100956974042 28.196486495566205 27.094913811877632 36.066430971201044 10.241876239451811 18.045520523824962 501.83558030864333 23.389556736787199 8.0306856691859121 94.159485446456529 248.67127398056982 178.23214922613261 106.22073948662364 111.51379387628549 8.1171962575499474 10.384177079627987 5.2532946361316126 181.06319110530603 72.181936046876217 24.701310135489621 19.736981333866424 490.34911034287143 301.12362308253796 6545.4057305984425
leaf_count=403 3973 5905 5175 61200 64734 8480 33188 5277 4883 952 3217 1040 62717 1893 1281 15044 56531 47611 12125 11546 744 879 490 23040 6851 1429 4563 68637 26822 408264
internal_value=-0.000111349 -5.77004e-05 -0.000723016 -0.0243246 0.000497596 -0.000837833 -1.46657e-05 -0.000772323 0.0217848 -0.0120861 0.0466794 0.0100071 0.00647775 -0.060783 -0.0609491 0.0629311 -0.020899 0.0280564 0.0209479 0.0484388 -0.00947763 -0.0176553 -0.0439878 -9.72321e-06 0.0349124 0.0727307 0.0189291 -0.000682422 -0.00143941 8.80271e-05
internal_weight=9472.86 9468.57 8881.48 436.74 8444.74 7946.24 7850.98 7725.62 498.499 349.97 125.356 587.094 569.048 67.2125 35.1256 109.655 313.903 463.373 414.468 217.735 196.734 188.616 15.4952 7662.76 144.817 72.6348 47.9335 7517.94 7336.88 6846.53
internal_count=948894 948491 878868 124588 754280 670036 605302 578071 84244 63388 27231 69623 68583 5866 6164 18751 62436 78080 72905 23671 49234 48490 3707 544883 18120 11269 9840 526763 503723 435086
is_linear=0
shrinkage=0.1


Tree=131
num_leaves=31
num_cat=0
split_feature=28 29 8 51 30 29 30 1 29 41 43 42 8 28 6 32 29 32 51 6 5 4 1 29 5 6 5 42 1 29
split_gain=6.05127 29.0755 32.8657 45.1346 39.7631 41.4222 32.0352 29.7959 50.3005 48.742 35.7544 33.6761 33.5901 28.5382 28.3307 27.592 39.2556 26.7812 25.7996 24.0169 41.9602 47.0767 76.1952 39.2425 38.8577 45.2282 71.504 44.9529 69.9994 38.1111
threshold=0.64583334326744091 0.64689669013023388 1.5000000000000002 0.78456193208694469 0.98690816760063182 0.79683136940002453 0.83151850104331981 0.84010359644889843 0.47926239669322973 0.87007671594619762 0.46885615587234503 0.82097071409225475 13.500000000000002 0.5634920895099641 1.5000000000000002 3.2679439783096318 0.48273408412933355 1.5308482050895693 0.77836257219314586 2.5000000000000004 0.58571431040763866 0.7510683834552766 0.91734439134597789 0.56867057085037243 0.47727273404598242 1.5000000000000002 0.32051283121109014 0.64932432770729076 0.85405990481376659 0.35735474526882177
decision_type=2 2 2 2 2 2 2 2 2 2 2 2 2 2 2 2 2 2 2 2 2 2 2 2 2 2 2 2 2 2
left_child=1 6 3 13 5 -4 15 11 -9 -10 -11 12 17 -3 -6 16 -1 -8 -2 24 -21 23 -23 -22 25 26 29 -26 -29 -17
right_child=18 2 4 -5 14 -7 7 8 9 10 -12 -13 -14 -15 -16 19 -18 -19 -20 20 21 22 -24 -25 27 -27 -28 28 -30 -31
leaf_value=0.03620842771997506 0.029108074230508194 -0.10143997682065203 -0.012385815512201668 -0.090392253325308494 0.012461601787489333 0.062575154463523061 0.20465477064934415 0.094871637397445779 -0.054188441450273676 -0.021875668419041899 0.1074805548869313 0.14987103686320299 0.006344088119066788 0.098631592220815134 -0.11575946887602971 -0.00026647098018718163 -0.10556834085103384 0.028450426569535898 0.00036597055708066179 -0.045898007712987542 0.0091481411977471835 -0.064884724546747735 0.01545274473692867 0.098616343997766878 0.067610440990029899 -0.030814436990522207 0.049516532695606442 -0.079389155348893209 0.025166011746031103 -0.070866205870612348
leaf_weight=29.540906736867328 344.3903159407455 10.107824059828998 449.60030050742353 120.01161881343432 25.087980339012574 88.173042780123069 18.291518393030856 51.529680779072805 128.2313342660018 42.410213770177506 43.064912126748823 33.52110688459652 94.05859192625212 24.195458032794704 55.031489157794567 1945.0521963829869 57.626472815500165 16.323374944171519 3351.9436742409653 296.33689785968818 167.58603378611588 207.29027878861962 274.24798114129953 69.297320203244453 179.76748914877317 454.60878336282258 296.79389383667876 75.538687077943905 420.39444819586788 79.590827640275165
leaf_count=2421 16718 348 23347 2931 1143 4260 540 2660 5385 3448 2546 1945 6057 937 2430 405159 7732 439 230335 23320 8585 14894 13333 2614 9170 96696 20301 6754 20114 12332
internal_value=-0.000113209 -0.00214156 -0.0201967 -0.0614783 -0.00988683 -9.52531e-05 0.000657482 0.0268332 0.00618671 -0.0151973 0.0432978 0.0605964 0.0373392 0.0396784 -0.0756093 -0.00179951 -0.0575204 0.121562 0.00304389 -0.00071207 -0.0142363 -0.00117638 -0.0191305 0.035321 0.00326384 -0.00197076 0.00367772 0.0247696 0.00924056 -0.00304182
internal_weight=9449.64 5753.31 772.208 154.315 617.893 537.773 4981.1 427.431 265.236 213.706 85.4751 162.195 128.673 34.3033 80.1195 4553.67 87.1674 34.6149 3696.33 4466.5 1014.76 718.422 481.538 236.883 3451.75 2776.05 2321.44 675.701 495.933 2024.64
internal_count=948894 701841 35396 4216 31180 27607 666445 23020 14039 11379 5994 8981 7036 1285 3573 643425 10153 979 247053 633272 62746 39426 28227 11199 570526 534488 437792 36038 26868 417491
is_linear=0
shrinkage=0.1


Tree=132
num_leaves=31
num_cat=0
split_feature=43 43 12 16 44 15 18 45 1 30 42 47 53 12 45 44 4 7 8 40 5 33 24 24 3 10 42 12 45 33
split_gain=6.21239 17.4312 20.3631 19.9744 19.7713 21.2863 20.0737 17.9402 20.6061 16.7709 15.2882 15.6522 14.6563 16.1637 14.3584 21.108 13.8203 17.9782 26.0598 16.8345 15.7987 13.7139 13.4644 12.9059 18.2148 12.7954 13.1658 22.1498 12.574 12.5028
threshold=0.70263326168060314 0.52986019849777233 0.62973192334175121 0.90454545617103588 0.21257036924362185 0.37537878751754766 1.0000000180025095e-35 1.0000000180025095e-35 0.77964827418327343 0.89847373962402355 0.55086207389831554 0.36910212039947515 0.80909091234207164 0.50958478450775158 0.11686769127845766 1.0000000180025095e-35 0.982753485441208 0.88603895902633678 3.5000000000000004 0.87428161501884472 0.069047622382640853 7.5522551536560067 0.50036159157753002 0.73779934644699108 0.93127065896987926 0.57008349895477306 0.65419578552246105 0.49880382418632513 0.10561817884445192 6.352940797805787
decision_type=2 2 2 2 2 2 2 2 2 2 2 2 2 2 2 2 2 2 2 2 2 2 2 2 2 2 2 2 2 2
left_child=1 4 3 9 5 6 10 8 -4 -3 11 -1 13 -11 15 -2 17 18 -7 -19 29 -5 -16 -9 -25 26 27 -8 -28 -20
right_child=14 2 7 21 -6 16 25 23 -10 12 -12 -13 -14 -15 22 -17 -18 19 20 -21 -22 -23 -24 24 -26 -27 28 -29 -30 -31
leaf_value=0.058882766960111993 -0.0019131050984396048 -0.0059209370114731014 -0.06988637729749228 -0.12180655956540068 -0.0010414480773746858 0.10872308843717998 -0.10039696159999026 -0.010833250336711092 -0.018696424391964724 0.30450727477996392 0.029548452903552864 0.59028878051835798 0.033199866566586293 0.087741561194494416 0.042736863016564562 0.0188743279739189 -0.073314157645748682 0.018539130106149087 0.046555605347198215 0.076479102650801489 -0.026673296073013997 0.075668793618769326 -0.016168527339014121 0.043732918065175451 -0.01828261182064438 0.29885005274806775 0.17812683602043816 1.0687666379793863 -0.061105568560529011 -0.0068113476341204945
leaf_weight=1.2387986210633237 1019.3904360975357 68.922811770105909 99.626263051351998 14.75976669957163 4226.2518142964709 21.015392773086205 0.29680334866861713 1167.2261893242903 373.24972538778093 3.9413922299863797 48.561136292020819 1.0030740680231245 72.817278712594998 27.041505460918415 42.477280273509677 937.91495873965323 18.678280020631064 175.51491574525426 74.357354485546239 70.205332865363744 181.51341824410883 4.6166718111780929 448.72218033538957 110.14801990127307 83.086694868718041 5.2606643149629226 4.9976151279697643 0.35687157878419384 3.9205253077088855 107.17518141369146
leaf_count=88 87502 3102 1872 288 654480 1401 86 35728 9363 243 1607 136 2041 789 2204 57098 4605 14464 4931 5050 22230 438 19653 3506 3710 564 439 79 639 10558
internal_value=-0.000121066 -0.00164407 -0.00945671 0.021519 0.00155895 0.0169489 0.071217 -0.0127024 -0.0294812 0.0323193 0.0413352 0.296648 0.0577106 0.115317 0.00421175 0.00804796 0.0114561 0.0139702 0.000455764 0.0350933 -0.00581143 -0.0747557 -0.0110746 -0.00687032 0.0170676 0.173566 0.104709 0.537904 0.0729573 0.0150482
internal_weight=9414.29 6965.78 2025.44 192.099 4940.35 714.095 65.6355 1833.34 472.876 172.723 50.803 2.24187 103.8 30.9829 2448.5 1957.31 648.46 629.782 384.061 245.72 363.046 19.3764 491.199 1360.46 193.235 14.8325 9.57182 0.653675 8.91814 181.533
internal_count=948894 782437 61080 6901 721357 66877 3638 54179 11235 6175 1831 224 3073 1032 166457 144600 63239 58634 39120 19514 37719 726 21857 42944 7216 1807 1243 165 1078 15489
is_linear=0
shrinkage=0.1


Tree=133
num_leaves=31
num_cat=0
split_feature=20 44 50 13 15 14 13 15 33 13 44 6 44 40 13 14 15 10 19 42 45 7 2 6 31 16 49 10 32 32
split_gain=5.85662 5.96567 8.68298 9.22667 39.3761 20.885 31.1423 49.3773 21.9511 20.269 16.3175 15.4682 14.6716 12.231 13.1242 12.1613 11.7711 12.6773 24.5643 14.1035 11.9077 11.5185 14.0385 11.4932 11.1601 10.6823 10.5505 10.0911 11.3419 33.48
threshold=1.0000000180025095e-35 0.88888886570930492 1.5000000000000002 0.098780486732721343 0.25074850022792822 2.5000000000000004 0.21807064861059192 0.56723594665527355 6.0640583038330087 0.050641026347875602 0.40464402735233312 4.5000000000000009 0.58994257450103771 0.7432234287261964 0.053342817351222045 1.5000000000000002 0.70698362588882457 0.82198852300643932 1.0000000180025095e-35 0.92770034074783336 0.23609247803688052 0.69604039192199718 0.93957650661468517 4.5000000000000009 10.106236934661867 0.31666667759418493 1.0000000180025095e-35 0.6781669855117799 3.2679439783096318 4.0349172353744516
decision_type=2 2 2 2 2 2 2 2 2 2 2 2 2 2 2 2 2 2 2 2 2 2 2 2 2 2 2 2 2 2
left_child=-1 2 3 4 10 8 7 -7 26 -6 13 16 -10 -2 -15 24 17 19 -19 -8 -21 -13 -23 -12 -11 -26 -5 -18 -29 -30
right_child=1 -3 -4 5 9 6 11 -9 12 15 23 21 -14 14 -16 -17 27 18 -20 20 -22 22 -24 -25 25 -27 -28 28 29 -31
leaf_value=-0.10556217783480733 -0.025606749518984413 0.010462920841215514 -0.021893153994749531 0.027220572136651647 -0.088400918526209349 -0.00094576922461448928 -0.00088509448471464983 -0.090555899049006544 0.025919469424613636 -0.015798833047500554 -0.0063119626006334214 0.096378758103064885 -0.031277746415032039 0.034060946444379368 0.1793784544903283 -0.086123518914192107 0.020022489151401243 0.023400582893180401 0.14000374591107462 0.012220442411000022 0.084443018878867834 -0.053822650633328667 0.010883570726903803 0.034736541830788191 0.054004686377126514 0.35628887627760247 -0.033816571478243136 -0.0082432377118186236 0.077078585784813164 0.00099923801575424096
leaf_weight=5.2647229882168167 34.543724597890105 509.47500328099704 188.57465164234054 37.423121306295798 78.622685610278495 165.57448412893973 481.5420473214599 97.819403832841999 726.43000487322752 78.236586759408965 1653.0611993519851 7.0217712511948767 47.797288602963818 131.70042419806123 6.5227517941093529 23.156418026332176 238.06382521640444 167.45754057143495 20.251867703875178 56.720149293731083 38.205775991780683 112.16326394517091 47.8265947571781 71.145636782661313 6.2919447728927471 1.435830897564301 116.41657071718873 1469.9032918376543 59.093249194509553 2734.1065701928528
leaf_count=1392 3703 26556 29926 5653 75075 18232 45225 53426 82870 42900 79028 601 38675 3017 330 21437 33311 10603 1095 4381 1548 3123 8216 968 990 75 19191 102576 2776 231995
internal_value=-0.000119992 -6.0978e-05 -0.000663608 -0.000203903 -0.00600594 0.00162218 -0.00064444 -0.0342252 0.0155329 -0.0496918 -0.00168235 0.000983763 0.0223884 0.0276172 0.0409185 -0.0218015 0.00193412 0.0134093 0.0359808 0.00605957 0.0412886 -0.0289779 -0.0344797 -0.00461819 -0.0044749 0.110169 -0.0189686 -1.40596e-05 -0.00113296 0.00260878
internal_weight=9411.85 9406.58 8897.11 8708.53 2084.72 6623.82 5695.75 263.394 928.067 187.743 1896.97 5432.36 774.227 172.767 138.223 109.121 5265.34 764.177 187.709 576.468 94.9259 167.012 159.99 1724.21 85.9644 7.72778 153.84 4501.17 4263.1 2793.2
internal_count=948894 947502 920946 891020 227523 663497 517108 71658 146389 140477 87046 445450 121545 7050 3347 65402 433510 62852 11698 51154 5929 11940 11339 79996 43965 1065 24844 370658 337347 234771
is_linear=0
shrinkage=0.1


Tree=134
num_leaves=31
num_cat=0
split_feature=43 45 1 7 50 32 1 4 29 28 6 7 29 32 29 29 3 29 32 29 28 49 2 1 18 14 32 32 12 42
split_gain=5.75524 12.4424 12.5169 20.7644 19.9448 10.7351 10.6087 18.7273 22.2161 17.4757 17.0055 16.8683 14.671 11.6571 20.2671 10.4302 9.99635 13.16 9.89956 9.72154 10.1899 8.74156 8.51244 12.1889 8.20507 9.44972 8.02143 8.00325 7.6829 7.65901
threshold=0.83338934183120739 0.046621799468994148 0.94605144858360302 0.87939393520355236 7.5000000000000009 1.0000000180025095e-35 0.8733777403831483 0.84262126684188854 0.62398940324783336 0.43650794029235845 1.5000000000000002 0.943650782108307 0.93838050961494457 2.8040528297424321 0.79206565022468578 0.52648377418518078 0.84273937344551098 0.83926197886466991 6.6518592834472665 0.57656270265579235 0.61250001192092907 1.0000000180025095e-35 0.81872946023941051 0.9278169870376588 1.0000000180025095e-35 16.500000000000004 1.5308482050895693 4.4002461433410653 0.95090004801750194 0.81302967667579662
decision_type=2 2 2 2 2 2 2 2 2 2 2 2 2 2 2 2 2 2 2 2 2 2 2 2 2 2 2 2 2 2
left_child=-1 2 6 5 24 -4 16 9 18 10 -8 13 -10 14 19 -3 -2 27 -9 -11 -21 -17 -16 -24 25 -5 -13 -18 -15 -25
right_child=1 15 3 4 -6 -7 7 8 12 11 -12 26 -14 28 22 21 17 -19 -20 20 -22 -23 23 29 -26 -27 -28 -29 -30 -31
leaf_value=-0.00086349131100553825 -0.02272165627066132 0.034193473427328251 0.037289238993822853 0.035571297065070735 -0.91531594715242659 0.094004421374773384 0.098244925597718413 0.12289630097249341 -0.12910265717112637 0.10962597521709493 -0.11447539206797944 -0.051667017805004857 0.10350683734692795 0.14765945739356159 0.066023246054471227 -0.060786685547514256 0.088948193059562974 -0.064753922918812143 -0.029206507764093972 -0.10097536135158132 -0.016489376858514742 -0.0092059983222257252 -0.12339203591958547 -0.089762967187480613 -0.026363973577528427 -0.16017192758655688 0.14491026927260492 -0.026180540262676823 0.02348154251098182 0.07349763069624049
leaf_weight=8615.8644147518153 23.505553280498134 35.351544691191521 114.67337844186113 55.375623820778856 0.23841946409083803 47.073890457337257 4.6582647154864416 6.7999706499977064 31.472780893469462 3.803679883509175 19.448510577931302 2.4479039776742892 2.9670958465430877 8.777553495892791 37.250071170550655 49.061378684957162 43.954586767824367 8.0096791203322919 11.541965743410399 26.493733535084175 30.956260352832032 99.470582678739447 6.8271601431770277 3.7333142363204415 57.9304681137437 2.5812613652888095 13.655639277887529 6.9996296011377117 11.523316463732042 12.47656135780562
leaf_count=855075 4433 2411 5046 38537 32 11874 248 547 360 152 247 535 683 768 3826 2425 3307 1267 356 476 808 7595 263 180 3054 720 657 283 1510 1219
internal_value=-0.000119238 0.0081117 0.0151362 0.0306329 -0.001629 0.0537953 0.00156519 -0.00927057 -0.0617166 0.00593496 -0.0733705 0.0180391 -0.109063 0.00702777 -0.0046885 -0.0146245 0.0324203 0.0544023 0.0271831 -0.0452003 -0.0554511 -0.0262435 0.0364728 -0.0113093 0.000250759 0.0268534 0.115029 0.0731328 0.0771728 0.0358969
internal_weight=9394.92 779.06 595.176 277.873 116.126 161.747 317.303 234.834 52.7818 182.052 24.1068 157.945 34.4399 141.842 121.541 183.884 82.4694 58.9639 18.3419 61.2537 57.45 148.532 60.2871 23.037 115.887 57.9569 16.1035 50.9542 20.3009 16.2099
internal_count=948894 93819 81388 59263 42343 16920 22125 12835 1946 10889 495 10394 1043 9202 6924 12431 9290 4857 903 1436 1284 10020 5488 1662 42311 39257 1192 3590 2278 1399
is_linear=0
shrinkage=0.1


Tree=135
num_leaves=31
num_cat=0
split_feature=49 24 27 13 43 7 26 16 1 11 12 16 1 42 7 44 7 11 3 14 44 21 5 29 4 4 8 42 3 4
split_gain=5.53384 6.92836 5.44739 9.26845 9.64179 5.87253 5.9639 5.83272 5.697 7.20984 5.52247 12.8305 5.42288 7.88534 24.3123 6.55913 10.8426 6.52048 16.3443 15.3615 14.5467 13.6119 10.8889 20.3462 12.9281 9.11216 34.8725 25.0044 21.6181 39.2591
threshold=36.500000000000007 0.094013150781393065 103.50000000000001 0.61721614003181469 1.0000000180025095e-35 0.34815546870231634 1.0000000180025095e-35 0.13392857462167743 0.54252374172210704 0.69779551029205333 0.79461127519607555 0.23611111193895343 1.0000000180025095e-35 0.093073595315217986 0.17192118614912036 0.60401606559753429 0.57019704580307018 0.98421010375022899 0.79759037494659435 8.5000000000000018 0.13190898299217227 1.0000000180025095e-35 0.069047622382640853 0.35735474526882177 0.53036636114120495 0.39369100332260137 2147483689.0000005 0.31698563694953924 0.53093111515045177 0.61451047658920299
decision_type=2 2 2 2 2 2 2 2 2 2 2 2 2 2 2 2 2 2 2 2 2 2 2 2 2 2 2 2 2 2
left_child=2 -2 3 4 7 8 -7 -1 10 -10 11 -6 -4 14 -14 -16 -17 25 19 22 -21 -20 24 -24 -19 26 27 -15 29 -27
right_child=1 -3 12 -5 5 6 -8 -9 9 -11 -12 -13 13 17 15 16 -18 18 21 20 -22 -23 23 -25 -26 28 -28 -29 -30 -31
leaf_value=0.27917521006923884 0.28944139485460774 -0.094295908649976334 -0.069168655241088409 -0.014628750908792435 -0.10026563452954095 0.014558808515266024 0.17402743953603361 0.045077669850890872 0.028032326432679777 0.37097105285968263 -0.019664586993028362 0.79315122757926704 -0.098786306794951817 0.0085579717600923321 0.023284952665490521 0.071297991414644338 0.28932788953323962 -0.019740969643622985 0.025471006275394101 -0.045048261805868239 0.041060309986340089 0.1093283266050751 -0.14037905211546661 0.097989724214403481 0.1159900880476885 0.0075870275567037253 -0.067136067948009068 -0.039905023330890049 -0.0014877156632173831 0.091966845943399239
leaf_weight=2.2643631056416771 0.49540876606624706 9.3589140284002479 11.500112390283901 103.55853648904304 0.35810334666166399 293.87756691363029 2.3640650809538775 2.0083110784908058 1.0435521467006768 1.4860290279320905 3.1226155967306113 0.2916655411827378 11.978804815651527 444.09394116817202 30.500624593376415 30.124341205068049 2.4677106999442904 119.86753322905861 85.081458561777254 24.270747020607814 102.35622228714055 25.057789708283963 16.664793051691962 4.5608414567686841 7.4537433407094786 288.49351825854319 99.38758957281425 140.03204060902863 7447.7889964501992 68.168512338836081
leaf_count=81 84 1472 939 6710 170 19673 175 89 108 96 284 18 1131 54900 1414 2313 293 2238 15999 1442 2451 6402 365 334 1139 93699 82373 41347 601936 9219
internal_value=-0.000105961 -0.0750042 -2.71928e-05 0.011239 0.0199701 0.0178634 0.0158314 0.169141 0.113385 0.229495 0.0355278 0.300768 -0.000543204 -0.000455009 0.0318183 0.0566149 0.0878061 -0.000728054 0.011995 -0.00103495 0.0245558 0.0445494 -0.0228494 -0.0891597 -0.0117949 -0.00130562 -0.0123771 -0.00306002 -0.00033598 0.0237145
internal_weight=9380.08 9.85432 9370.22 410.375 306.816 302.544 296.242 4.27267 6.30197 2.52958 3.77238 0.649769 8959.85 8948.35 75.0715 63.0927 32.5921 8873.28 385.313 275.174 126.627 110.139 148.547 21.2256 127.321 8487.96 683.514 584.126 7804.45 356.662
internal_count=948894 1556 947338 27404 20694 20524 19848 170 676 204 472 188 919934 918995 5151 4020 2606 913844 30370 7969 3893 22401 4076 699 3377 883474 178620 96247 704854 102918
is_linear=0
shrinkage=0.1


Tree=136
num_leaves=31
num_cat=0
split_feature=14 13 45 1 42 15 1 43 13 15 11 50 37 53 11 15 13 15 11 15 12 12 10 11 14 11 15 32 16 36
split_gain=5.48107 9.10352 8.00941 11.4519 7.55436 8.01775 7.30549 7.02619 11.8419 9.04643 15.6854 7.24149 7.83808 11.5687 9.46704 23.8438 12.9089 16.5748 11.5658 15.9453 13.4643 8.67833 8.63072 8.25253 7.77944 7.55867 12.2084 7.53295 11.5056 9.70746
threshold=13.500000000000002 0.96064814925193798 0.82335013151168834 0.53741997480392467 0.88303691148757946 0.91631653904914867 0.89668139815330516 0.81087541580200206 0.35388994216918951 0.81673029065132152 0.87533783912658703 7.5000000000000009 1.0000000180025095e-35 0.27922078967094427 0.9046422839164735 0.90493568778038036 0.5577777922153474 0.95407572388648998 0.96014437079429638 0.97735819220542919 0.9981684982776643 0.93887129426002514 0.93403562903404247 0.99004951119422924 5.5000000000000009 0.9168485999107362 0.86546543240547191 6.6518592834472665 0.86607143282890331 1.0000000180025095e-35
decision_type=2 2 2 2 2 2 2 2 2 2 2 2 2 2 2 2 2 2 2 2 2 2 2 2 2 2 2 2 2 2
left_child=7 2 4 -4 5 -2 -6 -1 -9 10 -10 12 13 -11 -15 24 17 21 -18 20 -20 -17 -19 -21 25 26 -16 28 29 -14
right_child=1 -3 3 -5 6 -7 -8 8 9 11 -12 -13 27 14 15 16 18 22 19 23 -22 -23 -24 -25 -26 -27 -28 -29 -30 -31
leaf_value=-0.00059285054109582019 -0.00029888307454061609 0.028363601718413685 0.38462660479335997 0.014215471097791955 0.093671077008735726 -0.042141095624402686 -0.0070641891541869638 0.052368052920774358 0.015135805357772113 0.14840137806451226 0.11416242955882841 -0.29281955178705821 -0.074323502750590895 -0.025833765554470336 0.15511653840209708 -0.037576505803192772 -0.054489066965515344 0.18241313839952913 0.066753285392861392 -0.059579958812690154 -0.11136598490917222 0.075925530284151152 0.02179646350525944 0.075426186283812202 0.02339900638953573 0.13084497077474164 -0.030816781432099368 -0.017611180886250972 0.07043658181387942 0.018602378382794788
leaf_weight=8138.411436759452 65.101499957127089 44.866334812402783 1.1567399507039215 2.997642659014673 9.6613516034776676 154.42667943221022 28.249745967368654 57.978326951051713 93.265875075754593 4.8093462753749909 19.306297948271094 0.83378525666193937 12.026102355885085 175.09602339686535 5.4943720732990178 24.58518770444789 79.813953972916352 8.9006866121635522 34.544637441053055 37.604738073394401 4.8382601671328294 9.2788426663610135 5.3603565512457854 5.1474961926505776 44.287981544315699 18.195635700511048 9.8841541791334731 56.097299542729161 42.178151682164753 172.35502129176166
leaf_count=835523 2240 2749 71 194 1217 3911 3373 3187 12400 185 3736 60 393 5573 454 446 1868 296 1595 702 212 258 149 832 1800 1194 222 3676 53859 6519
internal_value=-0.000100489 -0.0132534 -0.0203912 0.117352 -0.022614 -0.0297327 0.0186074 0.000344402 0.0086185 0.00568239 0.032119 0.00172138 0.00204861 -0.00589486 -0.00749747 0.00365295 -0.0138663 0.0316075 -0.0273794 -0.00103588 0.044871 -0.00647662 0.122041 -0.0433248 0.0509204 0.0872241 0.0356127 0.0151963 0.0233196 0.0125414
internal_weight=9366.75 306.46 261.594 4.15438 257.439 219.528 37.9111 9060.29 921.883 863.904 112.572 751.332 750.498 467.842 463.032 287.936 210.074 48.1251 161.949 82.1351 39.3829 33.864 14.261 42.7522 77.8621 33.5742 15.3785 282.657 226.559 184.381
internal_count=948894 13755 11006 265 10741 6151 4590 935139 99616 96429 16136 80293 80233 15786 15601 10028 6358 1149 5209 3341 1807 704 445 1534 3670 1870 676 64447 60771 6912
is_linear=0
shrinkage=0.1


Tree=137
num_leaves=31
num_cat=0
split_feature=44 12 15 11 14 13 15 12 15 10 33 13 12 47 3 16 50 43 49 35 31 31 12 3 33 7 1 4 10 45
split_gain=5.31256 10.8065 33.6222 27.7157 18.0726 23.2801 42.1385 16.8445 23.1664 16.4739 15.8077 14.8582 14.5254 14.1115 34.1959 24.4208 18.9021 17.5443 17.1462 16.8605 21.9638 37.2231 25.5645 19.8801 16.1638 15.5497 15.1883 26.0558 17.2293 17.7964
threshold=0.79981598258018505 0.46349540352821356 0.31319215893745428 0.32999698817729956 2.5000000000000004 0.2419017776846886 0.59581753611564647 0.70986834168434154 0.76209992170333873 0.77444055676460277 6.0640583038330087 0.10762548446655275 0.68194955587387096 0.073663156479597106 0.99523812532424938 0.90454545617103588 7.5000000000000009 0.70263326168060314 9.5000000000000018 1.0000000180025095e-35 6.3153769969940194 8.8637833595275897 0.88944441080093395 0.47673159837722784 7.8453426361083993 0.80707195401191723 0.89188173413276683 0.85584414005279552 0.7243328094482423 0.033875212073326118
decision_type=2 2 2 2 2 2 2 2 2 2 2 2 2 2 2 2 2 2 2 2 2 2 2 2 2 2 2 2 2 2
left_child=1 2 3 -1 10 6 12 8 -7 -8 -3 -4 -6 15 19 17 -17 25 26 -15 22 23 -21 -22 -16 -9 27 -19 -28 -30
right_child=-2 4 11 -5 5 7 9 13 -10 -11 -12 -13 -14 14 24 16 -18 18 -20 20 21 -23 -24 -25 -26 -27 28 -29 29 -31
leaf_value=-0.0048451598211666294 0.0064872236692265512 -0.015459279370411895 -0.07672997861433864 0.25864769703854995 0.037686370105758427 0.074290550090147719 -0.088047271371737748 -0.04509312033032261 0.0011496624236747488 0.017104735836488593 0.018890528682736898 0.0043323170807650652 -0.017497868059759159 0.0076522349037023889 0.018192713741903604 0.040175212296646293 -0.66024439128308599 -0.0033327107588744273 0.057647676897037037 0.028477868107965133 0.22820240551334883 0.0067974877877182219 -0.0079360534842780554 -0.061832346012173883 0.083504799506832095 -0.0095287359393448085 0.024739233419187164 0.068571347085664702 -0.0072766427614454291 -0.038194284962431643
leaf_weight=1382.4551963969543 1085.7528986056986 160.04265259390741 97.293396789884355 4.0035320211463832 68.680271791787163 71.913825966186778 106.3413876347995 236.88162608072162 108.85549067014108 17.326767890088377 822.50355672436854 29.457592798340556 156.12543365304555 1715.6633045125636 79.189586305306875 110.6772340112293 0.38664121087640424 206.36579991945473 43.018268155807164 245.45253665761629 2.3929452036682042 161.67942042415962 898.73263585116365 190.73161184961646 72.662484721608052 255.5859291807792 109.93466988087312 66.679898452508496 572.18048850836931 275.96785169868963
leaf_count=73682 66885 27047 105221 1575 11361 8981 54631 5657 25234 7051 129816 16941 11516 196250 8047 72814 38 5974 1565 15820 70 11180 31546 8024 10747 6114 4748 1485 21190 7684
internal_value=-8.93139e-05 -0.000952821 -0.00859128 -0.0040843 0.00075805 -0.00137562 -0.0264303 0.000233778 0.0302466 -0.0733147 0.0132954 -0.0578907 -0.000638561 -0.000800779 0.0030733 -0.00774665 0.0377369 -0.0106061 -0.00441062 0.000882814 -0.00686511 -0.0286025 -0.000124477 -0.0582386 0.0494451 -0.0266355 -0.00657906 0.0142268 -0.0125086 -0.0173365
internal_weight=9354.93 8269.18 1513.21 1386.46 6755.97 5773.43 348.474 5424.95 180.769 123.668 982.546 126.751 224.806 5244.18 3366.5 1877.68 111.064 1766.61 1274.15 3214.65 1498.99 354.804 1144.19 193.125 151.852 492.468 1231.13 273.046 958.083 848.148
internal_count=948894 882009 197419 75257 684590 527727 84559 443168 34215 61682 156863 122162 22877 408953 281684 127269 72852 54417 42646 262890 66640 19274 47366 8094 18794 11771 41081 7459 33622 28874
is_linear=0
shrinkage=0.1


Tree=138
num_leaves=31
num_cat=0
split_feature=20 28 40 42 29 30 32 32 40 3 42 1 53 40 1 29 40 30 29 2 1 28 7 3 30 43 5 36 29 1
split_gain=5.27094 5.19087 26.5255 31.0124 37.5315 31.2988 48.2145 56.7538 42.0533 29.172 29.0049 25.2077 22.1044 21.5024 31.2418 29.1788 29.9008 22.4571 26.3665 44.0338 33.0369 119.943 39.6204 28.5243 28.0613 43.5839 24.5761 24.0014 21.2004 22.2074
threshold=1.0000000180025095e-35 0.64583334326744091 0.96340918540954601 0.92770034074783336 0.69259262084960949 0.87432208657264721 1.7195520401000979 1.5308482050895693 0.89943820238113414 0.93127065896987926 0.82097071409225475 0.97437036037445079 0.64583334326744091 0.82167318463325512 0.84886467456817638 0.55445328354835521 0.90353596210479747 0.74588167667388927 0.71084731817245495 0.88185438513755809 0.94034391641616832 0.84523808956146251 0.82554346323013317 0.99523812532424938 0.98690816760063182 0.49766430258750921 0.70714285969734203 1.0000000180025095e-35 0.81306540966033947 0.84540036320686351
decision_type=2 2 2 2 2 2 2 2 2 2 2 2 2 2 2 2 2 2 2 2 2 2 2 2 2 2 2 2 2 2
left_child=-1 2 3 4 -2 -6 7 8 -7 11 -9 -5 -3 14 -14 16 -15 -17 19 -19 21 22 -20 -22 25 -25 -26 -21 29 -24
right_child=1 12 -4 9 5 6 -8 10 -10 -11 -12 -13 13 15 -16 17 -18 18 20 27 23 -23 28 24 26 -27 -28 -29 -30 -31
leaf_value=-0.10527354466405624 -0.00081843557609089727 0.13014832469291623 -0.049363815509941955 0.031302552043599934 -0.00060488924470229548 -0.076410684407879126 -0.10794186484160072 0.14074252133637577 0.16024956534088042 -0.0043407679824571761 -0.12437527705699294 0.11535166167251781 -0.045374129056087384 -0.0031850096127294136 0.026817434534223361 -0.052959447241993987 0.12934777827229268 -0.015961383224956448 -0.10460008378978716 0.034410735681230147 -0.054543753629099904 0.024742259733057229 0.087122888023747347 -0.006623836714872296 0.03241380509417701 0.05876042139172083 -0.0059108931659956412 0.13523459838008337 -0.068876652925805679 -0.046439216518622123
leaf_weight=4.7616361191358001 4642.2487206815331 13.600820303629005 115.48595153956921 249.02063244782403 171.28269755770089 83.359678727720166 102.58249213001545 26.880371501494668 8.2516929747798695 229.61726577298032 4.8750171247520475 41.651996739230526 67.042786396305019 33.769976575011242 566.33447992550282 85.928904940214125 34.326522187126102 85.735457499184122 159.33186959602972 48.998021253157276 86.437912475026678 237.48469130570084 25.47361826422275 194.86552958560424 188.38514493133698 213.80476821714547 1496.573455228794 45.569424883331521 53.317498114840419 24.347519956681936
leaf_count=1392 638455 1121 5986 23502 9981 3486 1989 849 515 12593 55 3139 3572 1609 26559 6773 1688 2920 5058 3369 4023 38785 1103 5677 9020 21840 110133 1396 1722 584
internal_value=-8.81756e-05 -3.45313e-05 -0.00192841 -0.000943097 -0.00334286 -0.0328446 -0.0572841 -0.015161 -0.055094 0.0223008 0.100042 0.0433464 0.00290108 0.00242663 0.019176 -0.00109275 0.063623 -0.00258852 -0.00107529 0.0359404 -0.00356559 -0.0267502 -0.0733408 0.00175134 0.00407555 0.0275834 -0.00162604 0.082995 -0.0250505 0.0218513
internal_weight=9341.35 9336.58 5675.26 5559.77 5039.48 397.232 225.949 123.367 91.6114 520.29 31.7554 290.673 3661.33 3647.73 633.377 3014.35 68.0965 2946.25 2860.32 180.303 2680.02 499.955 262.471 2180.07 2093.63 408.67 1684.96 94.5674 103.139 49.8211
internal_count=948894 947502 700550 694564 655330 16875 6894 4905 4001 39234 904 26641 246952 245831 30131 215700 3297 212403 205630 7685 197945 47252 8467 150693 146670 27517 119153 4765 3409 1687
is_linear=0
shrinkage=0.1


Tree=139
num_leaves=31
num_cat=0
split_feature=49 43 29 51 4 28 40 4 1 1 40 30 1 29 12 27 31 4 43 49 12 44 24 18 42 3 1 30 40 52
split_gain=5.13124 11.7131 6.15376 21.9159 17.9279 14.5935 29.0073 28.4764 42.686 50.8246 31.2736 26.8377 23.8071 21.5531 19.0447 12.4587 19.9216 12.1383 11.921 12.4622 11.7424 12.0892 10.8658 10.6987 10.4018 55.2898 32.5879 25.6321 26.7414 21.3804
threshold=19.500000000000004 0.67475059628486644 0.92510893940925609 0.86526826024055492 0.64326763153076183 0.78888890147209179 0.82167318463325512 0.81284341216087352 0.88893690705299389 0.94034391641616832 0.86706823110580455 0.85765048861503612 0.95296013355255138 0.84982186555862438 0.44935679435729986 123.50000000000001 8.2617969512939471 0.84660631418228161 0.39855805039405828 1.5000000000000002 0.98351600766181957 0.7429872751235963 0.846153885126114 1.0000000180025095e-35 0.89512962102890026 0.92031747102737438 0.97275462746620189 0.55733734369277965 0.78979855775833141 0.79431912302970897
decision_type=2 2 2 2 2 2 2 2 2 2 2 2 2 2 2 2 2 2 2 2 2 2 2 2 2 2 2 2 2 2
left_child=2 -2 5 18 -5 24 -7 22 11 -10 -11 -9 -12 14 -13 16 -6 -16 19 -4 21 -17 -8 -19 -1 26 29 -27 -29 -26
right_child=1 -3 3 4 15 6 7 8 9 10 12 13 -14 -15 17 20 -18 23 -20 -21 -22 -23 -24 -25 25 27 -28 28 -30 -31
leaf_value=-0.0016204221183061804 -0.05930109663148099 0.040625772464271383 0.58946407962612291 0.075353649039223036 0.065123431344448909 0.065990499978440476 -0.11229494624131975 -0.11128496865600562 -0.11990082600067598 0.070038507879715758 -0.15233595601726052 0.0087136892501107153 -0.018713270863134804 -0.066854980408972017 -0.059983511156905291 -0.010623177699167402 -0.0093410596510046968 0.13073610334236591 0.054986520323233305 0.033117166141890586 0.095978723337793323 0.011485583519256513 0.055454966326909549 0.25976614051779667 0.17627012992186303 -0.047165022683815436 0.12270395542557316 0.13890814911615404 -0.001781744285269681 0.024935063280646898
leaf_weight=6207.5707127490277 40.120809408301284 16.576809704201878 0.86241387350309995 33.709957695558842 74.389440824590565 36.916035390939214 44.974744038529025 7.8575036230795368 54.035380957728194 38.525470227941696 14.386944122466955 12.239127704378914 182.10665622165834 7.7158516142662839 2.4058206567424376 733.80462105515471 69.487278630818764 19.254991898342269 66.704362719858182 0.75520670666082879 12.074848498592472 373.06638873355405 4.2239747761632307 9.645037994298038 9.5759699748741678 131.30192531498324 40.861022511257033 13.782660528668201 683.21477524504735 371.70227979442643
leaf_count=712747 8779 1108 44 5059 6288 1455 2079 1223 1452 1646 199 294 5936 150 79 90324 6230 1488 3267 195 15858 9354 143 218 771 5623 2861 1155 33683 29186
internal_value=-9.34263e-05 -0.0300853 9.02657e-05 0.00629024 0.00338137 -0.000981928 -0.0188016 -0.0266789 -0.016616 -0.0324509 -0.0123445 0.0608077 -0.0284969 0.0871869 0.114482 0.00146013 0.0291598 0.155832 0.0614914 0.329726 -0.00210155 -0.00317151 -0.0978927 0.173798 5.57324e-05 0.00837669 0.0378316 -0.00663486 0.0010003 0.0287359
internal_weight=9313.85 56.6976 9257.15 1364.85 1296.53 7892.3 434.288 397.372 348.173 289.054 235.019 59.1183 196.494 51.2608 43.545 1262.82 143.877 31.3059 68.322 1.61762 1118.95 1106.87 49.1987 28.9 7458.01 1250.44 422.139 828.299 696.997 381.278
internal_count=948894 9887 939007 136619 133113 802388 16362 14907 12685 9233 7781 3452 6135 2229 2079 128054 12518 1785 3506 239 115536 99678 2222 1706 786026 73279 32818 40461 34838 29957
is_linear=0
shrinkage=0.1


Tree=140
num_leaves=31
num_cat=0
split_feature=31 47 48 36 3 43 2 15 18 5 6 46 1 43 45 43 16 4 13 13 48 10 44 35 15 3 24 47 31 12
split_gain=4.95878 14.7252 10.6162 25.354 9.32146 9.1457 10.7941 9.0378 11.2793 11.7609 8.86075 13.198 12.4403 8.85584 8.1874 15.9827 8.08384 7.30802 7.86022 8.10712 7.13938 13.0644 11.0695 26.2378 18.1921 16.1534 13.6161 14.9606 12.9948 16.754
threshold=10.106236934661867 0.23039531707763675 0.21794870495796206 1.0000000180025095e-35 0.90070420503616344 0.57248207926750194 0.77629497647285473 0.66257530450820934 1.0000000180025095e-35 0.72077924013137828 2.5000000000000004 0.17693635821342471 0.81436249613761913 0.70263326168060314 0.018713861703872684 0.43668250739574438 0.23611111193895343 0.88047617673873912 0.22401433438062671 0.10762548446655275 0.011312842369079592 0.96410486102104198 0.074509963393211379 1.0000000180025095e-35 0.98726060986518871 0.90521115064620983 0.76314333081245433 0.63209271430969249 6.218808889389039 0.92605018615722667
decision_type=2 2 2 2 2 2 2 2 2 2 2 2 2 2 2 2 2 2 2 2 2 2 2 2 2 2 2 2 2 2
left_child=20 2 13 4 -4 6 16 8 -8 14 11 12 -3 -2 -10 -16 -5 18 19 -14 22 -22 26 24 -24 28 27 -1 29 -25
right_child=1 10 3 5 -6 -7 7 -9 9 -11 -12 -13 17 -15 15 -17 -18 -19 -20 -21 21 -23 23 25 -26 -27 -28 -29 -30 -31
leaf_value=-0.016889354193824143 -0.027226185058553221 0.20081031318659362 0.037223285207460911 -0.073369677993955579 -0.004244930859911478 0.036145686393928372 0.090501986257655209 0.059013513736485439 0.23786942836572778 0.18480509368697454 0.0042434328121735438 0.019754706922718111 0.10737380966148811 -0.00098514779130702448 0.23362691458103535 0.85810447190627814 0.1101652957131857 0.0062707063260997028 0.047245235807189395 0.29933634912050638 -0.0021726533630930362 -0.034469457225093945 0.041459846743155941 0.049286945759967213 -0.011936867811262193 0.068956810912228439 0.010501989858849148 0.037171009408856266 -0.048304582601098003 -0.0067657438727006768
leaf_weight=596.5853828034742 177.18099653432 7.2361591850130926 64.204295176612504 4.507650304083656 348.11444079039029 37.649680987786269 5.2533242831996194 6.624144055589567 1.1492895877454432 4.7100707239296753 117.18235459265998 112.81586316478933 12.033299983755567 469.12524148752345 0.72868247039150424 0.93665891293494496 5.132118665613234 16.678047024783154 21.072781593698892 2.6922868643014217 5648.3554692123562 128.08768058442365 327.9893312174645 60.379431177476363 79.214670099659998 30.726740347112354 440.60493755817515 55.995565167342647 63.050360375680611 456.36372892169311
leaf_count=19245 4510 337 2144 974 5662 926 165 556 16 235 5005 11731 345 32338 110 114 141 854 923 114 768620 8543 10715 1690 4005 7231 45018 2111 3220 11296
internal_value=-9.21451e-05 0.00535882 0.000182838 0.011465 0.0022123 0.0686698 0.110834 0.153806 0.202946 0.281449 0.0254638 0.0398767 0.0778936 -0.00817897 0.443174 0.58486 0.0243425 0.0609442 0.0864159 0.14247 -0.00107007 -0.00288881 0.00390684 0.011412 0.0310724 -0.00170105 -0.00308026 -0.0122506 -0.00544563 -0.000216205
internal_weight=9302.38 1415.03 1125.32 479.01 412.319 66.6916 29.0419 19.4022 12.778 7.5247 289.711 172.528 59.7126 646.306 2.81463 1.66534 9.63977 52.4764 35.7984 14.7256 7887.35 5776.44 2110.91 1017.72 407.204 610.52 1093.19 652.581 579.794 516.743
internal_count=948894 67200 47891 11043 7806 3237 2311 1196 640 475 19309 14304 2573 36848 240 224 1115 2236 1382 459 881694 777163 104531 38157 14720 23437 66374 21356 16206 12986
is_linear=0
shrinkage=0.1


Tree=141
num_leaves=31
num_cat=0
split_feature=46 29 32 41 1 4 10 10 19 11 12 1 52 29 30 1 5 5 32 29 1 29 32 11 15 14 29 30 43 1
split_gain=5.04136 14.9003 17.4128 15.3208 15.944 14.4015 13.6678 10.2917 53.798 42.1207 20.4517 18.299 20.9795 46.2697 40.6541 70.3409 32.399 30.7086 23.2152 44.0569 36.3793 23.1158 22.4682 22.3775 34.3686 22.6706 21.1407 33.3465 20.3315 20.2069
threshold=1.0000000180025095e-35 0.65812867879867565 4.110708713531495 0.90803381800651561 0.88751593232154857 0.64326763153076183 0.78352749347686779 0.84428429603576671 1.0000000180025095e-35 0.74090605974197399 0.98598104715347301 0.92677438259124767 0.77836257219314586 0.34256918728351599 0.72779297828674328 0.89668139815330516 0.12916667014360431 0.58571431040763866 5.278536558151246 0.48273408412933355 0.82638135552406322 0.78849154710769664 1.7195520401000979 0.72138634324073803 0.60072463750839245 4.5000000000000009 0.41845747828483587 0.61358624696731578 0.55904665589332592 0.81436249613761913
decision_type=2 2 2 2 2 2 2 2 2 2 2 2 2 2 2 2 2 2 2 2 2 2 2 2 2 2 2 2 2 2
left_child=1 2 3 4 -1 -3 -4 11 9 -9 -10 12 17 -14 26 16 -16 23 -19 -20 -21 -18 -17 24 28 -25 27 -15 -2 -27
right_child=7 5 6 -5 -6 -7 -8 8 10 -11 -12 -13 13 14 15 22 21 18 19 20 -22 -23 -24 25 -26 29 -28 -29 -30 -31
leaf_value=0.080829470237414186 0.00067376696008117679 0.057185834501736622 0.027853346888243515 0.12269193503868636 -0.026229582217280792 -0.0017646502243519242 -0.0072472471805213132 0.052307467550360823 0.11261008888352192 -0.0030425369975184175 0.020553249652520155 0.0045852951243216906 0.024461212099480281 -0.071184356430826351 -0.089328347724089208 -0.095766113186229629 0.057950550359545272 0.0025286526398928602 -0.035785989736398044 -0.023086889536196999 0.10452185147585145 -0.04201867179872585 -0.017055112471783537 0.023766994845038802 -0.045716294939725573 0.0011423499746992694 -0.086550865641430122 0.059594294827888153 -0.067767275925766798 -0.038473009925318796
leaf_weight=29.848179540204001 483.7391092337939 42.436841864946473 229.33563911477722 26.979487815187895 26.052606881596148 1766.3041835279364 214.87762956468214 147.70865218286417 60.145487255322223 1986.658390825125 40.306255974734086 1608.1867840420346 161.57790381460472 55.996151307455875 21.25285180906576 90.654843207597878 141.87195269199583 366.06983336014673 47.632896886956587 28.607693903104519 101.97824446537561 27.635618638763845 60.447286095215532 291.87020190419389 353.13115386833397 464.36020353603999 169.35790757047835 29.91273759674732 47.683130387391429 178.1568195370528
leaf_count=983 131642 5455 7776 1450 504 146456 7258 17088 2531 123680 1375 86742 21662 9159 3402 4224 6872 16470 3801 1701 4156 1022 2360 56574 215388 42008 18378 2455 1381 4941
internal_value=-9.02537e-05 0.00392999 0.0187252 0.0608037 0.0309345 -0.000381549 0.0108743 -0.00143852 0.00415389 0.000787954 0.0756723 -0.00408074 -0.00854484 -0.0230126 -0.0358586 -0.0133116 0.0270594 -0.0039 0.0169387 0.0465377 0.0765664 0.0416521 -0.0642784 -0.0101357 -0.0215355 0.000656163 -0.0660544 -0.0256484 -0.00546727 -0.00984218
internal_weight=9300.78 2335.83 527.094 82.8803 55.9008 1808.74 444.213 6964.94 2234.82 2134.37 100.452 4730.12 3121.94 758.707 597.129 341.863 190.76 2363.23 544.289 178.219 130.586 169.508 151.102 1818.94 884.553 934.387 255.267 85.9089 531.422 642.517
internal_count=948894 169882 17971 2937 1487 151911 15034 779012 144674 140768 3906 634338 547596 69534 47872 17880 11296 478062 26128 9658 5857 7894 6584 451934 348411 103523 29992 11614 133023 46949
is_linear=0
shrinkage=0.1


Tree=142
num_leaves=31
num_cat=0
split_feature=45 7 42 8 12 4 32 15 42 28 49 31 43 18 43 12 51 43 51 40 1 1 15 24 42 30 27 27 24 35
split_gain=4.78873 7.8377 9.44875 8.55931 8.12876 9.99785 7.49126 6.54001 6.2575 11.1102 10.2271 6.20098 6.09643 25.3048 13.1986 10.8564 17.4692 11.4661 18.0835 18.7536 24.674 10.2154 9.73264 11.5967 9.70918 17.519 13.1291 12.0414 8.78239 11.9646
threshold=0.95565277338027965 0.61620295047760021 0.88416817784309398 22.500000000000004 0.94088524580001842 0.52027395367622387 6.1461951732635507 0.92277878522872936 0.96362432837486278 0.58571431040763866 1.5000000000000002 6.4274587631225595 0.39049339294433599 1.0000000180025095e-35 0.36397199332714086 0.57214641571044933 0.71834933757781994 0.32733547687530523 0.93788582086563121 0.86706823110580455 0.84717798233032238 0.98757717013359081 0.42899160087108618 0.35294117033481603 0.26794870197772985 0.61645361781120311 383.50000000000006 457.50000000000006 0.57142856717109691 1.0000000180025095e-35
decision_type=2 2 2 2 2 2 2 2 2 2 2 2 2 2 2 2 2 2 2 2 2 2 2 2 2 2 2 2 2 2
left_child=12 2 3 4 5 -2 -7 -6 -3 10 -10 -11 13 14 28 -15 -17 18 19 22 -21 24 23 -18 -16 -26 -27 -28 -1 -30
right_child=1 8 -4 -5 7 6 -8 -9 9 11 -12 -13 -14 15 21 16 17 -19 -20 20 -22 -23 -24 -25 25 26 27 -29 29 -31
leaf_value=0.0075473886421801506 -0.053796594278903577 -0.044684272261334097 0.82823253129920915 -0.042098809282453825 0.32106340268624095 0.017575689038334237 0.37384211475247076 0.088772634408967391 0.51554770435770747 -0.031343284066678183 0.040773959624314855 0.21587407935504599 -0.0010533257883140162 -0.075081674735774762 0.074860244577930751 -0.033104619734346939 0.13252668277874055 -0.036608622116252203 -0.011865884435829813 0.98404814100304194 0.24979725138591724 0.30768055118727694 0.044716259566790748 0.66002446214746779 -0.0093574911244091712 0.027532363402576844 0.20689333430550369 0.064057062307625132 0.016395947392198903 -0.10788704464046482
leaf_weight=1203.0096557632342 5.8051528726873638 77.494166611456421 0.14756753007531997 10.464854598785676 1.958760794790577 1.2181408764772643 1.1449583695939507 3.1793150779558346 0.83849962647945975 10.283216256219019 0.98868329924152931 1.1256861257097615 7507.5497003174532 38.850523604635782 41.060636941110715 128.3782443432483 1.3545062818811873 10.962883738735398 10.175684817761065 0.55038304738263777 2.7168575827599852 1.3422624801169138 7.5962995054233033 0.60199031764932431 92.609686796600727 61.234429476127843 8.8597140759884514 17.679077833148767 15.337440451505245 15.649490123547366
leaf_count=251238 5425 46473 13 9390 146 964 610 121 168 2511 331 194 391206 56735 1276 160872 305 2213 897 127 374 27 2639 91 10072 2661 360 659 343 453
internal_value=-9.53991e-05 -0.0204061 0.0305171 0.025565 0.0787797 0.0167901 0.190192 0.177328 -0.0338308 0.0297139 0.258649 -0.006951 0.000158663 0.00564674 0.0102378 -0.027597 -0.016233 0.0475491 0.0876701 0.166675 0.373485 0.0326395 0.095942 0.294831 0.0309724 0.0209821 0.0529935 0.111742 0.00619343 -0.0463713
internal_weight=9280.17 114.649 23.9188 23.7712 13.3063 8.16825 2.3631 5.13808 90.7303 13.2361 1.82718 11.4089 9165.52 1657.97 1456.78 201.187 162.337 33.9586 22.9957 12.82 3.26724 222.786 9.5528 1.9565 221.444 180.383 87.7732 26.5388 1234 30.9869
internal_count=948894 66346 16669 16656 7266 6999 1574 267 49677 3204 499 2705 882548 491342 267089 224253 167518 6646 4433 3536 501 15055 3035 396 15028 13752 3680 1019 252034 796
is_linear=0
shrinkage=0.1


Tree=143
num_leaves=31
num_cat=0
split_feature=43 10 11 42 45 10 36 43 12 49 44 39 13 15 12 10 12 39 10 45 1 16 12 29 43 13 14 29 7 12
split_gain=4.87418 13.1087 19.7946 16.4459 23.7667 14.4614 15.301 12.9158 16.961 26.7616 15.812 15.9764 14.9212 17.5174 15.9465 15.3578 13.9849 13.7105 18.3007 13.352 17.8183 13.091 13.07 12.3918 12.3273 13.4022 12.1692 13.2217 11.7842 12.9503
threshold=0.70263326168060314 0.77444055676460277 0.6879490613937379 0.77346041798591625 0.069956511259078993 0.84428429603576671 1.0000000180025095e-35 0.52986019849777233 0.56688699126243602 3.5000000000000004 0.21257036924362185 0.41428571939468389 0.21807064861059192 0.35145692527294164 0.57214641571044933 0.76999107003211986 0.41103500127792364 0.88194444775581371 0.53236457705497753 1.0000000180025095e-35 0.77964827418327343 0.23611111193895343 0.57073840498924266 0.59709247946739208 0.8885696828365327 0.61721614003181469 3.5000000000000004 0.55445328354835521 0.88989898562431347 0.71569290757179271
decision_type=2 2 2 2 2 2 2 2 2 2 2 2 2 2 2 2 2 2 2 2 2 2 2 2 2 2 2 2 2 2
left_child=7 26 -3 5 24 6 -4 10 9 -9 11 12 13 16 -14 21 -1 18 -13 20 -10 -15 -18 -6 -5 -26 -2 -28 -20 -30
right_child=1 2 3 4 23 -7 -8 8 19 -11 -12 17 14 15 -16 -17 22 -19 28 -21 -22 -23 -24 -25 25 -27 27 -29 29 -31
leaf_value=-0.0068991787091604185 0.038013068042551411 0.074196070659056715 -0.045540484414791228 -0.0054231566404185456 -0.009862183699948417 0.02562752223921462 0.012637440501494641 0.072324310022420193 -0.062605847562768019 -0.046280199116422498 -0.0010222485913859494 0.25517888767393071 0.34467149104112715 -0.038532246672995318 0.04750436464547985 0.14601403778189589 0.3088987888037496 0.016392474695084126 -0.049397956492036744 -0.0053266570873935484 -0.014887014031968418 0.11177067308122668 0.085705553849780292 -0.047411165897229587 0.072944841831928883 0.0087799658515333272 0.039739081191413186 -0.0032275837236121806 0.07914124653414395 -0.022054533355278901
leaf_weight=15.293034680477829 185.25695123462356 34.867087009231909 71.425072435245966 702.33599910360499 163.11165673533105 331.36868003731433 123.15432191127911 60.007019379219855 98.119590095244348 27.855537274641392 4199.5021940103916 2.3491441077931077 1.8239863650960604 79.763807116087264 180.84753504923719 5.4151681627881763 3.0949750359795898 248.14211261173114 88.561164120699686 1420.7305961764068 386.42590583153651 6.248742840380145 17.230634434556123 190.57895579414617 42.516479888792674 138.89625577613333 93.878738609608263 302.03453562095456 17.928567024981021 42.919822425232269
leaf_count=1362 8930 3100 3481 36493 7855 21433 2385 1923 1898 1565 654480 144 275 25445 20619 1100 238 9037 4600 45905 9789 863 589 8370 7738 40854 3971 21847 1392 1213
internal_value=-0.000100151 0.00380283 -0.00041676 -0.00189206 -0.00818806 0.012921 -0.00871817 -0.00144563 -0.00823451 0.0347225 0.0013107 0.015117 0.0321668 0.00584766 0.0504716 -0.0173291 0.065339 0.00191219 -0.0217647 -0.0102155 -0.02455 -0.0276129 0.119691 -0.0300947 0.000579332 0.0238179 0.0168591 0.00696065 -0.026119 0.00776212
internal_weight=9281.68 2379.42 1798.25 1763.39 1237.44 525.948 194.579 6902.26 1993.14 87.8626 4909.12 709.619 309.718 127.046 182.672 91.4277 35.6186 399.901 151.759 1905.28 484.545 86.0125 20.3256 353.691 883.749 181.413 581.17 395.913 149.41 60.8484
internal_count=948894 166457 131709 128609 101310 27299 5866 782437 61080 3488 721357 66877 50491 29597 20894 27408 2189 16386 7349 57592 11687 26308 827 16225 85085 48592 34748 25818 7205 2605
is_linear=0
shrinkage=0.1


Tree=144
num_leaves=31
num_cat=0
split_feature=20 3 17 7 8 32 41 45 7 42 12 42 3 4 15 10 15 27 31 41 43 18 43 12 42 3 42 10 12 15
split_gain=4.77208 4.77218 4.63448 11.695 11.3727 5.72866 5.28004 5.13457 8.52262 9.54735 9.87718 8.67201 10.0262 8.10632 8.18426 10.6092 5.83933 5.71663 5.60908 6.51856 5.27611 22.538 11.4632 9.23897 15.069 20.6856 23.4456 11.1484 10.9508 9.82248
threshold=1.0000000180025095e-35 1.0000000180025095e-35 3.5000000000000004 0.87026646733284008 23.500000000000004 5.3134491443634042 0.21483516693115237 0.93734034895896923 0.48181217908859258 0.65419578552246105 0.9095454514026643 0.88416817784309398 0.60097089409828197 0.1490740776062012 0.98830369114875805 0.74834555387496959 0.82626661658287059 268.50000000000006 7.7636303901672372 0.80874973535537731 0.38873073458671575 1.0000000180025095e-35 0.36397199332714086 0.61980068683624279 0.68496239185333263 0.46709956228733068 0.76817703247070324 0.78117021918296825 0.97603830695152294 0.88935971260070812
decision_type=2 2 2 2 2 2 2 2 2 2 2 2 2 2 2 2 2 2 2 2 2 2 2 2 2 2 2 2 2 2
left_child=-1 -2 7 4 6 -5 -4 20 9 10 -9 17 -13 -12 15 -15 -17 -10 19 -14 21 22 -3 -23 28 26 27 -26 29 -25
right_child=1 2 3 5 -6 -7 -8 8 11 -11 13 12 18 14 -16 16 -18 -19 -20 -21 -22 23 -24 24 25 -27 -28 -29 -30 -31
leaf_value=-0.10494756667779633 -0.11048605058433035 0.0065162929957709465 0.087521145550896018 0.071183707941088067 -0.066955246456246273 -0.0032614397468536667 -0.012683237131574258 -0.037729533044481969 -0.0021827181804202501 0.58348359900091051 -0.070768131835751036 0.33053412002854865 0.31691705995254782 -0.063585723139793202 -0.0092654671088147952 0.4763263351221742 0.21829365867875589 -0.054326629206374537 0.1255742079151789 -0.014086334700614003 -0.00053225736527274332 -0.064813856532446409 0.032271924151693568 -0.0049827235998828323 -0.10181125227478074 0.032791841222026899 1.4473103912412324 1.1358244990895283 0.26720334061732415 -0.065350346054783959
leaf_weight=4.3387623155485917 3.9110995307310068 1184.7501889513724 6.1818313313415265 16.566170843303553 55.578897747771407 27.488356618749094 35.207432162293117 9.0492586370010084 28.966034415793729 0.32459232952896755 1.9568178131012226 1.0066738514360647 0.60903826891445234 1.0107950545643687 2.0639791376161156 1.2695450227474792 2.8366330091084819 76.689678042665037 3.6667375896431613 25.736201715291827 7392.7844324772523 47.080655180383474 202.31724338017011 53.370068299322156 0.32958027368294907 34.368541643256322 0.21842284347076202 0.093411170630133711 1.2087538294581452 54.45424221976009
leaf_count=1392 403 236371 93 2754 1940 1019 1907 9877 11080 117 78 150 121 177 128 100 239 60743 318 6160 386150 66343 13873 64205 312 9518 67 62 125 73072
internal_value=-9.73925e-05 -4.83238e-05 -1.71496e-06 -0.0179915 -0.037402 0.0247328 0.00228312 0.000276274 -0.0177581 0.0459188 0.0363246 -0.0263827 0.0201064 0.109661 0.158829 0.226631 0.298072 -0.0400311 0.00969391 -0.00643434 0.000588245 0.00583706 0.010273 -0.0263565 -0.0137867 0.0432927 0.605957 0.171502 -0.0321146 -0.03547
internal_weight=9275.43 9271.1 9267.18 141.023 96.9682 44.0545 41.3893 9126.16 155.186 18.5116 18.187 136.674 31.0187 9.13777 7.18095 5.11697 4.10618 105.656 30.012 26.3452 8970.98 1578.19 1387.07 191.124 144.043 35.01 0.641414 0.422991 109.033 107.824
internal_count=948894 947502 947099 7713 3940 3773 2000 939386 89288 10716 10599 78572 6749 722 644 516 339 71823 6599 6281 850098 463948 250244 213704 147361 9959 441 374 137402 137277
is_linear=0
shrinkage=0.1


Tree=145
num_leaves=31
num_cat=0
split_feature=28 29 8 51 30 29 6 30 31 29 29 40 28 44 32 29 40 1 48 10 35 52 29 1 14 40 12 33 32 16
split_gain=4.65218 22.7823 27.8744 34.3466 29.4905 32.0052 26.2419 23.2402 23.166 29.9522 24.2588 22.5686 21.771 21.503 20.0199 33.6678 19.1926 25.6481 34.532 25.1358 23.818 26.7398 33.3593 29.865 28.6815 25.0251 22.1528 22.0714 50.6167 19.1751
threshold=0.64583334326744091 0.64689669013023388 1.5000000000000002 0.78456193208694469 0.98690816760063182 0.80237358808517467 1.5000000000000002 0.84386560320854198 7.1206059455871591 0.53146395087242138 0.41845747828483587 0.76384067535400402 0.5634920895099641 0.48559835553169256 3.2679439783096318 0.5360688865184785 0.96808147430419933 0.89986109733581554 0.15770870447158816 0.83549243211746227 1.0000000180025095e-35 0.70299971103668224 0.32969656586647039 0.85577350854873668 6.5000000000000009 0.85847797989845287 0.88944441080093395 8.8637833595275897 6.4749226570129403 0.23611111193895343
decision_type=2 2 2 2 2 2 2 2 2 2 2 2 2 2 2 2 2 2 2 2 2 2 2 2 2 2 2 2 2 2
left_child=1 7 3 12 5 -4 -6 14 9 13 -10 -12 -3 -9 15 -1 17 18 20 29 -16 26 -23 24 25 27 -22 28 -24 -20
right_child=-2 2 4 -5 6 -7 -8 8 10 -11 11 -13 -14 -15 16 -17 -18 -19 19 -21 21 22 23 -25 -26 -27 -28 -29 -30 -31
leaf_value=0.016511253562084865 0.0026919056873422704 -0.098637124391887418 -0.010734644633772448 -0.085333931189964629 0.016071789501793103 0.059429861569610234 -0.1108938124888907 0.051339026641092758 0.14631183058604944 -0.059943753717240846 -0.0043910193568003292 0.064008160501780584 0.082896990939332518 -0.048175824341981817 0.013864459821369508 -0.10264935836085674 -0.052545263205879544 0.013216374466615562 -0.037861439461825776 0.021901155313167484 0.031350726078719186 -0.0030588991051990022 -0.16945409570550141 -0.020698036193487594 -0.025313074446366737 -0.0041561722526406303 -0.007581235710008712 -0.18211995606185372 -0.70923044241637667 -0.0075707060719460125
leaf_weight=44.599202075414723 3630.794390571873 9.2018867704464338 445.06511736852917 108.45200517596459 24.488031323657196 76.131420717851142 48.559910283343925 87.534324558619119 21.558463237408432 60.801982713997859 84.679769088601461 112.09912830316171 23.421436349803116 28.875996676590148 1027.6596602198661 50.626236149186298 69.728964939909929 1140.7231558112926 522.42583210410339 126.85771931854833 177.17904238969641 93.032771825048258 4.2677235719165827 33.678757126413984 13.707452491013099 5.4125975957431356 834.71336357180007 18.076776491827331 2.9299704085569829 348.32800331875114
leaf_count=3791 247053 348 23806 2931 1143 3801 2430 6418 1716 3599 3558 4315 937 2574 114952 6983 3994 65878 274641 29985 8679 4433 178 1519 575 372 22753 197 79 105256
internal_value=-0.000100517 -0.00189663 -0.0183121 -0.0582718 -0.0088256 -0.000485683 -0.0683308 0.000562006 0.0238043 -0.0030579 0.0456069 0.034574 0.0316926 0.026654 -0.00147468 -0.04684 -0.000497035 0.000337473 -0.00424171 -0.0196856 0.00272769 -0.00694671 -0.043508 -0.0917075 -0.145577 -0.199297 -0.000764377 -0.241087 -0.389181 -0.0257442
internal_weight=9275.61 5644.82 735.32 141.075 594.244 521.197 73.0479 4909.5 395.55 177.212 218.337 196.779 32.6233 116.41 4513.95 95.2254 4418.72 4348.99 3208.27 997.612 2210.66 1183 171.106 78.0733 44.3945 30.6871 1011.89 25.2745 7.19769 870.754
internal_count=948894 701841 35396 4216 31180 27607 3573 666445 22180 12591 9589 7873 1285 8992 644265 10774 633491 629497 563619 409882 153737 38785 7353 2920 1401 826 31432 454 257 379897
is_linear=0
shrinkage=0.1


Tree=146
num_leaves=31
num_cat=0
split_feature=43 10 29 3 42 15 13 38 45 12 49 3 47 43 27 42 3 43 42 31 12 27 44 51 28 49 49 32 48 29
split_gain=4.62342 10.8578 9.34173 11.8087 11.469 8.72029 15.2682 9.55764 8.16786 7.98503 7.51213 7.40329 6.71758 6.35098 6.01118 12.7428 16.2422 12.1431 11.0766 9.72758 11.833 9.56844 9.01782 7.4017 6.75791 6.82976 5.95945 18.344 11.2494 10.9004
threshold=0.80111765861511242 0.68815225362777721 0.2420984357595444 0.67028984427452099 0.96051946282386791 0.99719101190567028 0.58578431606292736 1.0000000180025095e-35 0.09496015310287477 0.93677547574043285 1.0000000180025095e-35 0.86526826024055492 0.46768617630004888 0.85630685091018688 131.50000000000003 0.95553359389305126 0.89512962102890026 1.0000000180025095e-35 0.83935481309890758 8.1992154121398944 0.42894540727138525 121.50000000000001 0.91176471114158641 0.14724481105804446 0.84523808956146251 1.0000000180025095e-35 1.5000000000000002 6.0357875823974618 0.15770870447158816 0.90507152676582348
decision_type=2 2 2 2 2 2 2 2 2 2 2 2 2 2 2 2 2 2 2 2 2 2 2 2 2 2 2 2 2 2
left_child=14 -2 11 4 -4 8 9 -8 10 -7 -5 12 -3 -9 15 17 -17 18 23 22 -21 -20 -18 -1 25 -19 29 -28 -29 -16
right_child=1 2 3 5 -6 6 7 13 -10 -11 -12 -13 -14 -15 26 16 19 24 21 20 -22 -23 -24 -25 -26 -27 27 28 -30 -31
leaf_value=0.3355728230529369 0.072113064401495008 0.27943106674060791 -0.11429914284196799 0.0036126608716834162 0.10329791692048139 0.045675019620324747 -0.0041933115663372132 -0.022757464602999627 -0.017461415157384422 0.26106691205186427 0.023551393956722923 -0.013578770330809365 0.081061768820285485 -0.091656266327074798 -0.0020256240405169177 0.14642111061521665 0.033678144244926864 -0.0083772227966980879 0.32604377249582495 -0.02536307915822782 0.069877027663971802 0.032486384537291607 0.13429084924705992 0.029589508161612512 0.051031602623784568 0.0086270571908844077 -0.011417938599482508 0.025360499699899855 -0.010734744490603222 0.011917704796326541
leaf_weight=0.81000736504120041 24.293889770335227 1.9400537554756798 14.633229723374827 477.22229938025703 2.9027570613980052 13.458927625470094 56.968659117414063 23.098445255658589 111.00422714820161 1.9735232335660828 312.82334075629842 7.8337231263867571 14.218239310066563 31.794392671276 4300.9008407371666 11.335981637421353 76.362254917607061 621.43410808271074 2.6486457488645092 57.791895500995452 16.848580694553675 1.9117713475716298 10.084796184208242 32.931108621574822 24.7015789052748 381.03476801124634 1595.741597085901 251.26867988169397 131.54646946924822 644.71917780307558
leaf_count=93 3645 67 259 27212 2436 1358 17424 529 5505 149 52714 252 1511 588 481357 988 3421 36376 155 669 1409 117 265 4986 1646 28174 175288 20844 54894 24563
internal_value=-9.77953e-05 0.00600633 0.00450522 0.00308995 -0.07828 0.00447752 -0.0200225 -0.0328862 0.00793871 0.0732196 0.0115075 0.066201 0.104879 -0.0626642 -0.000916083 0.00550224 0.0307232 0.00142077 0.0567056 0.0225814 -0.00386455 0.202982 0.0454155 0.0369351 -0.000640714 -0.00191396 -0.00206354 -0.0067018 0.0129571 -0.000207949
internal_weight=9256.24 1094.17 1069.87 1045.88 17.536 1028.34 127.294 111.861 901.05 15.4325 790.046 23.992 16.1583 54.8928 8162.07 1237.9 172.424 1065.47 38.3015 161.088 74.6405 4.56042 86.4471 33.7411 1027.17 1002.47 6924.18 1978.56 382.815 4945.62
internal_count=948894 113649 110004 108174 2695 105479 20048 18541 85431 1507 79926 1830 1578 1117 835245 78299 6752 71547 5351 5764 2078 272 3686 5079 66196 64550 756946 251026 75738 505920
is_linear=0
shrinkage=0.1


Tree=147
num_leaves=31
num_cat=0
split_feature=7 42 7 8 7 8 43 7 10 10 14 1 42 4 8 42 47 39 43 45 5 48 2 7 41 7 44 8 24 12
split_gain=4.51122 41.2089 15.5264 18.1048 13.3576 13.265 12.9861 11.2447 13.3046 41.7441 30.9712 11.6188 10.7839 20.1822 39.2127 26.8293 16.9824 18.068 18.1281 21.9075 16.8185 15.5039 15.3005 13.6528 22.2037 13.3896 14.0626 20.6625 17.9453 29.7564
threshold=0.22318007797002795 0.18350168317556384 0.30583900213241583 32.500000000000007 0.12861869484186175 24.500000000000004 0.41186347603797918 0.17192118614912036 0.68704938888549816 0.65359085798263561 3.5000000000000004 0.57805734872818004 0.15535444766283038 0.39369100332260137 17.500000000000004 0.31698563694953924 0.92284354567527782 0.86607143282890331 0.55904665589332592 0.40101037919521337 0.2264957278966904 0.15190565586090091 0.27812939882278448 0.44543650746345526 0.51191151142120372 0.65261757373809826 0.18199831992387774 18.500000000000004 0.35492460429668432 0.78589195013046276
decision_type=2 2 2 2 2 2 2 2 2 2 2 2 2 2 2 2 2 2 2 2 2 2 2 2 2 2 2 2 2 2
left_child=1 5 3 6 -3 -1 -2 11 9 -9 -11 -7 -4 14 15 21 22 18 19 -18 -16 -14 -15 -19 -25 26 28 -28 29 -21
right_child=2 4 12 -5 -6 7 -8 8 -10 10 -12 -13 13 16 20 -17 17 23 -20 25 -22 -23 -24 24 -26 -27 27 -29 -30 -31
leaf_value=-0.11541750143850496 0.073301869377914664 0.16315889118855609 0.02777153116440791 -0.071301639247044732 0.029694609242314925 -0.11634181672440587 0.012521927692646062 -0.050696521766449648 0.0036943436838390818 2.0819824515860748 0.16039281652689466 0.030486901237465988 0.027083577497916674 0.18868248585648506 -0.057537868946008 -0.037946199059313082 0.066815988455368763 0.15316615368962874 -0.056877163379737965 0.023357482172644196 0.16830607368750536 -0.040046651698106998 -0.00056819482602509571 -0.008478320785662281 0.070722432438963936 -0.037345327641369552 0.086094232802322132 -0.099379297922670806 0.066973093898355041 1.323236407933198
leaf_weight=29.111964655430711 69.872843278113578 9.8495433286152529 134.01964418099669 15.455320436074542 31.421461118301522 18.998813046264335 70.743491484514379 0.77189132642525027 21.834753946117416 0.19937589913752163 0.14478643383336021 7.5235886127666154 236.0058307437339 4.2743021798823966 202.66040862674708 128.93754505514335 56.483212140134128 11.256117091543272 41.761931456509046 0.33475194184575485 3.3519316466317823 40.274745443362917 7866.8860199163446 59.169139875353721 88.103628462991765 64.77307540527454 18.567438089527062 8.8786365659125277 1.1516057761182308 0.37159465785953216
leaf_count=2187 8331 436 8988 5110 2992 1911 1368 390 1256 153 93 419 15286 1035 88024 37634 3315 517 1872 154 488 19753 685194 7258 8675 32603 6961 6349 75 67
internal_value=-9.10104e-05 -0.0193655 0.000162205 0.0314321 0.0615466 -0.0618585 0.0427237 -0.0303423 0.0209079 0.357678 1.27358 -0.074691 -0.000382036 -0.000809187 -0.0183403 -0.000280531 0.000494091 0.0220203 0.0014172 0.0175867 -0.0538633 0.0172977 -0.000465425 0.0470154 0.0389023 -0.0119702 0.0441185 0.0260947 0.31037 0.707197
internal_weight=9243.19 119.856 9123.33 156.072 41.271 78.5852 140.616 49.4732 22.9508 1.11605 0.344162 26.5224 8967.26 8833.24 611.23 405.218 8222.01 350.851 192.322 150.56 206.012 276.281 7871.16 158.529 147.273 94.0771 29.304 27.4461 1.85795 0.706347
internal_count=948894 9837 939057 14809 3428 6409 9699 4222 1892 636 246 2330 924248 915260 161185 72673 754075 67846 51396 49524 88512 35039 686229 16450 15933 46209 13606 13310 296 221
is_linear=0
shrinkage=0.1


Tree=148
num_leaves=31
num_cat=0
split_feature=30 29 12 40 1 7 33 6 28 29 5 41 3 42 3 5 1 29 47 29 4 7 40 1 3 41 32 3 3 41
split_gain=4.9711 64.6815 20.4517 30.5798 26.7762 17.7852 40.9178 25.9632 21.7324 18.6646 16.8074 16.2735 31.5332 48.9683 30.1059 28.1922 25.0427 19.9163 20.0149 22.6095 18.8697 42.1824 37.1409 45.8178 25.0364 24.1335 22.1527 35.2105 22.7583 23.6038
threshold=0.52870488166809093 0.33491063117980963 0.63658976554870617 0.89386734366416942 0.86213073134422313 0.73401361703872692 6.6518592834472665 1.5000000000000002 0.37980769574642187 0.25534695386886602 0.27922078967094427 0.5793287754058839 0.78142958879470836 0.9136645793914796 0.77459678053855907 0.47727273404598242 0.94667077064514171 0.39672353863716131 0.31472656130790716 0.54102641344070446 0.73942819237709057 0.78817018866539013 0.7432234287261964 0.91198214888572704 0.85270011425018322 0.89699381589889537 1.5308482050895693 0.87411972880363475 0.87570226192474376 0.6789083480834962
decision_type=2 2 2 2 2 2 2 2 2 2 2 2 2 2 2 2 2 2 2 2 2 2 2 2 2 2 2 2 2 2
left_child=2 5 4 -4 -1 6 10 -7 -9 -8 -2 14 13 16 15 -3 -13 -15 19 -19 21 24 23 -22 -14 -25 27 -23 -28 -30
right_child=1 11 3 -5 -6 7 9 8 -10 -11 -12 12 20 17 -16 -17 -18 18 -20 -21 22 26 -24 25 -26 -27 28 -29 29 -31
leaf_value=-0.06331165768466801 -0.11107899217896387 0.011560054777795372 0.0019370028185838933 -0.048851584157424452 0.0046042622496992574 0.12770571507848846 0.22213543041648129 -0.034857643326368939 0.073737696981100262 0.052363212672809106 0.020656492860252354 -0.048932915612466155 -0.066782015228280714 0.21261541588173494 -0.0074351934825138679 0.11147394648012397 0.33988776627624007 0.14806900680764851 -0.11017615848023894 0.013227993314088166 -0.086754650373778441 -0.11693809515038055 -0.00012112109191659708 -0.013372843516111878 0.0012624991981025208 0.13131512751388327 0.061973438150919338 0.02309248530188536 -0.051856112345867234 0.048825191558330344
leaf_weight=126.3739794683288 22.640357664819021 55.186797527861927 2056.5169696428939 125.80206249154435 107.37277052074569 57.005033759378421 8.5283667576222779 26.391393563393649 61.074990128294303 26.905037565389648 16.924815027872683 328.81550294996305 61.851747168715519 5.5041404621151733 133.5793378100243 57.838654979379498 1.6648494367909723 14.344480283332812 11.043676722965754 93.418031551333115 112.76012725555302 22.084778962751443 4702.3789354802157 101.11092048658611 429.99454895111012 13.01154328171833 263.2967971783637 96.065656837094139 41.383205792764784 53.245530928092194
leaf_count=151156 1591 5921 311610 2697 35842 4414 840 3816 4550 3221 2328 30104 4977 437 9440 2642 148 1416 2355 19802 7574 595 284426 4781 26888 931 11865 8598 1731 2198
internal_value=-0.000104184 0.001277 -0.00400185 -0.000990758 -0.0321141 0.0546839 0.015174 0.0751945 0.040971 0.0932252 -0.0547264 -0.000499321 -0.00147782 -0.0268493 0.0247046 0.0626891 -0.0469742 0.0266528 0.0180374 0.0311769 0.000478828 0.0132441 -0.0020278 -0.0415457 -0.00729439 0.00312359 0.034463 -0.00308215 0.0468566 0.00479507
internal_weight=9234.12 6818.05 2416.07 2182.32 233.747 219.47 74.9986 144.471 87.4664 35.4334 39.5652 6598.58 6351.97 454.791 246.605 113.025 330.48 124.31 118.806 107.763 5897.18 967.922 4929.26 226.883 491.846 114.122 476.076 118.15 357.926 94.6287
internal_count=948894 447589 501305 314307 186998 20760 7980 12780 8366 4061 3919 426829 408826 54262 18003 8563 30252 24010 23573 21218 354564 56852 297712 13286 31865 5712 24987 9193 15794 3929
is_linear=0
shrinkage=0.1


Tree=149
num_leaves=31
num_cat=0
split_feature=5 6 28 12 45 4 3 3 5 5 4 3 44 4 51 1 28 29 1 4 8 28 42 52 7 8 7 8 42 7
split_gain=4.83907 27.3326 53.7308 39.1655 36.1113 26.8637 41.4985 36.1452 26.7819 27.4288 21.2694 19.7062 19.5396 19.479 46.6021 20.867 18.996 18.9274 18.6823 18.0692 48.397 28.4829 23.6891 33.9064 21.0107 40.0176 19.6697 29.1129 29.2315 28.984
threshold=0.32051283121109014 1.5000000000000002 0.36931818723678594 0.66793406009674083 0.30889400839805609 0.5793287754058839 0.77459678053855907 0.75582656264305126 0.11805555596947671 0.12916667014360431 0.6696164906024934 0.95293468236923229 0.01436695456504822 0.69604039192199718 0.69860392808914196 0.82638135552406322 0.19090909510850909 0.2420984357595444 0.87974917888641369 0.45035210251808172 2147483689.0000005 0.27922078967094427 0.81557065248489391 0.75582656264305126 0.8019607961177827 5.5000000000000009 0.65058138966560375 9.5000000000000018 0.24744898080825808 0.52521184086799633
decision_type=2 2 2 2 2 2 2 2 2 2 2 2 2 2 2 2 2 2 2 2 2 2 2 2 2 2 2 2 2 2
left_child=8 3 -3 11 -5 6 12 -7 13 -10 16 -2 -4 15 -15 19 -11 -18 -12 20 24 -21 -23 -24 25 -1 27 28 -27 -29
right_child=1 2 5 4 -6 7 -8 -9 9 10 18 -13 -14 14 -16 -17 17 -19 -20 21 -22 22 23 -25 -26 26 -28 29 -30 -31
leaf_value=0.098768545828964882 0.017299132084548283 -0.048769984847938007 -0.018513804581070863 0.029726588761359026 0.1192715403276977 -0.05873461614104622 0.00046919969621409474 0.0011155615513785404 -0.12816939936851865 -0.085151547468361677 0.033629873454476981 -0.056193112139051496 0.11298565690020718 0.10072343256418466 -0.0008023286831914131 -0.053889334177022546 0.022393190833704564 -0.049507301733087559 -0.024780777410426724 0.033609431336640037 -0.063085416864851071 -0.076334143068261889 0.24172409343737625 -0.0073862720368549663 -0.044807273348568107 0.01613725470078908 -0.062616248229161231 0.0046802436463849861 0.13559713433829934 -0.065891306756657247
leaf_weight=44.297041474015714 83.26506172183872 221.67044896059997 13.499377085739978 205.20044923352543 57.699704724902404 102.6225284923421 126.20560764958645 6035.0782572513745 24.611131969396411 68.79795751405527 102.27627514036885 64.942330619174754 69.347017361960752 64.605356903623033 150.61404670758202 74.989739130505768 59.280785980038672 95.745416095420296 117.8585668344931 308.31815367205763 133.74339979490924 50.027622844530924 5.9603828519284425 65.587243165138716 89.097825601649674 57.834002881001652 45.670999907593796 579.95906616369211 31.717228597459325 64.687912019493524
leaf_count=6678 12706 48454 317 7709 2048 10486 9793 365287 10822 54469 18758 5203 5475 9915 25971 7825 28269 26466 14167 44538 98743 13251 284 11037 28141 3641 16351 44844 4209 13037
internal_value=-0.000106087 0.00119085 -0.000374724 0.0262047 0.0493794 0.00131556 0.0365675 0.000114865 -0.00415498 -0.02541 -0.0197134 -0.0149041 0.0915585 0.00148103 0.029674 -0.00242884 -0.0414203 -0.0220131 0.00235724 0.000184068 -0.00690354 0.017446 -0.023545 0.0133662 0.00132405 0.00631115 0.00105951 0.00502048 0.0584475 -0.00240135
internal_weight=9215.21 6979.53 6568.42 411.108 262.9 6346.75 209.052 6137.7 2235.68 468.57 443.959 148.207 82.8464 1767.11 215.219 1551.89 223.824 155.026 220.135 1476.9 1047.01 429.893 121.575 71.5476 913.264 824.166 779.869 734.198 89.5512 644.647
internal_count=948894 467478 439812 27666 9757 391358 15585 375773 481416 152951 142129 17909 5792 328465 35886 292579 109204 54735 32925 284754 215644 69110 24572 11321 116901 88760 82082 65731 7850 57881
is_linear=0
shrinkage=0.1


Tree=150
num_leaves=31
num_cat=0
split_feature=49 43 1 52 10 29 6 14 13 15 41 7 43 32 8 4 7 1 12 37 16 12 12 11 15 43 5 1 48 47
split_gain=4.3215 9.57726 5.93675 5.67155 4.68735 4.72276 4.50913 4.28311 26.6861 38.3988 14.9049 13.1473 19.0036 21.3726 23.8149 19.9039 18.1673 19.004 17.421 16.3132 23.0103 25.0917 20.9705 19.0172 28.9769 17.1225 15.4477 13.9893 13.9844 13.7262
threshold=19.500000000000004 0.67475059628486644 0.44450482726097112 0.15831243991851809 0.89249932765960704 0.67496943473815929 2.5000000000000004 4.5000000000000009 0.41277891397476202 0.70042735338211071 0.98213714361190807 0.63714733719825756 0.68875408172607433 6.0015373229980478 14.500000000000002 0.36127844452857977 0.35781671106815344 0.87501323223114025 0.76776695251464855 1.0000000180025095e-35 0.23611111193895343 0.76776695251464855 0.72423115372657787 0.93946442008018505 0.94142156839370739 0.53524437546730053 0.2264957278966904 0.72194173932075512 0.57697167992591869 0.77367496490478527
decision_type=2 2 2 2 2 2 2 2 2 2 2 2 2 2 2 2 2 2 2 2 2 2 2 2 2 2 2 2 2 2
left_child=7 2 3 -2 5 -3 -4 11 9 -9 -11 12 13 -1 15 -15 -16 -18 -17 20 23 28 -21 26 -25 27 -13 -23 -22 -24
right_child=1 4 6 -5 -6 -7 -8 8 -10 10 -12 19 -14 14 16 18 17 -19 -20 22 21 25 29 24 -26 -27 -28 -29 -30 -31
leaf_value=-0.010322661459007064 0.5923109419025282 0.16404237637516517 -0.037954145897527797 0.028046739897228667 -0.035012182796041534 0.024915515446991783 -0.11275721014273797 -0.0040679712790124547 -0.00013353502054204417 -0.069611585239437904 -0.19762356907542267 -0.02513251316439509 0.056972832601382729 0.015126674671346894 0.033683075702964471 0.049277811140898749 -0.039192351694893872 0.067528355036705082 0.13489291137600679 0.013228758974939914 0.06167166604204341 0.050908806933511769 -0.030399184248311586 0.15324106061028805 0.015881511135821418 0.025705699742505514 0.00043777972599262215 -0.059741858848771923 -0.036855305143089982 0.017659723387868156
leaf_weight=353.37155135350349 0.26462762098071735 3.8500202466093487 25.921692804645318 0.54496391707471048 5.981672712849103 6.6616702802857617 11.693857296397253 167.02491369190284 2858.9624727983919 88.386813630911092 10.138840347277435 252.45182110222686 88.027003961091395 102.90754579930945 94.932150646689479 75.270876639755443 113.8413091870807 19.551535020220399 34.734290830481768 204.89703247858415 162.16837703692909 14.246174436979343 471.87941824572226 19.409101864192053 73.580792524724529 103.26571751569281 3683.9788923716378 57.713841090386268 15.810155757293613 67.992941995751607
leaf_count=46510 122 127 6300 235 575 406 2122 19321 176535 44703 368 150899 4323 16292 20525 15049 58104 1612 3463 43728 28685 1477 43790 699 2357 6812 236018 1303 9253 7181
internal_value=-0.000115059 -0.0280827 -0.0554422 0.212485 0.0356576 0.0758722 -0.0612088 5.30873e-05 -0.00295011 -0.0332738 -0.0827847 0.0016144 0.0128873 0.00800354 0.0226803 0.0467386 0.000246058 -0.0235502 0.0763109 -0.000326143 0.00199908 0.0264729 -0.014009 -0.000146208 0.0445516 -0.000388978 -0.0012021 -0.037836 0.0529193 -0.0243465
internal_weight=9189.46 54.9185 38.4251 0.809592 16.4934 10.5117 37.6156 9134.54 3124.51 265.551 98.5257 6010.03 882.636 794.609 441.238 212.913 228.325 133.393 110.005 5127.39 4382.62 353.204 744.769 4029.42 92.9899 175.226 3936.43 71.96 177.979 539.872
internal_count=948894 9887 8779 357 1108 533 8422 939007 240927 64392 45071 698080 165878 161555 115045 34804 80241 59716 18512 532202 437503 47530 94699 389973 3056 9592 386917 2780 37938 50971
is_linear=0
shrinkage=0.1


Tree=151
num_leaves=31
num_cat=0
split_feature=7 42 7 7 8 8 24 8 4 7 1 7 1 42 8 27 8 46 4 8 42 1 42 48 5 8 7 3 43 7
split_gain=4.37567 34.6585 11.7257 11.6353 13.7577 12.2429 12.0047 11.1994 10.0655 9.82024 9.67983 8.82787 10.7957 8.79546 12.5771 11.4877 8.78606 8.65892 8.28896 36.5671 23.7195 12.4648 15.8441 12.6293 11.2569 12.0335 20.8021 10.2765 9.93911 9.03207
threshold=0.22318007797002795 0.18350168317556384 0.12861869484186175 0.30583900213241583 31.500000000000004 15.500000000000002 0.17500858008861545 21.500000000000004 0.21483516693115237 0.29459981620311743 0.68721929192543041 0.17192118614912036 0.58069780468940746 1.0000000180025095e-35 15.500000000000002 306.50000000000006 33.500000000000007 0.75776514410972606 0.39369100332260137 15.500000000000002 0.31698563694953924 0.5705150067806245 0.28801843523979193 0.10714599490165712 0.2264957278966904 22.500000000000004 0.42980295419692999 0.3034138977527619 0.38503691554069525 0.42340287566185003
decision_type=2 2 2 2 2 2 2 2 2 2 2 2 2 2 2 2 2 2 2 2 2 2 2 2 2 2 2 2 2 2
left_child=1 7 -3 4 5 8 -7 10 9 -2 -1 12 16 14 -5 -16 -9 -18 19 20 -15 23 -23 27 25 26 28 -20 -21 -22
right_child=3 2 -4 13 -6 6 -8 11 -10 -11 -12 -13 -14 18 15 -17 17 -19 21 24 29 22 -24 -25 -26 -27 -28 -29 -30 -31
leaf_value=-0.15775373546241422 -0.18317238145521009 0.15355059485485809 0.026201863190353527 0.034189759504035459 -0.063056403238949996 0.079936949292553405 0.018416430387064218 -0.1405056836598351 0.039763043590078082 0.083821045232632937 0.09641219857018557 -0.0017339063556659588 0.025054590205705066 0.020516650365331734 0.084477419724373753 0.4963075486075737 0.28453148232889858 -0.06145043638444634 0.26230152447560451 0.036897366229042154 0.076058049763780583 0.30250293203137968 -1.4733437159492366e-06 -0.01538445064085539 0.13335745578974698 -0.066790228336121124 -0.089373558086398422 0.064701394754270156 -0.024886415278693345 -0.04032452327213995
leaf_weight=14.680053943899113 6.2972074087738275 9.3766531793044106 31.584273065014713 19.007091460378437 15.304672469705109 58.783698522631312 68.889309132609924 18.711902235936584 6.9027285620686589 1.7633464330283457 1.6687498843675701 31.552080558121816 7.6803453445518235 326.22650175742001 1.5655168309021967 1.1938404250358869 0.96596959271118921 2.8801778492725134 2.8335805103051817 40.880502637954123 7.1229418651200822 1.731797408654528 8116.5696311355368 22.187895961566937 3.6929794935276723 114.76522546625529 36.446900724642546 36.978524114998436 71.711913974315394 104.45943045764398
leaf_count=1295 581 436 2992 1068 5187 5413 2915 1412 606 107 86 2334 456 36594 71 135 137 689 224 7791 612 226 733723 15822 515 81590 6039 4085 1074 34679
internal_value=-0.000110244 -0.0191531 0.0553542 0.000139941 0.0270445 0.0367122 0.0467419 -0.0582101 -0.048866 -0.124764 -0.131811 -0.0387365 -0.0773467 -0.000337116 0.0631527 0.262656 -0.112211 0.0254438 -0.000492643 -0.0108943 0.00690382 0.000404188 6.30569e-05 0.045072 -0.0400242 -0.0424513 -0.0237096 0.0787654 -0.00245371 -0.0328952
internal_weight=9184.42 119.1 40.9609 9065.32 157.941 142.636 127.673 78.1393 14.9633 8.06055 16.3488 61.7905 30.2384 8907.37 21.7664 2.75936 22.558 3.84615 8885.61 705.306 437.809 8180.3 8118.3 62 267.498 263.805 149.039 39.8121 112.592 111.582
internal_count=948894 9837 3428 939057 14809 9622 8328 6409 1294 688 1381 5028 2694 924248 1274 206 2238 826 922974 168894 71885 754080 733949 20131 97009 96494 14904 4309 8865 35291
is_linear=0
shrinkage=0.1


Tree=152
num_leaves=31
num_cat=0
split_feature=44 5 33 49 45 45 44 6 4 5 47 41 1 28 6 5 28 1 32 1 2 42 3 29 13 4 2 1 7 42
split_gain=4.29947 8.46438 10.4724 8.01243 8.57284 7.26373 5.55313 5.38434 20.4857 24.1821 27.5714 31.713 48.3027 29.7672 22.4995 36.9484 33.1141 34.959 22.7329 22.2142 20.3512 22.0685 19.8094 19.0152 18.2221 20.4427 43.6014 28.4892 26.3651 23.5072
threshold=0.92313456535339367 0.72077924013137828 8.2617969512939471 5.5000000000000009 0.35691319406032568 0.42357672750949865 0.99803921580314647 2.5000000000000004 0.95861873030662548 0.47727273404598242 0.23039531707763675 0.68020617961883556 0.85218226909637462 0.64583334326744091 1.5000000000000002 0.32051283121109014 0.37980769574642187 0.81968975067138683 3.2679439783096318 0.97352567315101635 0.76339715719223034 0.52240803837776195 0.91715687513351452 0.31897817552089697 0.053342817351222045 0.69604039192199718 0.63224515318870556 0.81968975067138683 0.60158732533454906 0.78346124291419994
decision_type=2 2 2 2 2 2 2 2 2 2 2 2 2 2 2 2 2 2 2 2 2 2 2 2 2 2 2 2 2 2
left_child=7 -2 3 4 -3 -4 -6 8 9 14 13 -12 -13 -11 15 24 -16 20 -17 23 21 -18 -20 -19 -1 27 -27 -26 -29 -30
right_child=1 2 5 -5 6 -7 -8 -9 -10 10 11 12 -14 -15 16 18 17 19 22 -21 -22 -23 -24 -25 25 26 -28 28 29 -31
leaf_value=-0.063102910996180026 -0.0038896871142926992 -0.041876993508723356 -0.045127973197935142 -0.0082810583507624113 0.070071519598723278 0.022411570048726324 0.14956411492936758 -0.0032389162704925959 -0.027059275686864712 -0.014935297324573826 0.069527939243944056 -0.086330995646754338 0.028537187726409948 0.018377467609869552 -0.047185523971357328 -0.04870471449792195 0.16241155471258012 0.053656565937943018 0.054606075605328486 0.095577120187851958 0.13250490699275522 -0.0070090536643135117 -0.018612509828572668 -0.038602882101247779 -0.0016611098816386096 0.088262996485664824 0.0025782630134467727 0.0085474710578188062 -0.1037988968155677 0.0022433036587068962
leaf_weight=48.819257682048374 171.92018125777031 5.5398277654312542 21.583262051455677 14.400067868875338 35.803974472917616 60.726156889577396 11.646447736769913 3999.121613367588 235.41088132925324 473.64873724436984 156.42480818540571 41.129659461010306 332.96427893390501 618.50973215918202 251.12232635381497 29.836078221829666 9.3925540638520015 25.52951186709106 235.64959010990424 15.916705254858242 25.7573286090701 42.377093262504786 43.822879766390542 178.80093803472118 1564.6584152968826 74.895572480449118 286.80523820835333 58.368533150751318 77.359555652119525 28.645547407775666
leaf_count=49602 12780 100 241 1410 1059 682 354 238622 27332 22020 9796 5350 21313 33391 73938 1456 1156 2214 15558 1274 1846 7708 3502 18433 331797 9262 29387 8265 16381 2665
internal_value=-0.000109188 0.0112485 0.0286337 0.0578643 0.0758392 0.00470128 0.0895825 -0.000521708 0.0017161 0.0031822 0.0130153 0.031718 0.015908 0.00393034 -0.0021404 0.00196119 -0.0204393 0.00211662 0.034267 -0.018212 0.0598683 0.0237289 0.043125 -0.0270758 -0.00270917 -0.00129896 0.0203206 -0.00582161 -0.045425 -0.0751433
internal_weight=9176.59 321.62 149.7 67.3903 52.9902 82.3094 47.4504 8854.97 4855.85 4620.43 1622.68 530.519 374.094 1092.16 2997.76 2448.86 548.896 297.774 309.309 220.247 77.527 51.7696 279.472 204.33 2139.55 2090.73 361.701 1729.03 164.374 106.005
internal_count=948894 16626 3846 2923 1513 923 1413 932268 693646 666314 91870 36459 26663 55411 574444 467875 106569 32631 20516 21921 10710 8864 19060 20647 447359 397757 38649 359108 27311 19046
is_linear=0
shrinkage=0.1


Tree=153
num_leaves=31
num_cat=0
split_feature=20 46 29 32 7 2 48 47 30 8 30 40 1 12 32 49 32 8 8 28 43 51 6 10 33 31 15 43 12 5
split_gain=4.22827 4.25128 12.5818 13.0793 14.7555 12.146 10.1759 11.5983 17.7078 10.7903 9.34756 9.05158 8.56798 10.3071 7.77787 7.7562 7.34039 7.27782 21.55 35.8708 18.2596 17.1536 16.8854 14.1034 10.3449 9.12739 8.25181 10.3628 9.98428 9.42462
threshold=1.0000000180025095e-35 1.0000000180025095e-35 0.65812867879867565 4.110708713531495 0.82554346323013317 0.61938297748565685 0.15770870447158816 0.16160520911216739 0.5381600856781007 1.5000000000000002 0.78297060728073131 0.9833287000656129 0.9147632122039796 0.86680972576141369 4.9750616550445566 15.500000000000002 3.7586243152618413 4.5000000000000009 3.5000000000000004 0.72077924013137828 0.49999992549419409 0.8160579800605775 4.5000000000000009 0.76190578937530529 6.4019715785980233 6.1384429931640634 0.68824186921119701 0.51666805148124706 0.65035662055015575 0.19090909510850909
decision_type=2 2 2 2 2 2 2 2 2 2 2 2 2 2 2 2 2 2 2 2 2 2 2 2 2 2 2 2 2 2
left_child=-1 2 3 4 -2 -4 7 -5 -9 14 16 -3 13 -11 -8 17 -6 18 19 21 -20 -7 23 -21 25 -24 27 28 -19 -28
right_child=1 11 5 6 10 15 9 8 -10 12 -12 -13 -14 -15 -16 -17 -18 26 20 22 -22 -23 24 -25 -26 -27 29 -29 -30 -31
leaf_value=-0.10470514818924491 0.0032745831715271395 -0.0011547367169704409 0.068466287638878798 -0.017516623814578958 -0.13648102647161764 0.10535270963233923 -0.031234898905776416 -0.01289418822153429 0.067133804380583792 -0.042921554723288888 0.10631293843223955 -0.080621030414952388 0.033578410765434274 0.13458228495256305 0.074492360068785651 -0.05695775922480082 0.093979706415111455 -0.0015948119233768717 0.010605056508826351 -0.0031588669803480694 0.097759401023611747 -0.090206195797394639 0.072809429818184265 0.04435876947620198 0.028605627879465013 0.2380302282397688 -0.083289037095716209 0.035719468795452652 -0.090990366112830637 -0.015002805008746407
leaf_weight=3.8632504911256538 33.317897820626968 6819.8268367531382 25.290087559053063 169.33411974136834 3.0355442932050201 4.8750761279661665 7.9126419360982245 59.899652699124999 51.353277801928925 35.821788987272157 41.84572256248066 14.363892822591877 58.625557836319786 3.6000784846837623 57.674835584546599 24.713305511999351 2.5372311084356625 132.69507876143325 54.567408199240163 852.42894567485928 42.967370743703214 56.114442187077657 13.804325863984561 67.400416096577828 73.125750492486986 4.4123650447581886 21.505775656809419 74.880999886634527 13.792076748955877 335.82092797651421
leaf_count=1392 841 776574 4632 5043 71 120 135 1274 2878 2259 1892 1130 1296 111 1990 7708 129 10661 750 48477 5344 955 1072 40896 7593 428 7958 3210 859 11216
internal_value=-0.000109608 -6.54828e-05 0.00362987 0.0172504 0.0542754 -0.000346009 0.0105212 -0.00103703 0.024046 0.0303402 0.0901103 -0.00132176 0.00933765 -0.0267116 0.0617372 -0.00132749 -0.0315545 -0.000541163 0.00399689 -9.70084e-05 0.0489995 -0.0745746 0.00439516 0.000322984 0.0454024 0.112828 -0.00971377 0.0054576 -0.0100116 -0.0191126
internal_weight=9161.41 9157.54 2323.35 524.958 80.7364 1798.39 444.222 280.587 111.253 163.635 47.4185 6834.19 98.0474 39.4219 65.5875 1773.1 5.57278 1748.39 1169.7 1072.16 97.5348 60.9895 1011.17 919.829 91.3424 18.2167 578.695 221.368 146.487 357.327
internal_count=948894 947502 169798 17919 2933 151879 14986 9195 4152 5791 2092 777704 3666 2370 2125 147247 200 139539 105635 99541 6094 1075 98466 89373 9093 1500 33904 14730 11520 19174
is_linear=0
shrinkage=0.1


Tree=154
num_leaves=31
num_cat=0
split_feature=45 44 48 33 3 12 1 21 10 13 44 46 14 13 53 15 15 11 10 52 42 53 12 33 40 40 41 53 31 48
split_gain=4.32511 16.0311 16.69 16.0887 14.4728 10.9912 10.5268 12.7475 10.2332 9.48013 9.42863 22.6662 11.4199 11.6031 10.965 9.11847 8.91025 11.4327 8.78849 8.76849 23.2673 23.1415 22.6698 22.0235 16.9993 18.6266 26.7655 20.2517 16.8647 20.2406
threshold=0.064976781606674208 1.0000000180025095e-35 0.18248233199119571 6.4857926368713388 0.52704679965972911 0.97309359908103954 0.94997775554656994 1.0000000180025095e-35 0.84656241536140453 0.86811593174934398 0.43614874780178076 0.19999997317790988 4.5000000000000009 0.36939570307731634 0.37980769574642187 0.99719101190567028 0.7694838047027589 0.83645105361938488 0.83117261528968822 0.74646767973899852 0.80322581529617321 0.42261904478073126 0.67867961525917064 8.1992154121398944 0.55351883172988903 0.7577352523803712 0.87007671594619762 0.11805555596947671 6.1155409812927255 0.20362153649330142
decision_type=2 2 2 2 2 2 2 2 2 2 2 2 2 2 2 2 2 2 2 2 2 2 2 2 2 2 2 2 2 2
left_child=1 2 4 9 -1 16 7 8 18 -3 12 -12 -5 -14 -13 -10 17 -6 -7 20 21 22 -2 -22 -21 26 27 -26 29 -23
right_child=19 3 -4 10 5 6 -8 -9 15 -11 11 14 13 -15 -16 -17 -18 -19 -20 24 23 28 -24 -25 25 -27 -28 -29 -30 -31
leaf_value=0.09083533555115246 -0.035848257643140716 -0.0027253227808547655 0.039575525877066017 0.030696437609969762 0.00027252227204996988 -0.02201364058657258 0.055135556972499014 0.056630882502018975 0.041455400247269063 -0.074316042418026626 -0.034376212552177793 0.045073469267466894 -0.1037604035384504 0.010212353835972032 0.28454386936530746 -0.035611073224309495 -0.015783569063302274 0.085712183101481709 -0.11535319630605595 0.07623077091916107 0.12130776770660141 0.073629837392874292 -0.00099470691353041791 -0.048321024219861897 0.064336570997850326 -0.0031333289346021005 0.063048266111575255 -0.045190106381199829 0.0074471499691291139 0.0090304707768389305
leaf_weight=15.050377726045552 211.66022777527087 343.09813658565326 82.744063851201645 512.129675865428 164.9878142908492 64.770785700180568 45.802783970404562 33.995890215079271 47.120621965594182 19.550997292368265 67.550177032317151 4.5815480497258241 9.1751551753986842 337.73533659356326 3.2816527725080959 22.772770996911277 935.72923792296933 17.303861108026467 11.948328016784215 25.728659512185914 30.054325199260347 94.485332622447459 1577.3105278040939 10.26926261662811 18.038420785182097 3286.9941730136943 28.80028029168534 263.32093558034285 760.45722803737044 99.664450296488212
leaf_count=684 203781 20192 3919 23069 7865 2706 19163 3992 2706 2683 903 209 424 20561 99 2712 50358 1792 346 4658 2401 3887 265239 1972 2592 209176 3425 27215 45320 14845
internal_value=-9.9552e-05 0.00322611 -0.00402876 0.0112927 -0.00668271 -0.00777438 0.0123179 0.00145918 -0.0113338 -0.00658489 0.0182307 -0.0156715 0.0212069 0.00719798 0.145015 0.0163455 -0.0118433 0.0083828 -0.0365505 -0.0015215 0.0026988 0.00159047 -0.00511837 0.0781082 -0.00476446 -0.00534378 -0.0287696 -0.0381682 0.0141631 0.0404685
internal_weight=9146.11 2739.33 1442.23 1297.1 1359.48 1344.43 226.411 180.608 146.613 362.649 934.454 75.4134 859.04 346.91 7.8632 69.8934 1118.02 182.292 76.7191 6406.78 2783.9 2743.58 1788.97 40.3236 3622.88 3597.15 310.16 281.359 954.607 194.15
internal_count=948894 164383 96243 68140 92324 91640 31625 12462 8470 22875 45265 1211 44054 20985 308 5418 60015 9657 3052 784511 537445 533072 469020 4373 247066 242408 33232 29807 64052 18732
is_linear=0
shrinkage=0.1


Tree=155
num_leaves=31
num_cat=0
split_feature=50 3 4 10 42 7 45 8 15 11 50 11 13 16 4 24 30 40 12 15 11 15 14 14 13 29 43 11 36 15
split_gain=4.03907 8.00505 7.36399 6.65813 12.7121 20.6776 10.6147 9.58941 7.9716 15.7532 11.6719 12.67 15.9124 13.0442 11.4795 8.89012 14.7228 13.0421 11.2096 11.0787 9.98885 8.37248 7.99948 7.90771 15.4249 10.8522 9.59987 9.41688 28.9051 18.881
threshold=2.5000000000000004 0.92031747102737438 0.65261757373809826 0.99921876192092907 0.20204081386327746 0.48749218881130224 0.38846023380756384 7.5000000000000009 0.98830369114875805 0.91236156225204479 1.0000000180025095e-35 0.99004951119422924 0.58578431606292736 0.19090909510850909 0.45035210251808172 0.83336672186851513 0.60805124044418346 0.9569842815399171 0.94088524580001842 0.87112742662429821 0.90271633863449108 0.93952456116676342 6.5000000000000009 11.500000000000002 0.67333334684371959 0.36982278525829321 0.59857571125030529 0.9656483829021455 1.0000000180025095e-35 0.9656645953655244
decision_type=2 2 2 2 2 2 2 2 2 2 2 2 2 2 2 2 2 2 2 2 2 2 2 2 2 2 2 2 2 2
left_child=3 -2 -3 8 5 -5 -6 -8 15 14 11 12 13 -11 -10 23 17 -17 19 20 -18 -20 -13 27 -25 26 -26 -1 -29 -30
right_child=1 2 -4 4 6 -7 7 -9 9 10 -12 22 -14 -15 -16 16 18 -19 21 -21 -22 -23 -24 24 25 -27 -28 28 29 -31
leaf_value=9.2537428137364657e-05 -0.044240016759552352 0.33208168670857358 0.017550289339343786 -0.047643613985218269 0.022127644118940699 0.10114999853703677 0.2236306547282009 0.066345325905299637 -0.042088874780923727 0.15290525698851609 -0.074232313458910779 -0.0213036624079458 -0.039126959241475322 -0.034364381010304097 0.023462964014719256 0.011829797268908043 0.022473073466646107 -0.070611668880037254 0.079416217797307939 -0.013995836291305139 0.16502310274367052 0.027416716274016102 0.035586054146405026 -0.081305464825805793 -0.0051937475033918641 -0.022334887277315123 0.047558953078256874 -0.011815945965838917 0.154159226781315 0.035380105706957057
leaf_weight=7491.9117822196877 52.469284104468898 0.77347835845648916 19.775080656963837 47.340142449829727 88.418603996342426 11.635156370233743 4.706809482653628 21.96784541386296 32.500322219835653 8.175105893853468 41.431185298250057 43.016277441802231 197.9615539194856 6.8244843429711173 150.0756855219679 51.301123887300491 16.561077658501748 30.656131952651776 55.272046574216802 73.742331310422742 6.990592338202986 70.405988762140623 58.102071587338287 31.167809943472093 105.80202518535589 222.36655356831761 51.185495112789795 80.742712440805917 21.881816207140218 34.455317958025262
leaf_count=791781 8165 133 2620 644 15036 119 118 380 25314 598 3072 3844 7938 565 14479 1578 3959 570 24039 10215 1752 9141 3165 1979 2611 8006 1769 3832 594 878
internal_value=-9.40946e-05 -0.0235193 0.0293897 9.47683e-05 0.0194635 -0.0182883 0.0388081 0.0940987 -0.000284796 -0.0120819 -0.0243437 -0.0177628 -0.0316026 0.0677017 0.0117941 0.000475936 0.0172358 -0.0190075 0.0305576 0.00507433 0.0647847 0.0502856 0.0113849 -0.000159746 -0.0136797 -0.00812358 0.0120062 0.000567775 0.0265412 0.0815149
internal_weight=9129.62 73.0178 20.5486 9056.6 174.069 58.9753 115.093 26.6747 8882.53 538.087 355.511 314.079 212.961 14.9996 182.576 8344.44 304.929 81.9573 222.972 97.294 23.5517 125.678 101.118 8039.51 410.522 379.354 156.988 7628.99 137.08 56.3371
internal_count=948894 10918 2753 937976 16297 763 15534 498 921679 58975 19182 16110 9101 1163 39793 862704 51254 2148 49106 15926 5711 33180 7009 811450 14365 12386 4380 797085 5304 1472
is_linear=0
shrinkage=0.1


Tree=156
num_leaves=31
num_cat=0
split_feature=43 45 42 1 32 1 19 5 14 39 8 8 47 28 7 53 32 8 32 5 5 6 1 10 45 27 13 45 1 28
split_gain=3.91065 7.68423 8.58206 10.8942 15.7469 14.6786 22.1347 17.249 17.4449 16.7928 21.8606 30.127 13.8013 13.6308 18.68 13.3789 11.9349 13.4554 9.97647 15.795 12.2593 15.2408 10.7257 9.94639 9.39625 9.43547 8.64609 8.6171 8.59747 24.2708
threshold=0.77034068107604992 0.12194296717643739 0.84680575132370006 0.84886467456817638 4.8388571739196786 0.94605144858360302 1.0000000180025095e-35 0.61250001192092907 4.5000000000000009 0.81666666269302379 3.5000000000000004 8.5000000000000018 0.27375647425651556 0.5634920895099641 0.93969696760177623 0.89444443583488475 5.0044407844543466 2147483689.0000005 3.2679439783096318 0.64583334326744091 0.36931818723678594 1.5000000000000002 0.95230102539062511 0.81370848417282116 0.033875212073326118 279.50000000000006 0.57417583465576183 1.0000000180025095e-35 0.85054415464401256 0.5634920895099641
decision_type=2 2 2 2 2 2 2 2 2 2 2 2 2 2 2 2 2 2 2 2 2 2 2 2 2 2 2 2 2 2
left_child=-1 2 18 4 -4 7 9 -5 -9 10 27 -12 -6 14 -13 -10 -11 -18 20 26 -2 -22 28 -15 25 -25 -20 -7 -23 -30
right_child=1 -3 3 5 12 6 -8 8 15 16 11 13 -14 23 -16 -17 17 -19 19 -21 21 22 -24 24 -26 -27 -28 -29 29 -31
leaf_value=-0.0009869206825725643 -0.074333113628375205 -0.016401922275735361 0.066570292670680306 -0.0014121901150740811 -0.23286226230437312 -0.027953877680260676 0.080063576834497593 0.045131933217840363 -0.11453184068687224 0.073458234175795542 0.098250031644935731 0.12540618767678188 0.034829040388348664 0.019339828862309311 -0.074273368070091481 0.10159481414526417 0.037038468270108225 -0.10235388703948925 0.063930148453561694 0.1141159193825633 0.16613153512424875 0.032280066180709742 0.057614566552345398 -0.038806894623837351 -0.067976409545164623 0.013109361155474789 0.009175516467317707 -0.091309988634923567 -0.061342876591357468 0.0099818971300148912
leaf_weight=7667.8888649719447 17.389701348351082 154.55904298574751 44.105517306175898 70.762274642955163 3.5572864276473402 51.128084480151301 35.125701414784999 9.9489311903598701 44.253462335167569 45.103877506950084 29.396796144690597 15.795859241537984 4.1998491313133854 62.206124078598805 6.6604630307701873 3.0624122726730993 22.378286538449174 10.028208532079587 39.934208577949903 22.71979116780858 6.2653283011168233 83.556008490591921 41.07771669153226 74.610720931203105 42.772003140766174 65.951338147016941 103.79649655859976 37.005475779733388 59.2826806291705 244.38136810453216
leaf_count=817237 347 8195 6595 5765 100 6273 5495 543 1102 51057 1696 294 121 811 95 339 2789 782 1456 3586 324 6714 3916 891 709 879 5528 2114 1764 11377
internal_value=-8.60733e-05 0.00467445 0.00718711 -0.000582894 0.0434616 -0.00423077 0.00353088 -0.0344319 -0.0752345 -0.00227484 -0.0108138 0.00214927 -0.0879295 -0.00839212 0.066182 -0.100544 0.040197 -0.00609658 0.0157066 0.036636 0.00799846 0.0112931 0.00902804 -0.0152124 -0.0269362 -0.0144479 0.0243886 -0.0545558 0.0038738 -0.00394245
internal_weight=9118.9 1451.02 1296.46 678.053 51.8627 626.19 498.163 128.027 57.2648 463.037 385.527 297.393 7.75714 267.997 22.4563 47.3159 77.5104 32.4065 618.403 166.45 451.953 434.563 428.298 245.54 183.334 140.562 143.731 88.1336 387.22 303.664
internal_count=948894 131657 123462 88450 6816 81634 73885 7749 1984 68390 13762 5375 221 3679 389 1441 54628 3571 35012 10570 24442 24095 23771 3290 2479 1770 6984 8387 19855 13141
is_linear=0
shrinkage=0.1


Tree=157
num_leaves=31
num_cat=0
split_feature=44 32 30 28 13 15 14 13 15 24 49 21 32 12 1 7 13 12 16 43 43 12 10 15 39 10 10 12 15 11
split_gain=3.89127 8.83007 10.4746 9.412 8.76346 35.9572 16.3632 19.8067 40.6678 15.3738 13.7358 21.0793 15.8765 14.9499 24.5652 22.8537 15.4819 26.9518 16.3243 17.1194 16.9219 13.6157 12.4124 12.2893 12.1659 12.1163 12.1 11.7847 14.2242 11.7399
threshold=0.79981598258018505 1.7195520401000979 0.91254472732543956 0.78888890147209179 0.087595909833908095 0.27961546182632452 2.5000000000000004 0.21807064861059192 0.66257530450820934 0.30576355755329138 2.5000000000000004 1.0000000180025095e-35 7.4612622261047372 0.72423115372657787 0.65886279940605175 0.34815546870231634 0.15075758099555972 0.59609016776084911 0.23611111193895343 0.52520248293876659 0.5000000298023225 0.68194955587387096 0.64640581607818615 0.35145692527294164 0.88194444775581371 0.56357872486114513 0.89249932765960704 0.86501669883728038 0.61566331982612621 0.73423838615417492
decision_type=2 2 2 2 2 2 2 2 2 2 2 2 2 2 2 2 2 2 2 2 2 2 2 2 2 2 2 2 2 2
left_child=4 -2 3 -3 5 9 10 8 23 -1 13 29 22 14 26 -15 18 -18 20 -20 -16 -9 -13 25 -21 -8 -6 28 -17 -12
right_child=1 2 -4 -5 6 -7 7 21 -10 -11 11 12 -14 15 16 27 17 -19 19 24 -22 -23 -24 -25 -26 -27 -28 -29 -30 -31
leaf_value=-0.003594701392644345 0.014314435735091335 0.0029668651375296855 -0.053015262496782428 -0.072382840809676274 -0.044776257973454588 -0.059637332558084892 -0.018919701237431613 0.031648931197239265 -0.095288945772246142 0.22553489407018518 -0.076626139740015808 -0.030968301972659831 0.18749528558460443 0.21512837573396784 -0.045857768286180683 -0.059005508463679392 0.11825446463133304 0.036416963553507126 0.10747622926457071 0.049031922192512623 0.031498738271082141 -0.00084868945208805408 0.029897822859736828 -0.025540484680291027 -0.10902115656644523 0.063890258349807938 0.81896211287531939 0.046850922382322899 0.0022481676643258688 0.080160023670552902
leaf_weight=1361.8807291327444 557.62785202029772 467.33326089844923 39.892526699521113 17.187155451189028 41.225831440868205 122.60443705689295 31.279111587238731 132.2012530712027 67.337729180566384 2.9346330709231543 51.453930516066066 58.73276931181681 4.8700972909464317 5.0231714003857624 52.564274694070264 44.954495282458083 54.810116869011836 151.40817706400048 33.00085927353939 13.552848060178805 61.20623827916279 5201.3818017284821 78.001493188419772 107.6361364311224 7.6017272804601808 40.60559036639097 0.16282899935322248 46.63644662986917 241.95823348190061 5.2644665362349761
leaf_count=67604 17301 48720 547 317 36667 118172 1779 30847 44843 152 13909 12650 1581 1071 29210 3499 8877 12103 9929 258 2573 429152 8656 23742 130 2537 69 2586 18436 977
internal_value=-7.51288e-05 0.00555402 -0.00376126 0.000294022 -0.000834574 -0.0077621 0.000742701 -0.00132488 -0.0290171 -0.00310203 0.012857 -0.0105604 0.0100727 0.0190156 0.031725 0.00341725 0.0398119 0.0581683 0.0172696 0.0624606 -0.00424153 -4.31848e-05 0.00375342 -0.00415868 -0.00776319 0.0278573 -0.0413782 0.000228933 -0.00734927 -0.0620736
internal_weight=9102.33 1082.04 524.413 484.52 8020.29 1487.42 6532.87 5580.44 246.859 1364.82 952.428 198.323 141.604 754.105 415.533 338.572 374.144 206.218 167.926 54.1554 113.771 5333.58 136.734 179.521 21.1546 71.8847 41.3887 333.549 286.913 56.7184
internal_count=948894 66885 49584 49037 882009 185928 696081 532900 72901 67756 163181 37773 22887 125408 99816 25592 63080 20980 42100 10317 31783 459999 21306 28058 388 4316 36736 24521 21935 14886
is_linear=0
shrinkage=0.1


Tree=158
num_leaves=31
num_cat=0
split_feature=15 11 13 5 49 43 10 15 10 30 29 10 39 43 28 12 11 15 1 30 42 29 30 42 52 16 31 13 32 5
split_gain=3.872 23.8074 24.6963 13.8594 11.9793 12.328 17.383 16.6386 17.19 14.2755 36.7829 19.0073 17.9712 16.8454 16.4144 13.9101 20.7369 22.2986 17.2773 27.7679 15.5847 13.7885 21.0414 13.9684 14.7546 13.3446 13.3225 13.2108 20.8761 13.0399
threshold=0.82626661658287059 0.872827708721161 0.45227272808551794 0.27922078967094427 7.5000000000000009 0.38873073458671575 0.8237408995628358 0.4853654950857163 0.60930687189102184 0.70063388347625744 0.5219152867794038 0.74462735652923595 0.23611111193895343 0.55904665589332592 0.58571431040763866 0.78881061077117931 0.35795971751213079 0.26145105063915258 0.84364989399909984 0.7168484926223756 0.68801230192184459 0.40263193845748907 0.58830639719963085 0.80322581529617321 0.94360819458961498 0.19090909510850909 8.2617969512939471 0.14087302237749103 5.5446813106536874 0.19090909510850909
decision_type=2 2 2 2 2 2 2 2 2 2 2 2 2 2 2 2 2 2 2 2 2 2 2 2 2 2 2 2 2 2
left_child=1 4 -3 -4 5 6 7 8 15 11 -11 13 -13 21 -12 16 18 -18 19 -1 -17 22 -7 -23 -25 -19 -21 -9 -29 -15
right_child=-2 2 3 -5 -6 9 -8 27 -10 10 14 12 -14 29 -16 20 17 25 -20 26 -22 23 -24 24 -26 -27 -28 28 -30 -31
leaf_value=-0.061142889898028289 -0.0022990784383406116 0.16543826457441008 -0.006633761706691603 0.057011554832474866 -0.022906040669148659 -0.0069137543577498647 0.051948244692313163 -0.072974230405688775 0.06303873002873922 0.055233766274989028 -0.023594607802770493 0.040103796240923084 -0.011213243999176038 -0.11624813496725278 0.0024663794380734394 0.033444867491716344 0.46464150433761342 -0.010094090222143817 0.016224918526843473 -0.04807906856319831 -0.080771116568846085 -0.0059737880142070252 0.094925867446761847 -0.078525238611835149 0.017851562621391519 0.11735624326693939 0.094874070948462896 0.054916503219674742 -0.024335120881032162 -0.039237048948302856
leaf_weight=74.365815001886858 4221.1161250976083 14.388029905014262 63.326845268053148 74.426171546543628 207.5633994679547 147.64237715701165 93.828727324684223 35.49888057491853 64.998262863427954 124.81897727473552 271.68519743704746 106.07992791504512 191.32170121319359 27.655570558679756 2188.4218363453328 18.491738328622887 1.4941806516399072 13.035580355630371 543.85421911170488 9.3458108506711159 33.752310750463948 103.52511048189626 23.520124091704929 77.368368058541819 19.988743143090687 22.217001790375434 21.555739148214343 42.862288446142884 148.02576910747757 107.27251706381503
leaf_count=47385 436070 593 2711 7604 38635 18545 16185 53809 13379 4302 12811 3819 7019 1261 88630 3391 170 7151 47874 1183 1110 7055 1568 6487 838 5545 1319 12083 97330 3032
internal_value=-8.21182e-05 0.00183853 0.0407739 0.027753 0.000583568 0.001664 0.0107429 0.00698743 0.0137371 -0.00134505 0.00227527 -0.0129792 0.00709099 -0.0247529 -0.0004117 0.00939561 0.0131844 0.0862656 0.00904729 -0.0280353 -0.0403445 -0.0137754 0.00708044 -0.0315457 -0.0587378 0.0702281 0.0516396 -0.0169572 -0.00653984 -0.0550216
internal_weight=9093.45 4872.33 152.141 137.753 4720.19 4512.63 1123.33 1029.5 803.111 3389.3 2584.93 804.374 297.402 506.973 2460.11 738.112 685.868 36.7468 649.122 105.267 52.244 372.045 171.163 200.882 97.3571 35.2526 30.9015 226.387 190.888 134.928
internal_count=948894 512824 10908 10315 501916 463281 307914 291729 128507 155367 105743 49624 10838 38786 101441 115128 110627 12866 97761 49887 4501 34493 20113 14380 7325 12696 2502 163222 109413 4293
is_linear=0
shrinkage=0.1


Tree=159
num_leaves=31
num_cat=0
split_feature=20 6 5 30 52 1 2 29 29 29 30 29 28 6 52 28 48 4 29 31 29 32 32 29 36 30 1 31 43 12
split_gain=3.77916 3.85579 17.3011 44.7108 39.0251 52.1564 66.1404 38.1569 33.9443 29.6342 28.1915 39.5968 33.223 28.0277 26.3428 24.5456 21.7024 18.9731 22.0795 18.6898 36.6158 23.1431 18.3557 17.6928 33.1308 26.3415 27.4659 17.6419 22.2241 17.2902
threshold=1.0000000180025095e-35 2.5000000000000004 0.58571431040763866 0.89847373962402355 0.81284341216087352 0.93684458732604992 0.87895435094833385 0.55908533930778515 0.38040401041507726 0.86710733175277721 0.93148741126060497 0.47299228608608251 0.72077924013137828 3.5000000000000004 0.9612887203693391 0.84523808956146251 0.25827661156654363 0.82891982793807995 0.4422652274370194 7.7251498699188241 0.60265883803367626 5.1174108982086191 5.1036133766174325 0.79206565022468578 1.0000000180025095e-35 0.92469578981399547 0.88893690705299389 8.9894409179687518 0.50814667344093334 0.98070716857910167
decision_type=2 2 2 2 2 2 2 2 2 2 2 2 2 2 2 2 2 2 2 2 2 2 2 2 2 2 2 2 2 2
left_child=-1 -2 3 8 10 6 15 13 -3 -9 11 -4 -12 14 16 -6 -7 18 -5 21 -21 -13 -22 24 -8 -26 -27 28 -24 -11
right_child=1 2 4 17 5 7 23 9 -10 29 12 19 -14 -15 -16 -17 -18 -19 -20 20 22 -23 27 -25 25 26 -28 -29 -30 -31
leaf_value=-0.10447112196229683 0.0018422733592780985 0.013959854653279031 -0.025803078306719265 0.091313040798096434 -0.071768596288289688 0.09711125632187706 -0.017596235338990962 -0.019837441759627483 -0.055811271955141066 0.0043632741298449641 -0.060745616403957495 0.035644732768212499 0.010775076569847228 0.12993578656631971 -0.026366233161902404 0.073758042091285295 0.013683929450250924 0.089267212156751208 -0.034558377437179599 -0.010325713853132275 0.028531086237408909 0.10992255014627222 0.50429447593964394 -0.04099312585314438 0.020112986094922125 0.17301482825846404 -0.095951163580751453 0.07233600756921349 0.13931281696125933 0.10446453252746334
leaf_weight=3.4670263636908194 4935.3154380134656 94.731485749543936 106.5840950860038 19.860492244042689 284.12773544088486 58.414571114961291 99.133912305067497 722.15666369989776 264.19820608134069 1174.1136404422905 82.774723561793508 95.484095127241744 301.60421448268244 30.03597050200915 63.786347738656332 12.083053981354167 66.882072396394506 41.301081547877402 46.715990098156908 146.30793690319479 114.94499200971768 74.813717156805069 2.0515660516102789 62.50272272913935 45.667492648542975 28.639137820413453 4.3768762310610319 80.057676661632286 8.930954155744983 17.512585735541506
leaf_count=1392 703898 12489 7581 1904 14233 3588 5837 29805 13550 75058 3677 5799 19822 1374 3787 790 3080 1761 1942 5190 3422 4824 96 3673 3055 799 237 2671 404 13156
internal_value=-8.66299e-05 -4.6795e-05 -0.00229345 -0.02043 5.3045e-06 -0.00633757 -0.0342073 0.000673049 -0.0373967 -0.00385274 0.0167107 0.0297463 -0.00462667 0.0402013 0.0259469 -0.0658323 0.0525786 0.0360216 0.00299044 0.0410758 0.0279274 0.0682758 0.0550979 0.00477269 0.0208593 0.0693098 0.137358 0.0886404 0.207492 0.0058344
internal_weight=9088.58 9085.11 4149.79 466.807 3682.99 2669.43 536.531 2132.9 358.93 1913.78 1013.55 629.175 384.379 219.119 189.083 296.211 125.297 107.878 66.5765 522.591 352.293 170.298 205.985 240.32 177.817 78.6835 33.016 91.0402 10.9825 1191.63
internal_count=948894 947502 243604 31646 211958 158472 28624 129848 26039 118019 53486 29987 23499 11829 10455 15023 6668 5607 3846 22406 11783 10623 6593 13601 9928 4091 1036 3171 500 88214
is_linear=0
shrinkage=0.1


Tree=160
num_leaves=31
num_cat=0
split_feature=43 12 29 30 28 30 1 32 8 3 8 4 24 30 3 29 1 10 45 32 31 42 32 32 1 32 32 7 28 3
split_gain=3.74259 11.3306 11.2396 32.542 15.276 19.9753 31.3331 18.387 19.0123 25.8165 18.6262 16.6883 16.5884 15.3 15.9441 15.6328 39.1791 14.0012 14.6543 13.7997 12.7347 12.4428 16.64 13.424 21.5092 11.5644 29.7388 17.2709 14.26 19.0457
threshold=0.70263326168060314 0.6005181372165681 0.55035299062728893 0.73817923665046703 0.64583334326744091 0.9032181203365327 0.85577350854873668 1.5308482050895693 4.5000000000000009 0.97182542085647594 15.500000000000002 0.80206185579299938 0.6176685392856599 0.98690816760063182 0.92403846979141246 0.71654787659645092 0.89041274785995495 0.72931972146034252 0.042463660240173347 1.7195520401000979 8.6518764495849627 0.92770034074783336 2.0142278671264653 3.2679439783096318 0.85054415464401256 1.5308482050895693 1.7195520401000979 0.70412456989288341 0.58571431040763866 0.99523812532424938
decision_type=2 2 2 2 2 2 2 2 2 2 2 2 2 2 2 2 2 2 2 2 2 2 2 2 2 2 2 2 2 2
left_child=-1 -2 3 -3 20 6 -6 12 9 -9 -10 -8 -7 14 -14 16 -15 -17 -19 -13 -4 23 -23 24 -22 -26 28 -28 29 -27
right_child=1 2 4 -5 5 7 11 8 10 -11 -12 19 13 15 -16 17 -18 18 -20 -21 21 22 -24 -25 25 26 27 -29 -30 -31
leaf_value=-0.0012725963002698831 0.1607268458949587 0.0010543531833065002 -0.034716298290436293 0.052101113635759234 -0.096542204729453684 0.041570878631165112 0.12563858340829856 -0.074243430148935016 -0.17248609312105234 0.093170415245566324 -0.024366113169404461 -0.053807551512133289 -0.10922349503251422 0.1225822085009759 0.11006445641299573 0.026823655167194295 -0.014345301434338554 -0.0031535894480953989 -0.03630832067910772 0.05432819385140162 0.031713811519876574 0.12876318378606927 -0.020982709866199233 0.018137352222717878 -0.087680832234616798 -0.12889537345407362 0.1031500467459664 -0.10358708084924134 0.11723996955144347 0.12186956730157575
leaf_weight=6763.6009707118683 4.5683451566728754 486.11254231342173 208.76238114980515 168.05977376157534 14.628407002164748 104.46426727746802 28.259881183344987 20.572303182343603 18.006172767360113 16.679263587255264 16.063787171864533 13.967613152432021 3.9264913755760089 33.133295393818116 21.313195458293194 99.083175263043813 56.580874307081103 419.83098945180609 195.3429712322577 76.092458728373458 44.250161605756148 15.880965060248856 13.929525242216185 106.84846428694436 48.201413595990743 7.3457509377039969 4.5686885609902665 34.979892784147523 15.903226872251253 5.1536708843050292
leaf_count=782437 171 21520 7651 10306 414 7173 3087 325 117 4316 476 928 73 2215 3660 8943 1619 57161 12523 11398 1433 2441 869 4717 691 84 334 615 705 492
internal_value=-8.71346e-05 0.00339515 0.00308237 0.0141685 -0.00132958 0.00509765 0.041525 0.000278774 -0.0486609 0.000715555 -0.102648 0.0585948 0.00401718 -0.000713852 0.0759502 -0.00312063 0.0362249 -0.00806261 -0.0136816 0.0375572 -0.0157888 -0.00248741 0.0587915 -0.00932276 -0.0276146 -0.0502168 -0.0236415 -0.0797046 0.0544223 -0.0255018
internal_weight=9066.11 2302.51 2297.94 654.172 1643.77 1137.95 132.948 1005 71.3215 37.2516 34.07 118.32 933.675 829.211 25.2397 803.971 89.7142 714.257 615.174 90.0601 505.824 297.062 29.8105 267.251 160.403 116.153 67.9512 39.5486 28.4026 12.4994
internal_count=948894 166457 166286 31826 134460 114428 15827 98601 5234 4641 593 15413 93367 86194 3733 82461 3834 78627 69684 12326 20032 12381 3310 9071 4354 2921 2230 949 1281 576
is_linear=0
shrinkage=0.1


Tree=161
num_leaves=31
num_cat=0
split_feature=43 13 15 37 39 29 35 29 24 11 50 11 13 15 11 11 48 48 15 11 47 44 24 7 43 47 12 43 41 12
split_gain=3.85556 7.17429 7.71934 7.38014 7.82054 12.2833 6.88763 6.8603 6.95931 6.33966 6.33723 6.1547 15.9092 11.276 9.8543 8.73624 6.2519 6.58456 5.95941 6.06907 5.71055 5.57131 22.7391 14.8332 14.3767 13.0543 12.5149 14.4974 12.8166 11.5891
threshold=0.83338934183120739 0.35388994216918951 0.83395987749099743 1.0000000180025095e-35 0.86607143282890331 0.91517937183380138 1.0000000180025095e-35 0.84402811527252208 0.77551022171974193 0.87533783912658703 7.5000000000000009 0.90938416123390209 0.58957219123840343 0.9567091464996339 0.98421010375022899 0.9656483829021455 0.060317486524581916 0.037193059921264655 0.77653318643569957 0.83087757229805004 0.47556430101394659 1.0000000180025095e-35 0.45390070974826818 0.79864865541458141 0.69810324907302868 0.62830734252929699 0.97309359908103954 0.52520248293876659 0.96178188920021068 0.69452759623527538
decision_type=2 2 2 2 2 2 2 2 2 2 2 2 2 2 2 2 2 2 2 2 2 2 2 2 2 2 2 2 2 2
left_child=21 -2 9 11 6 10 7 -5 -9 18 -6 -4 16 15 -15 -14 17 -13 19 20 -3 22 25 24 -24 -1 27 28 29 -25
right_child=1 2 3 4 5 -7 -8 8 -10 -11 -12 12 13 14 -16 -17 -18 -19 -20 -21 -22 -23 23 26 -26 -27 -28 -29 -30 -31
leaf_value=0.035656883114006145 0.054411109101605175 0.018876051365998216 -0.028203877637686843 0.061637106621496275 -0.0085173548291122662 0.083891943630033911 -0.066069310728714956 0.065405863111534387 -0.036696388080965044 0.072232924319821021 -0.31231419842090963 0.044676673228520307 0.00045399090741287578 -0.05548809485530698 0.031835694478734286 0.10026096612977882 -0.063361272628111656 0.14623822672960118 -0.017537257235096269 0.095594813093443934 -0.28628004575684779 0.00046266913823082292 -0.048507284321858135 0.12953564382045329 -0.0085103913124792065 0.17949912776584187 0.02755024412410911 -0.011463573625411751 -0.13973497248196262 0.025270029434840316
leaf_weight=57.118432312998266 30.599391219373501 20.615959400100113 112.93548760618432 61.606771555205341 136.64102132031985 15.490614837464816 6.1990156947867936 10.778718510904584 17.537096759711858 27.238402599839901 0.6901141171110784 35.808713685924886 68.98798628244549 69.562827437424858 15.871407110389553 10.047324476290667 4.3183667277626219 7.7685318210860705 30.415032002994849 13.472890604396524 0.63204573420807619 6988.0306533045423 163.85714572188226 13.028048459207637 199.02372436925361 7.0927479604542887 119.00340055578999 735.60657483293471 3.9987443319187141 58.653690476508928
leaf_count=2408 1972 4459 4023 1016 25910 33229 96 503 1272 5947 25 1067 3661 1855 1567 520 133 286 3031 3228 19 804788 3675 469 6406 393 6648 28520 344 1424
internal_value=-7.92432e-05 0.00706466 0.00489135 0.000575373 0.0135345 -0.000522273 0.0358831 0.0429114 0.00216993 0.0317216 -0.010044 -0.00934189 0.00068889 -0.0140814 -0.0392657 0.0131419 0.0514087 0.0627821 0.0147806 0.0430906 0.00979884 -0.000676081 -0.00653856 -0.00942267 -0.0265708 0.0515457 -0.00273366 -0.00717584 0.0345005 0.0442201
internal_weight=9042.63 697.218 666.618 574.244 248.943 152.822 96.1216 89.9226 28.3158 92.3743 137.331 325.301 212.365 164.47 85.4342 79.0353 47.8956 43.5772 65.1359 34.7209 21.248 8345.41 1357.38 1293.17 362.881 64.2112 930.29 811.287 75.6805 71.6817
internal_count=948894 93819 91847 75163 62051 59164 2887 2791 1775 16684 25935 13112 9089 7603 3422 4181 1486 1353 10737 7706 4478 855075 50287 47486 10081 2801 37405 30757 2237 1893
is_linear=0
shrinkage=0.1


Tree=162
num_leaves=31
num_cat=0
split_feature=27 13 11 45 32 42 31 46 46 12 32 43 7 48 41 3 52 21 49 44 43 15 29 29 30 32 16 4 30 32
split_gain=3.62464 6.61125 6.47643 6.27113 4.39916 4.88316 4.4945 4.32275 4.27808 4.26705 6.94969 5.71536 4.25579 7.26669 5.19931 9.7628 6.79638 6.14404 5.40784 7.8406 4.87281 16.0058 5.05906 4.80404 6.12576 6.99368 6.29419 4.76639 5.25745 4.65789
threshold=103.50000000000001 0.62731480598449718 0.94968047738075267 0.69500660896301281 8.7522115707397479 0.093073595315217986 10.106236934661867 0.16013446450233462 0.42857144773006445 0.94352906942367565 8.5607156753540057 0.73604658246040355 0.41728855669498449 0.035456568002700813 0.79262283444404613 0.83910790085792553 0.68599435687065136 1.0000000180025095e-35 2.5000000000000004 0.84534624218940746 0.30504956841468817 0.88780277967453014 0.53146395087242138 0.24736020714044574 0.66354054212570202 4.9031014442443857 0.90454545617103588 0.80982515215873729 0.72779297828674328 6.3722655773162851
decision_type=2 2 2 2 2 2 2 2 2 2 2 2 2 2 2 2 2 2 2 2 2 2 2 2 2 2 2 2 2 2
left_child=1 2 3 12 5 -3 9 -8 -5 11 -11 -7 13 -1 16 27 17 -14 -17 -20 21 -15 -22 29 26 -26 -25 28 -16 -18
right_child=-2 4 -4 8 -6 6 7 -9 -10 10 -12 -13 14 20 15 18 23 -19 19 -21 22 -23 -24 24 25 -27 -28 -29 -30 -31
leaf_value=0.21223907701190933 -0.00050248654719969486 -0.19911232617774038 0.18933069162672098 0.228499939669848 -0.045892535437341307 -0.10256893433091102 -0.11546651479566968 0.0218467513966361 0.013260898653980464 0.02300074080728904 0.22869318277114409 0.037503407031296176 -0.018026853210638502 -0.08525715520663836 -0.031943317733994149 0.011920602294868167 0.31855814058018644 0.044719065941867038 0.023761812607128459 0.25469013651236777 -0.038061490333809872 0.6301210015214056 0.16672814492144714 -0.0715353780864251 -0.03754700385952732 0.076374194877125878 -0.30163706954372627 0.16458813491368629 0.19319575158612481 0.02683652126688036
leaf_weight=2.8171962836058801 8639.0453456812684 1.1979378212708969 2.1486269226224968 2.2990378008325929 29.716617670317646 6.2082686499052198 5.542564669151032 3.909958531105076 1.5433378075686048 38.445498021290405 1.7159008820890438 5.4880353040425689 27.599798862243915 0.75997370352706528 3.4602966279417142 150.41542911202851 0.62769663878134352 35.910475499229506 4.1490372107364228 2.2772276868927293 6.5224937304592441 0.53147787696798332 1.480015343200648 15.253801971914072 27.760630615186528 6.6869103733770308 1.2892522684123839 6.8020955773681635 1.4812250035465693 4.2750848033647344
leaf_count=124 921490 20 85 157 1040 359 536 157 331 3600 77 517 5214 249 364 5906 33 3751 368 41 623 148 65 1383 872 237 80 454 47 566
internal_value=-7.24624e-05 0.0092543 0.016326 0.015103 -0.0142166 0.00084228 0.00474918 -0.058668 0.142047 0.0163087 0.031789 -0.0368454 0.0134777 0.0715477 0.0110356 0.0223436 -0.00493002 0.0174514 0.0157587 0.105594 0.0289012 0.209146 -0.000186894 -0.0303615 -0.0394523 -0.0154328 -0.0894679 0.110288 0.0355423 0.0641853
internal_weight=9037.36 398.316 306.091 303.942 92.2248 62.5082 61.3102 9.45252 3.84238 51.8577 40.1614 11.6963 300.1 12.1112 287.989 168.585 119.404 63.5103 156.842 6.42626 9.29396 1.29145 8.00251 55.8934 50.9906 34.4475 16.5431 11.7436 4.94152 4.90278
internal_count=948894 27404 21098 21013 6306 5266 5246 693 488 4553 3677 876 20525 1209 19316 7180 12136 8965 6315 409 1085 397 688 3171 2572 1109 1463 865 411 599
is_linear=0
shrinkage=0.1


Tree=163
num_leaves=31
num_cat=0
split_feature=3 17 7 8 33 48 43 16 27 44 38 48 46 31 1 1 13 11 50 3 2 19 7 9 42 7 52 32 7 8
split_gain=3.54842 3.47764 9.33423 8.86838 5.83703 5.18489 4.58645 5.61973 4.41612 6.07977 5.37086 5.3194 4.73702 4.54931 10.2245 4.08252 4.59954 5.59634 3.78686 7.34794 14.8976 4.76053 7.09014 4.69982 8.96012 17.362 7.73416 8.96969 8.15948 8.13247
threshold=1.0000000180025095e-35 3.5000000000000004 0.87026646733284008 23.500000000000004 5.5929079055786142 0.34770452976226812 0.47999469935894018 0.90454545617103588 473.50000000000006 0.04397746920585633 1.0000000180025095e-35 0.09234637022018434 0.095238119363784804 5.3781056404113778 0.8733777403831483 0.39011543989181524 0.70294117927551281 0.85649937391281139 2.5000000000000004 0.71892556548118602 0.6936054825782777 1.0000000180025095e-35 0.31643131375312811 1.0000000180025095e-35 0.18350168317556384 0.48749218881130224 0.35751880705356603 5.1300344467163095 0.63003221154212963 26.500000000000004
decision_type=2 2 2 2 2 2 2 2 2 2 2 2 2 2 2 2 2 2 2 2 2 2 2 2 2 2 2 2 2 2
left_child=-1 18 3 4 -3 6 7 -4 9 10 -5 13 -11 -10 -15 -6 -17 -18 23 20 21 -20 -23 -2 25 -25 28 -28 29 -26
right_child=1 2 5 8 15 -7 -8 -9 11 12 -12 -13 -14 14 -16 16 17 -19 19 -21 -22 22 -24 24 26 -27 27 -29 -30 -31
leaf_value=-0.10157758533640693 7.5735917394647938e-05 0.13392201409674517 -0.162350354373624 -0.060547794088555845 0.14296087386368359 0.23572038932412434 0.032386703481334864 0.019280740035629934 -0.17568761184267689 0.12950222768274477 -0.19181930961335716 -0.25048085747479981 -0.027456965695134089 0.13856400455283965 -0.14346970285975635 -0.081835788282359406 0.14066930517334675 -0.011597275215729071 -0.061994971548124 0.008884798393218556 -0.63992710567453492 0.47657168200455691 0.01234960592851886 -0.047398098743099089 0.060225103236493632 0.10463166063275493 0.098395273441255052 -0.0098449213678741231 0.15447954146034848 -0.053347426898977784
leaf_weight=3.4423973006050792 8662.3537319301904 3.0903680786432224 2.9211943261034312 13.304550268891036 1.6836439302423958 1.1158172508512496 34.121911629561509 4.0864577999236644 3.1405680604511854 2.1003108080039992 4.0702640881645484 2.3560357609312623 22.749085663599544 2.2357595201319782 3.0240046988910763 8.2363467384311644 2.6806162595021332 24.247019790658669 29.983288797062414 35.484326858048007 0.43149183649074885 0.36362899004598093 3.4553640527155949 39.890561088221148 42.762096628837753 9.254450395703314 9.0368426532950235 50.102876768469287 7.6298537738039149 7.3952248846762805
leaf_count=403 914181 170 188 460 24 86 3335 164 100 163 74 92 839 120 92 490 106 1210 5492 4249 81 31 937 510 611 92 10611 3595 187 201
internal_value=-6.86268e-05 -2.99439e-05 -0.0159498 -0.0336691 0.00191338 0.0230238 0.0172535 -0.0564336 -0.060492 -0.0459202 -0.0912998 -0.117694 -0.0141905 -0.0804511 -0.0235861 -0.00915803 -0.0164414 0.00356069 0.00021188 -0.0230026 -0.0560548 -0.0486016 0.0565509 0.000395205 0.0170588 -0.0187695 0.0321176 0.00669472 0.0581356 0.0434799
internal_weight=9036.75 9033.31 135.164 92.9186 39.938 42.2454 41.1296 7.00765 52.9806 42.2242 17.3748 10.7564 24.8494 8.40033 5.25976 36.8476 35.164 26.9276 8898.14 69.7181 34.2338 33.8023 3.81899 8828.43 166.072 49.145 116.927 59.1397 57.7872 50.1573
internal_count=948894 948491 7713 3940 2000 3773 3687 352 1940 1536 534 404 1002 312 212 1830 1806 1316 940778 10790 6541 6460 968 929988 15807 602 15205 14206 999 812
is_linear=0
shrinkage=0.1


Tree=164
num_leaves=31
num_cat=0
split_feature=31 29 48 5 2 1 2 1 7 40 43 40 48 43 7 48 4 32 13 13 11 40 4 29 42 43 27 13 43 1
split_gain=3.53033 16.194 10.5312 7.65851 9.7819 24.8851 7.9371 18.0612 8.07653 7.39451 22.1827 15.0803 17.9111 10.8679 7.59802 10.7999 8.47951 7.32844 7.29134 7.21494 7.15901 8.00957 10.0982 7.51162 8.58624 6.54283 6.45077 7.3701 15.0328 6.34756
threshold=10.106236934661867 0.3723976612091065 0.062517911195755019 0.16025641560554507 0.40224720537662512 0.62282499670982372 0.79431912302970897 0.85405990481376659 0.60630899667739879 0.86706823110580455 0.37938840687274938 0.88493067026138317 0.70657518506050121 0.30679804086685186 0.93582704663276683 0.32421150803565985 0.89943820238113414 10.106236934661867 0.35067567229270941 0.13423423469066623 0.99004951119422924 0.7432234287261964 0.75513625144958507 0.81306540966033947 0.73252034187316906 0.48412148654460913 363.50000000000006 0.55277779698371898 0.36574812233448034 0.84886467456817638
decision_type=2 2 2 2 2 2 2 2 2 2 2 2 2 2 2 2 2 2 2 2 2 2 2 2 2 2 2 2 2 2
left_child=-1 3 20 -2 5 -5 8 18 26 14 11 -11 -13 -14 16 -16 -4 -12 -8 -9 21 23 -23 24 25 -3 27 28 -6 -26
right_child=1 2 9 4 6 -7 7 19 -10 10 17 12 13 -15 15 -17 -18 -19 -20 -21 -22 22 -24 -25 29 -27 -28 -29 -30 -31
leaf_value=-0.0008988990430295196 -0.10077109071260984 0.071189355271270308 0.01045942010481022 1.0474494083867096 -0.10024798859116404 0.11744897574909603 0.42378049876148122 0.18175155620667413 0.0037121343271830825 0.064676499650396582 0.0032328504239006956 0.040865248499727634 -0.12704966794919614 -0.33889343534553984 0.008405666862823782 0.084424111032288335 0.15123060205460667 0.15193928194092143 0.17878863742827245 0.010186012492521844 0.072279547536882732 0.038039640013616156 -0.0099999763109277547 0.074966819276531274 -0.19861660886260724 -0.028928295183984033 0.0022379709020275127 0.075576681149490718 0.47503707452825222 -0.064220470403629201
leaf_weight=7663.0745602902898 3.042070816478371 7.0796163790801065 327.99827658123468 0.34826102180522811 0.62444032764324076 1.6551599355952928 1.8191681263924717 3.1223253835050846 30.049447545632574 3.6855903937830616 380.47907983598634 3.1879721305158446 4.8696278352290374 4.8172751613892615 36.277548041300179 38.546374996309169 4.3355688149895277 3.3431144679198033 3.6565737437922508 11.403135766391641 10.565676637088471 51.005441274566692 307.90228369147735 6.2545554480893761 3.9655971382744601 83.693676154100103 3.0921879288725904 2.7598500142630655 1.6663676000753183 30.877234208164737
leaf_count=881694 2313 128 11385 139 454 331 120 77 4770 85 12200 166 76 123 935 1610 93 105 115 350 4674 2203 20782 323 64 2177 537 124 103 638
internal_value=-6.24606e-05 0.00460891 0.00222097 0.0540329 0.061856 0.279114 0.0543765 0.10541 0.0276505 0.00928861 -0.000361147 -0.113679 -0.164736 -0.232399 0.0187778 0.0475674 0.0122959 0.00452809 0.260181 0.0470649 -0.00916322 -0.0109166 -0.00317292 -0.0319921 -0.0373177 -0.0211199 0.11599 0.185633 0.318223 -0.0795166
internal_weight=9035.2 1372.12 1308.88 63.239 60.1969 2.00342 58.1935 20.0012 38.1923 807.54 400.383 16.5605 12.8749 9.6869 407.158 74.8239 332.334 383.822 5.47574 14.5255 501.344 490.778 358.908 131.871 125.616 90.7733 8.14285 5.05066 2.29081 34.8428
internal_count=948894 67200 57767 9433 7120 470 6650 662 5988 26778 12755 450 365 199 14023 2545 11478 12305 235 427 30989 26315 22985 3330 3007 2305 1218 681 557 702
is_linear=0
shrinkage=0.1


Tree=165
num_leaves=31
num_cat=0
split_feature=43 10 29 30 8 29 28 52 1 32 45 47 7 1 29 28 6 30 3 40 1 29 4 45 16 10 44 42 29 43
split_gain=3.43193 7.95745 7.28626 9.56711 12.9316 8.13803 11.5135 12.2507 12.3512 8.9326 8.90213 10.6828 8.78809 7.58487 17.1843 10.189 10.3608 16.6104 9.44301 9.08581 19.1416 14.7216 14.8659 11.6107 8.65133 9.41767 7.8684 7.54473 7.47034 7.65157
threshold=0.80111765861511242 0.68815225362777721 0.2420984357595444 0.52870488166809093 2147483689.0000005 0.49918010830879217 0.47727273404598242 0.90501251816749584 0.81968975067138683 5.2559185028076181 0.10561817884445192 0.073663156479597106 0.48412297666072851 0.88751593232154857 0.7316400706768037 0.61250001192092907 1.5000000000000002 0.98690816760063182 0.70396453142166149 0.82167318463325512 0.94605144858360302 0.93838050961494457 0.84660631418228161 0.029921978712081913 0.44949495792388922 0.89714422821998607 0.06403937935829164 0.97999200224876415 0.74045652151107799 0.92581573128700267
decision_type=2 2 2 2 2 2 2 2 2 2 2 2 2 2 2 2 2 2 2 2 2 2 2 2 2 2 2 2 2 2
left_child=-1 -2 -3 4 27 9 7 8 -7 12 11 13 -5 14 18 16 -15 -18 -8 26 21 22 -21 24 25 -22 -17 -4 -27 -30
right_child=1 2 3 5 -6 6 10 -9 -10 -11 -12 -13 -14 15 -16 19 17 -19 -20 20 23 -23 -24 -25 -26 28 -28 -29 29 -31
leaf_value=-0.00076184634406734454 0.063485809300201534 0.05987580419889485 0.0052147921038281572 -0.11321394665920444 -0.13447583331053306 0.025722671749535631 -0.15232413560578595 0.1158780186824192 -0.098244727026974427 0.0023195469382068473 -0.030080822897968946 0.031426612395947039 0.075180839086779791 0.14367134239218424 -0.018646392374873262 0.0050268463782445552 -0.019758195280047731 -0.13490501725266746 0.08208989813351085 -0.028609748145940018 0.031832414667243437 0.087092644242804329 -0.13241233727145471 -0.031077763292111954 0.061646992694321195 0.10766812334325977 0.067174433170983885 -0.15317412659133656 -0.033615922669478021 0.05736797280388372
leaf_weight=7996.1711703456531 23.020174335917545 22.837495852349093 29.581247610389255 2.6264858090726184 11.396718433476051 11.055172285923616 1.791450053686275 4.1563106853864147 29.438712839750224 46.903117079200456 68.049881974853633 151.25114206460421 43.225099895331368 3.169483712874352 38.987531421877065 44.625197555724299 69.634135119646089 15.276122438983291 42.18617912382615 35.702765627931512 90.477209141085041 6.769041158615436 22.486057784350123 59.806580893637147 38.560028563879314 4.7313387416070318 37.48453545384109 3.3477747386787078 70.082885580792208 10.647466274582255
leaf_count=835245 3645 1830 759 288 172 281 19 592 513 3044 4165 16603 3749 133 8046 1769 3677 163 2898 1380 5327 3172 336 5639 40064 67 1644 38 2040 1596
internal_value=-5.92195e-05 0.00534662 0.00402969 0.0027459 -0.0426641 0.00486662 0.00181918 -0.0476192 -0.0644006 0.0330025 0.00453863 0.0077065 0.0643891 0.00165048 0.0296896 -0.00291573 -0.0338478 -0.0404741 0.0725409 0.00355002 -0.00367397 -0.0524855 -0.0687225 0.007885 0.0187486 0.00934668 0.0333983 -0.010888 -0.0144587 -0.0216161
internal_weight=9035.48 1039.31 1016.29 993.45 44.3257 949.124 856.369 44.6502 40.4939 92.7547 811.719 743.669 45.8516 592.418 82.9652 509.453 88.0797 84.9103 43.9776 421.373 339.263 64.9579 58.1888 274.306 214.499 175.939 82.1097 32.929 85.4617 80.7304
internal_count=948894 113649 110004 108174 969 107205 100124 1386 794 7081 98738 94573 4037 77970 10963 67007 3973 3840 2917 63034 59621 4888 1716 54733 49094 9030 3413 797 3703 3636
is_linear=0
shrinkage=0.1


Tree=166
num_leaves=31
num_cat=0
split_feature=14 45 33 10 45 44 24 33 51 1 29 43 10 7 27 38 48 31 31 10 48 41 33 4 32 1 29 41 52 53
split_gain=3.45467 11.7193 6.30264 4.9435 4.52511 12.4882 13.5399 12.3528 12.0536 9.3424 9.38156 11.1193 8.60971 9.30364 8.42028 8.1735 8.41521 14.3514 10.2989 9.74531 8.15702 7.95385 9.0143 7.48644 10.6226 12.3722 10.2612 12.4998 9.19713 9.16262
threshold=15.500000000000002 0.3367536067962647 5.7845001220703134 0.80515348911285411 0.046621799468994148 1.0000000180025095e-35 0.45390070974826818 6.4857926368713388 0.98437118530273449 0.72544082999229442 0.55445328354835521 0.74777555465698253 0.68031626939773571 0.87367022037506115 571.50000000000011 1.0000000180025095e-35 0.09234637022018434 8.9894409179687518 6.3820698261260995 0.63227584958076488 0.29334005713462835 0.98529094457626354 6.2703235149383554 0.64051279425621044 5.3033480644226083 0.87665396928787243 0.39376124739646917 0.81530213356018078 0.9569842815399171 0.58571431040763866
decision_type=2 2 2 2 2 2 2 2 2 2 2 2 2 2 2 2 2 2 2 2 2 2 2 2 2 2 2 2 2 2
left_child=4 -2 -3 -4 5 6 -1 -7 9 -8 23 20 13 -13 -6 -16 19 18 -18 -17 -12 -10 -23 -11 -25 26 -26 -28 29 -27
right_child=1 2 3 -5 14 7 8 -9 21 10 11 12 -14 -15 15 16 17 -19 -20 -21 -22 22 -24 24 25 28 27 -29 -30 -31
leaf_value=0.048287935719830241 -0.031475020010844033 0.17710751474187189 0.12048621072438177 0.000269345776572535 0.00014922776909004459 -0.0051892758155567265 -0.040576141500172684 0.018753006262458183 0.10884028344470825 -0.038859033967651876 -0.031201166889569251 0.11840625981168565 -0.0050306501961901494 -0.047519689374773189 -0.0039267898082553021 0.21046384234221477 -0.038490334897395916 0.018405896400098761 -0.10429459721501572 -0.0065625060887763986 0.094916811099387779 -0.035863418049825242 0.043897768913817192 0.03952000329207675 -0.0036269462006720322 0.0097885248172008416 -0.043175767325847596 -0.1979239281223302 -0.044866380016523683 0.065635732753493561
leaf_weight=50.304717177576094 100.44165433942544 3.2196949108911239 4.3709817884591784 15.732204579597235 5727.5496606564902 300.54193281586413 78.021719910117099 761.50630894466849 11.817479807832568 31.63251185187255 244.91354630934075 11.387811970191253 456.54426914754367 4.8052026119694338 540.0600324383895 2.1182643268984966 94.410264622960312 33.679294141242281 31.793059271230049 89.052486540813334 5.2380328198196358 20.269437449540419 47.081618151969451 100.1406667056217 42.497049337194767 124.59820098475029 20.998388746054847 6.9465253483504048 22.788940019439906 38.441290512477281
leaf_count=1752 5346 74 158 422 641133 19313 1870 37383 5162 706 4977 538 22793 205 59844 334 71732 4229 9567 8473 166 7843 32864 4173 1000 3852 374 146 1076 1389
internal_value=-5.45811e-05 -0.0166469 0.0472117 0.0264078 0.000176176 0.00390772 -0.00259303 0.0119777 -0.0046114 -0.00712718 -0.00477803 -0.0115109 -0.00248905 0.0691685 -0.0011865 -0.010857 -0.0257651 -0.0395905 -0.0550677 -0.00152011 -0.0285603 0.0331706 0.0198935 0.00776461 0.0119026 0.00111077 -0.0345765 -0.0816429 0.0146388 0.0229561
internal_weight=9022.9 123.765 23.3229 20.1032 8899.14 2380.48 1318.43 1062.05 1268.12 1188.95 1110.93 722.889 472.737 16.193 6518.66 791.113 251.053 159.883 126.203 91.1708 250.152 79.1685 67.3511 388.044 356.411 256.27 70.442 27.9449 185.828 163.039
internal_count=948894 6000 654 580 942894 147582 90886 56696 89134 43265 41395 28679 23536 743 795312 154179 94335 85528 81299 8807 5143 45869 40707 12716 12010 7837 1520 520 6317 5241
is_linear=0
shrinkage=0.1


Tree=167
num_leaves=31
num_cat=0
split_feature=20 6 30 7 42 32 29 3 1 3 25 42 29 4 32 8 32 48 1 32 29 28 41 1 1 51 1 29 1 5
split_gain=3.41069 3.34651 15.7148 18.8116 20.5507 23.0444 34.55 32.9713 28.3982 43.2906 23.3194 21.7392 36.7306 39.3558 29.8407 19.4199 26.9371 22.9861 20.6817 22.0967 20.5509 26.1008 27.9951 24.5829 28.4384 26.8907 30.0905 38.3379 35.7214 30.0732
threshold=1.0000000180025095e-35 2.5000000000000004 0.60805124044418346 0.91458967328071605 0.81557065248489391 1.5308482050895693 0.58617535233497631 0.91024166345596325 0.82638135552406322 0.91545841097831737 1.0000000180025095e-35 0.9136645793914796 0.67496943473815929 0.9547502100467683 1.5308482050895693 4.5000000000000009 2.8040528297424321 0.35631451010704046 0.85405990481376659 2.460000872612 0.37769094109535223 0.58571431040763866 0.9261208474636079 0.78951656818389904 0.82205018401145946 0.82167318463325512 0.94034391641616832 0.98690816760063182 0.88893690705299389 0.72077924013137828
decision_type=2 2 2 2 2 2 2 2 2 2 2 2 2 2 2 2 2 2 2 2 2 2 2 2 2 2 2 2 2 2
left_child=-1 -2 -3 15 5 7 -7 -5 -8 -10 -9 14 -13 -14 -6 16 17 -4 -19 -20 -17 22 -22 -23 -25 -26 27 28 -27 -30
right_child=1 2 3 4 11 6 8 10 9 -11 -12 12 13 -15 -16 20 -18 18 19 -21 21 23 -24 24 25 26 -28 -29 29 -31
leaf_value=-0.10421957763657073 0.0017427086025355307 -0.02576234873505643 0.085820017945923824 -0.12013130926770775 0.063074643332923994 0.0060649471053369096 -0.004645669295739758 0.072641104808308654 0.12175218757887468 -0.037467435931204815 -0.016269669988424672 0.04509143892482198 -0.082527840867364644 0.0039961370923853818 -0.037142011360793939 0.051351301371962033 -0.020797426016654835 0.24571288357428897 -0.0030083254937119893 0.13516037552626131 -0.050748193026000823 -0.052662490709675228 0.17596296486272914 0.05785536769572474 0.015513275083261242 0.00056690398907951621 -0.0067845310432629279 0.079248461207628906 -0.0071937094031889644 -0.11593482171689679
leaf_weight=3.1420910783308491 4919.3279620326548 263.23223366531965 66.096522649822873 21.764107772913121 34.008192142740882 146.64729186680233 36.369421040326415 43.625952183952904 104.58434456077521 20.408955370898184 91.097241223124001 205.81022321658384 56.967425362112408 680.97529644784845 235.1877101992086 51.585166411723549 130.88822698751574 3.7872151116171144 133.07136847184665 12.677368244432726 213.59686032090849 114.42744877531732 5.5892515976302084 69.59819561247059 364.43023185122729 63.225508412513591 760.50873602640058 21.282153390646272 33.400729671455338 106.6089637476216
leaf_count=1392 703898 24530 9959 564 2768 8028 1177 10003 4121 860 5236 12554 1631 62102 8801 4516 6171 151 4988 476 10135 5489 220 3291 16218 2587 31206 1256 1280 3286
internal_value=-5.11382e-05 -1.48143e-05 -0.00212796 -0.000502835 0.00743474 0.025321 0.0411972 -0.00592786 0.0731256 0.0957547 0.0125213 0.000585236 0.00773524 -0.00268331 -0.0244814 -0.00669356 0.014989 0.0367112 0.0150046 0.00900972 -0.0108579 -0.0126888 -0.0449671 -0.00807518 -0.00447982 -0.00769475 -0.016281 -0.0484486 -0.0618206 -0.0899935
internal_weight=9013.92 9010.78 4091.45 3828.22 1677.45 464.497 308.01 156.487 161.363 124.993 134.723 1212.95 943.753 737.943 269.196 2150.77 346.521 215.632 149.536 145.749 1804.25 1752.67 219.186 1533.48 1419.05 1349.46 985.026 224.517 203.235 140.01
internal_count=948894 947502 243604 219074 117845 29989 14186 15803 6158 4981 15239 87856 76287 63733 11569 101229 21745 15574 5615 5464 79484 74968 10355 64613 59124 55833 39615 8409 7153 4566
is_linear=0
shrinkage=0.1


Tree=168
num_leaves=31
num_cat=0
split_feature=49 29 10 50 15 9 14 3 7 1 47 1 15 11 43 50 11 14 3 24 42 30 3 15 11 11 39 8 14 30
split_gain=3.23659 7.60731 4.04025 3.18137 7.85776 4.13146 8.76847 7.12404 7.52148 11.2363 8.21286 7.23069 6.21475 12.5254 10.2681 10.1554 10.1133 8.11251 7.394 5.98922 11.9871 7.679 9.26725 8.19906 9.11946 7.92389 6.98097 7.71517 6.72406 17.6171
threshold=36.500000000000007 1.0000000180025095e-35 1.0000000180025095e-35 4.5000000000000009 0.89303049445152294 1.0000000180025095e-35 8.5000000000000018 0.9759001135826112 0.33558559417724615 0.57545742392539989 0.90456613898277294 0.82638135552406322 0.98830369114875805 0.91236156225204479 0.34099322557449346 1.0000000180025095e-35 0.99825781583786022 7.5000000000000009 0.78830558061599743 0.83336672186851513 0.87026643753051769 0.51640921831130993 0.94609126448631298 0.87112742662429821 0.94349294900894176 0.89670634269714367 0.88194444775581371 2147483689.0000005 6.5000000000000009 0.94048127532005321
decision_type=2 2 2 2 2 2 2 2 2 2 2 2 2 2 2 2 2 2 2 2 2 2 2 2 2 2 2 2 2 2
left_child=3 -2 -3 5 -5 12 7 8 9 -7 11 -10 19 14 -14 16 -15 18 -18 28 -21 26 -23 25 -25 -24 -22 -28 -1 -30
right_child=1 2 -4 4 -6 6 -8 -9 10 -11 -12 -13 13 15 -16 -17 17 -19 -20 20 21 22 23 24 -26 -27 27 -29 29 -31
leaf_value=0.001260467270711121 0.351515825864961 0.1877492950256503 -0.10171182588141936 0.043864075320189683 -0.087794983931185816 -0.081754539367307505 0.040806145606031005 0.10161049962686526 -0.057742806139409367 0.060070300944139392 0.043168803104910405 0.02672257924877397 -0.043239351805815993 -0.027588004060516869 0.021279955269806739 -0.067914073624375626 -0.03292229191810972 0.045639032515936942 0.060613728184428756 0.050888389265897983 -0.084890325185717722 0.048891107823935756 -0.0057437088338549496 -0.03567282263571326 0.026102778464608074 0.10179572997115488 0.050376222563278297 -0.078364872082335391 -0.0012710893726641771 -0.031263670928139586
leaf_weight=6580.1054343798041 0.42343103920165859 0.51496851613046413 7.5780226419215069 7.0995363557021856 12.540087134323585 24.646397591277495 76.692774038667267 6.1834929879587426 24.047014777708682 7.2234719186089924 35.86678305111127 17.518313782609766 29.521577907473329 211.44465460635911 149.98923082536749 42.095934122859035 41.742624102233094 40.46090599184754 10.596676222616223 69.186548524307 17.23480179766193 48.790147107094526 14.042401474947839 70.04898388224683 36.269571455195546 13.380656494511639 12.411074593022933 7.4485845727613187 1139.3003331977689 236.49449939493206
leaf_count=739706 97 65 1394 869 1739 266 5424 8554 697 114 1143 2138 29623 9452 10625 3385 810 2221 3624 9536 217 5048 6324 12990 10825 6058 314 140 63795 11701
internal_value=-5.63077e-05 -0.0616746 -0.083293 2.11418e-06 -0.0402015 9.02104e-05 0.0145944 -0.00281258 -0.00872006 -0.0496092 0.00810928 -0.0221436 -0.000227601 -0.0107679 0.0106694 -0.021879 -0.0155095 0.0120112 -0.0139849 0.000444666 0.0145907 0.00315619 0.0115856 -0.00202383 -0.0145987 0.0467285 -0.0383225 0.00209045 -6.88585e-05 -0.00642671
internal_weight=8990.9 8.51642 8.09299 8982.38 19.6396 8962.74 192.178 115.485 109.302 31.8699 77.4321 41.5653 8770.56 525.852 179.511 346.341 304.245 92.8002 52.3393 8244.71 288.813 219.626 182.532 133.742 106.319 27.4231 37.0945 19.8597 7955.9 1375.79
internal_count=948894 1556 1459 947338 2608 944730 18336 12912 4358 380 3978 2835 926394 59740 40248 19492 16107 6655 4434 866654 51452 41916 41245 36197 23815 12382 671 454 815202 75496
is_linear=0
shrinkage=0.1


Tree=169
num_leaves=31
num_cat=0
split_feature=43 45 42 1 29 32 29 4 2 1 36 3 32 1 7 7 8 12 14 1 30 8 29 29 15 36 10 16 10 16
split_gain=3.53775 10.0326 11.2897 12.6425 26.0815 33.3261 24.4237 18.4301 13.6913 12.4162 26.7304 19.0806 17.0045 17.9546 18.2049 16.3702 15.0859 14.5298 13.4139 13.124 12.467 13.6205 12.2083 10.7791 9.62738 9.86136 12.0689 12.3005 17.5991 16.58
threshold=0.70263326168060314 0.22976970672607425 0.84680575132370006 0.84540036320686351 0.84402811527252208 5.2950117588043222 0.4117018878459931 0.73375529050827037 0.6936054825782777 0.94997775554656994 1.0000000180025095e-35 0.88762623071670543 3.6502132415771489 0.89668139815330516 0.74388790130615245 0.86402156949043285 8.5000000000000018 0.71295738220214855 6.5000000000000009 0.93060427904129039 0.59976115822792064 4.5000000000000009 0.5219152867794038 0.74937951564788829 0.88107022643089306 1.0000000180025095e-35 0.84656241536140453 0.31666667759418493 0.93403562903404247 0.90454545617103588
decision_type=2 2 2 2 2 2 2 2 2 2 2 2 2 2 2 2 2 2 2 2 2 2 2 2 2 2 2 2 2 2
left_child=-1 2 24 4 5 7 -7 22 -6 12 20 -12 13 -5 19 16 -13 -17 -19 -15 21 -11 -4 -21 -2 26 -26 -28 -29 -30
right_child=1 -3 3 9 8 6 -8 -9 -10 10 11 15 -14 14 -16 17 -18 18 -20 23 -22 -23 -24 -25 25 -27 27 28 29 -31
leaf_value=-0.0011952385000656134 0.023548968508101901 -0.038861294060463188 0.12307777181370741 0.042381455137067224 0.064938485746975666 0.057573642638717754 -0.19925784426610307 0.12717074353925534 -0.1084778491246125 0.030912492221450479 0.10325185356638862 0.082295608470186507 -0.00039583794475204701 -0.1063845167802052 -0.093140227940871942 0.06289379332116006 -0.0011920649937428259 -0.040121475956957246 0.027077267219388374 -0.092225244850003454 0.052846794691125389 -0.096343811601809756 -0.14589571650787359 0.078816584563557682 -0.033699727616517267 0.013022380258438219 0.088403827342696376 0.058171774780644663 -0.10098736587141191 0.0014029210409596633
leaf_weight=6741.6651027189564 413.64492809704097 54.820586304747849 2.695603865737211 17.372958348758402 6.3316828666720566 7.6171187137952057 7.2050397537532263 44.122934490660555 16.203240378046758 24.027430756541435 14.549173339764819 24.259304794191848 133.6732542011232 8.4567232102708676 76.380864758553798 16.834200739947846 200.71821941831149 265.14657869374059 33.452994133149332 4.7363441599882234 119.04979568999261 12.940534709079655 4.5120952844736166 16.591011434378743 124.43686387660273 463.90273943844659 17.336339492387197 33.451651011466311 22.458905349194538 53.460211413539582
leaf_count=782437 19966 2478 176 2704 2678 261 165 3093 1897 1328 277 1762 5792 322 2982 353 3514 9143 4116 112 63827 476 69 1712 7530 9757 823 4194 272 14678
internal_value=-5.11651e-05 0.00339152 0.00445135 -0.00297602 0.0331611 0.0648121 -0.0672719 0.102953 -0.0597527 -0.00628624 0.000525068 -0.00975582 -0.0251139 -0.0518599 -0.0672817 -0.0127983 0.0078104 -0.027497 -0.032593 -0.000967902 0.0370945 -0.0136332 -0.0453025 0.0408319 0.0114061 0.00438168 -0.0115791 0.0101453 -0.0022595 -0.0288869
internal_weight=8982.05 2240.39 2185.57 1056.88 88.6877 66.1528 14.8222 51.3306 22.5349 968.189 710.978 554.96 257.211 123.538 106.165 540.411 224.978 315.434 298.6 29.7841 156.018 36.968 7.2077 21.3274 1128.69 715.047 251.144 126.707 109.371 75.9191
internal_count=948894 166457 163979 106759 8339 3764 426 3338 4575 98420 84796 19165 13624 7832 5128 18888 5276 13612 13259 2146 65631 1804 245 1824 57220 37254 27497 19967 19144 14950
is_linear=0
shrinkage=0.1


Tree=170
num_leaves=31
num_cat=0
split_feature=44 5 33 45 49 45 44 50 13 12 41 49 6 15 21 14 13 11 12 15 19 18 29 11 2 29 1 33 6 32
split_gain=3.17206 6.17214 8.02921 6.24753 6.13148 5.9052 5.12859 4.99655 5.46627 16.1636 20.2145 22.3067 13.3627 13.8929 35.9834 20.4687 26.5975 15.6907 49.9253 14.2899 14.2851 14.1935 21.1797 25.8995 33.3519 14.8174 31.2331 12.9875 11.935 21.2219
threshold=0.92313456535339367 0.72077924013137828 8.2617969512939471 0.32637904584407812 5.5000000000000009 0.42357672750949865 0.95093435049057018 1.5000000000000002 0.16064515709877017 0.57979592680931102 0.61938297748565685 1.5000000000000002 4.5000000000000009 0.38364128768444067 1.0000000180025095e-35 1.5000000000000002 0.0745370388031006 0.37922863662242895 0.58288586139678966 0.25074850022792822 1.0000000180025095e-35 1.0000000180025095e-35 0.57247027754783641 0.40824829041957861 0.89699381589889537 0.18778213113546374 0.82438379526138317 6.4019715785980233 3.5000000000000004 9.3015174865722674
decision_type=2 2 2 2 2 2 2 2 2 2 2 2 2 2 2 2 2 2 2 2 2 2 2 2 2 2 2 2 2 2
left_child=7 -2 3 -3 -5 6 -4 8 12 10 -10 -12 13 17 -15 16 -16 19 21 -1 -18 -19 25 -24 -25 26 -23 -14 -11 -30
right_child=1 2 5 4 -6 -7 -8 -9 9 28 11 -13 27 14 15 -17 20 18 -20 -21 -22 22 23 24 -26 -27 -28 -29 29 -31
leaf_value=-0.0021584444018002322 -0.0033722420910615968 -0.076755197404591136 0.0013702302777351657 0.071706006054265511 -0.0034126401913376694 0.0191028787522525 -0.096888405734967945 -0.016929792022908497 -0.037454499109919846 0.0026985408833993235 0.10913593506344664 0.0027325468211309672 0.11334637247911478 -0.079834519544961471 -0.066106712375792007 -0.042209891658453402 0.018235411800384758 0.17424431505995785 -0.00043530224477870922 -0.052963305824669932 0.097994973771108981 -0.10035270110336968 0.12543127900445672 1.6543037906755025 0.54519066559715623 -0.00085012656063380803 2.9832345125426993 0.015957860666560329 -0.014866153064407009 0.051551234043179434
leaf_weight=1996.3988417599653 170.6464137307521 3.7308949134312561 12.07662025652826 52.751236883224919 13.684904658817684 60.490844058454968 9.4832496866583806 179.27389166117064 25.485689406981692 5018.8963120364069 47.137573513575262 33.852180123464677 16.358715275568102 86.409136348127049 32.302087288409894 96.742519477533733 108.07480953569575 6.6070479075970052 33.613113089735634 56.941811360707561 28.34455159681238 0.084682307649928013 0.62021096278112953 0.4095046464972254 0.80233394163951743 1.1270590210697262 0.053662892820284469 84.043108322402986 737.39445039418752 51.46604493985069
leaf_count=97597 12780 108 122 1453 1362 682 119 30429 23891 477091 7626 5061 844 79122 36789 46883 27824 1265 2949 31701 3996 168 243 156 70 605 42 1743 54553 1620
internal_value=-4.56596e-05 0.00968622 0.0243256 0.0491615 0.0562326 0.00308687 -0.0418495 -0.000409223 -5.92704e-05 0.00160916 0.0402192 0.0646613 -0.0039305 -0.00539668 -0.0237838 -0.00553922 0.0154872 -0.00231084 0.0572494 -0.00356733 0.0348075 0.257049 0.433678 0.651 0.919982 0.119039 1.09574 0.0318256 0.000901315 -0.010533
internal_weight=8965.3 322.864 152.218 70.167 66.4361 82.0507 21.5599 8642.44 8463.17 5914.23 106.475 80.9898 2548.93 2448.53 351.873 265.464 168.721 2096.66 43.3176 2053.34 136.419 9.7045 3.09745 1.83205 1.21184 1.2654 0.138345 100.402 5807.76 788.86
internal_count=948894 16626 3846 2923 2815 923 241 932268 901839 569842 36578 12687 331997 329410 194614 115492 68609 134796 5498 129298 31820 2549 1284 469 226 815 210 2587 533264 56173
is_linear=0
shrinkage=0.1


Tree=171
num_leaves=31
num_cat=0
split_feature=43 5 29 45 4 27 29 13 15 38 10 11 14 16 3 44 41 29 30 44 43 11 10 32 32 13 32 27 38 45
split_gain=3.29047 6.60722 8.7398 7.47426 8.93058 7.61888 6.41016 6.2713 6.50697 6.77415 8.33368 12.5775 6.51961 6.04627 5.80109 7.34476 5.52522 7.81724 5.85347 7.38014 5.83728 5.20885 5.18948 5.8925 6.4072 13.3154 5.29366 5.08376 5.07719 5.03869
threshold=0.83338934183120739 0.47727273404598242 0.26759451627731329 0.029921978712081913 0.81530213356018078 180.50000000000003 0.68674495816230785 0.38165266811847692 0.83395987749099743 1.0000000180025095e-35 0.94817298650741588 0.90938416123390209 11.500000000000002 0.31666667759418493 0.982753485441208 0.14111080765724185 0.97259756922721874 0.59709247946739208 0.52870488166809093 0.1365301311016083 0.83673569560050975 0.87533783912658703 0.96156492829322826 5.3408951759338388 7.0413486957550058 0.72474747896194469 5.3908300399780282 622.50000000000011 1.0000000180025095e-35 0.085069552063941969
decision_type=2 2 2 2 2 2 2 2 2 2 2 2 2 2 2 2 2 2 2 2 2 2 2 2 2 2 2 2 2 2
left_child=-1 2 -2 7 5 -5 14 -3 21 22 11 13 -13 -11 15 -6 17 18 19 -4 -18 -9 -10 -24 25 -25 -27 -20 -23 -7
right_child=1 3 16 4 6 29 -8 8 9 10 -12 12 -14 -15 -16 -17 20 -19 27 -21 -22 28 23 24 -26 26 -28 -29 -30 -31
leaf_value=-0.00061453951551145285 0.049821225107973842 0.062779109430808236 -0.12187943794840722 -0.026873431668582949 0.02266768670411607 0.076904540641275554 -0.038828632939911067 0.02633648582614484 0.013495574898560578 -0.045552383929928081 -0.035149561115515815 0.066548848367808236 -0.036256266048306458 0.047025768048414143 0.091363352619168781 -0.10439277568614531 -0.77074992059464542 -0.085488943065188727 0.015682725270854608 0.050084232500461547 0.08502351288250555 0.02848036682436186 0.077644992977496205 -0.93188495017605877 0.018558154595232672 -0.3722853925458729 0.10115511406494156 -0.11494825995974636 0.14214383824536109 0.0022413390385210134
leaf_weight=8289.3674623676452 15.864440678851677 29.100835656841809 9.1218590140342695 19.235503195010097 18.00797710586631 25.054312344418577 79.228047553391661 36.843687018095807 138.00509362303274 33.399662551819347 60.190922902889724 37.907829957905051 7.3675981582346131 8.9436161703779344 7.4831968761063754 6.0872795535688047 0.081039264070567607 23.850976459514641 33.794629110154347 3.4356752148305523 4.8460850728370133 6.7695898876590954 28.770003970774269 0.21954249290865746 8.2291471780335979 0.3736435621831331 0.64189452477148734 3.2671647003007811 9.3685469793854281 14.139787113272176
leaf_count=855075 1059 2752 193 1162 1648 1895 8005 7723 27433 710 1612 1991 527 993 679 236 31 611 1772 113 6085 3826 19555 120 561 27 382 148 793 1177
internal_value=-6.98417e-05 0.00667299 -0.0178683 0.0106936 -0.00696268 0.0246717 -0.0236439 0.018051 0.0145987 0.00928664 -0.00650118 0.0131792 0.0498195 -0.0259983 0.0144536 -0.0094321 -0.0315659 -0.0384407 -0.0158256 -0.0748311 0.0709481 0.0470881 0.0225277 0.0551287 -0.0133177 -0.225701 -0.0730363 0.00416701 0.0944645 0.0499688
internal_weight=8959 669.63 94.2619 575.368 169.236 58.4296 110.807 406.132 377.031 324.049 147.81 87.6187 45.2754 42.3433 31.5785 24.0953 78.3974 73.4703 49.6193 12.5575 4.92712 52.9818 176.239 38.2342 9.46423 1.23508 1.01554 37.0618 16.1381 39.1941
internal_count=948894 93819 10012 83807 14802 4234 10568 69005 66253 53911 5833 4221 2518 1703 2563 1884 8953 2837 2226 306 6116 12342 48078 20645 1090 529 409 1920 4619 3072
is_linear=0
shrinkage=0.1


Tree=172
num_leaves=31
num_cat=0
split_feature=20 3 42 7 8 44 24 27 42 7 7 42 48 32 45 32 11 43 43 11 12 44 27 48 11 7 24 27 24 44
split_gain=3.06423 3.06163 3.45129 13.8688 5.88505 9.03092 7.70114 10.023 5.77632 11.5129 9.20948 9.31475 5.92229 6.45499 6.08349 6.03054 5.86511 5.60576 10.1416 5.97233 8.68447 5.93224 5.47646 5.4595 5.42286 5.28847 5.19672 4.62129 4.64458 4.5943
threshold=1.0000000180025095e-35 1.0000000180025095e-35 0.093073595315217986 0.17192118614912036 27.500000000000004 0.39548794925212866 0.12895214557647708 303.50000000000006 0.10668563470244409 0.22318007797002795 0.12861869484186175 0.19201229512691501 0.18248233199119571 6.2791731357574472 0.62714573740959179 8.8637833595275897 0.66014632582664501 0.41670577228069311 0.29835456609725958 0.76961538195610057 0.81698724627494823 0.59241575002670299 421.50000000000006 0.16000792384147647 0.94555336236953746 0.41728855669498449 0.14207848906517032 308.50000000000006 0.14207848906517032 0.52197644114494335
decision_type=2 2 2 2 2 2 2 2 2 2 2 2 2 2 2 2 2 2 2 2 2 2 2 2 2 2 2 2 2 2
left_child=-1 -2 3 -3 17 -6 -7 -8 9 -4 11 24 14 -14 15 29 -15 18 21 20 -20 -5 25 -23 -10 -17 -18 28 -21 -11
right_child=1 2 8 4 5 6 7 -9 10 12 -12 -13 13 16 -16 22 26 -19 19 27 -22 23 -24 -25 -26 -27 -28 -29 -30 -31
leaf_value=-0.10395851435414594 -0.097220575333551995 -0.080396821337833491 -0.12724938583046547 -0.053882374820194513 -0.11201188546356729 0.075423649882978477 0.081150234401059576 0.50304093832297603 -0.099195320731674738 -0.033651501722953524 -0.00014704410534807736 0.15253985972242368 0.43146114755000309 -0.1058428471602932 -0.14115256228416542 -0.13069507690745424 0.31599445796968539 -0.0092442717465055484 0.44699564816141263 0.17688732390041406 0.078457332660782253 0.12272387198158141 0.063244029090879408 -0.04565272262322824 0.059013442390189214 0.0086705776094278767 -0.030860431383083586 0.013767157126296798 0.047638995562471621 0.10834147786599924
leaf_weight=2.8377201053917807 3.2398504442953699 11.654168953789847 10.593122962645792 10.026097935064174 1.2364786338403053 2.7097234810862574 0.97799255841528099 1.3274360169161807 3.2348570051253791 3.5887181893631386 8804.2904959196148 7.9336615877837167 0.54266880841896581 1.2826212217987634 3.7460030748989075 7.1569487880333309 1.0580422748789713 24.377516089502024 1.1506438423821266 6.1926145909383212 1.4391236292722167 5.214148706480044 3.6226780489960229 3.0533927451942873 6.5603120176529046 4.3947892723954283 0.72995913433260273 6.6665894213947459 5.0457509959378513 6.2422958821844077
leaf_count=1392 403 1231 730 771 106 534 72 129 557 117 937744 369 128 559 427 171 144 274 109 148 74 579 133 1145 176 107 116 203 113 133
internal_value=-6.04938e-05 -2.75489e-05 7.65001e-06 0.0205467 0.0374936 0.130045 0.189724 0.324069 -0.000180183 -0.0367607 -2.05797e-06 0.0719993 -0.00714331 0.113523 -0.0223079 -0.00450406 0.0573344 0.0283336 0.0519503 0.10026 0.2422 -0.00217153 -0.044032 0.0605385 0.00676496 -0.0776743 0.174389 0.0797293 0.118858 0.0565083
internal_weight=8952.13 8949.29 8946.05 81.0717 69.4175 6.25163 5.01515 2.30543 8864.98 42.9578 8822.02 17.7288 32.3647 3.61329 28.7514 25.0054 3.07062 63.1659 38.7884 20.4947 2.58977 18.2936 15.1744 8.26754 9.79517 11.5517 1.788 17.905 11.2384 9.83101
internal_count=948894 947502 947099 5488 4257 841 735 201 941611 2765 938846 1102 2035 947 1088 661 819 3416 3142 647 183 2495 411 1724 733 278 260 464 261 250
is_linear=0
shrinkage=0.1


Tree=173
num_leaves=31
num_cat=0
split_feature=45 15 27 48 7 13 43 18 12 52 13 43 8 29 45 1 32 33 10 12 13 52 53 12 31 40 49 31 1 8
split_gain=2.99096 5.12489 5.79398 5.41823 5.28216 5.90916 4.20182 17.0527 10.8519 16.0482 12.3742 11.5246 14.7195 14.4222 14.2509 12.0144 11.9657 11.6365 13.0122 21.2743 12.7687 13.2536 15.0248 26.2674 14.1168 12.8441 12.2987 12.1636 14.9339 11.9065
threshold=0.97709208726882946 0.44865803420543676 125.50000000000001 0.35064938664436346 0.5604878067970277 0.72474747896194469 0.38873073458671575 1.0000000180025095e-35 0.95672976970672619 0.77836257219314586 0.68990385532379161 0.30006924271583563 10.500000000000002 0.91978859901428234 0.0042603313922882089 0.77490171790122997 5.8344814777374276 6.4019715785980233 0.89249932765960704 0.79256790876388561 0.10762548446655275 0.52419981360435497 0.37980769574642187 0.72423115372657787 4.9896612167358407 0.3979166597127915 6.5000000000000009 8.7522115707397479 0.94667077064514171 30.500000000000004
decision_type=2 2 2 2 2 2 2 2 2 2 2 2 2 2 2 2 2 2 2 2 2 2 2 2 2 2 2 2 2 2
left_child=6 2 -2 -4 5 -3 7 8 10 -10 11 17 -13 14 -14 -16 -17 20 27 -20 -1 -22 24 -24 -23 -26 -21 29 -29 -19
right_child=1 4 3 -5 -6 -7 -8 -9 9 -11 -12 12 13 -15 15 16 -18 18 19 26 21 22 23 -25 25 -27 -28 28 -30 -31
leaf_value=-0.0031047280469102276 0.30151404644946739 -0.047815221868102976 0.43531953988758043 -0.0041146123420276832 -0.07769606686405145 0.11985257843390039 -0.00093829280922285352 -0.02368058773256522 -0.010300179884703553 -0.18404304496000609 0.076302147547738078 0.0046894468308764786 0.16954435637281207 0.40165016440888457 0.00902839967919279 0.02019410537823205 0.084913558822585972 -0.0075082960874010788 0.33450025986719367 -0.010314913800713614 -0.0047933182968843031 0.052416234915181693 0.091813808472601677 -0.033286369451501242 0.70789059552328126 0.14228940324276376 0.19393777996692096 0.0041870046740930429 0.13656865126067116 -0.049049712439814847
leaf_weight=183.21368930077233 0.64832608405504188 5.7881883711133941 0.28301304246997361 32.754731135119073 21.761666146414427 3.3005645346274832 7242.6409534922623 188.00802809558945 153.86332949330426 5.5066133022410204 28.681022836521151 228.00758226467588 8.0529081600689079 1.1014397325925518 101.842729351657 51.452647603236983 64.226896146537911 181.33427058802408 2.6295336032344521 14.765017122204883 60.425777871164428 39.409425598005328 29.171744914701776 39.525838625733741 0.40925436705402063 21.187506634111742 3.6833967637503511 116.9022913944882 9.1915138976473809 111.37059653594497
leaf_count=43704 48 6467 15 9119 24525 113 393152 234380 5423 205 1518 23769 190 18 19857 2704 4815 56546 213 1101 19405 9297 5661 783 143 4658 152 26552 211 54150
internal_value=-5.80962e-05 -0.0215083 0.00545945 -0.000350263 -0.0509548 0.013073 9.768e-05 0.00466176 0.00832162 -0.0163034 0.0113484 0.0098791 0.0226293 0.0406746 0.038912 0.0340758 0.0561272 0.00275024 -0.00827012 0.0683952 0.0157345 0.0338886 0.0519095 0.0198362 0.0880265 0.153007 0.030466 -0.0121287 0.0138369 -0.0233143
internal_weight=8951.14 64.5365 33.6861 33.0377 30.8504 9.08875 8886.6 1643.96 1455.96 159.37 1296.59 1267.9 454.684 226.677 225.575 217.522 115.68 813.22 439.877 21.0779 373.343 190.13 129.704 68.6976 61.0062 21.5968 18.4484 418.799 126.094 292.705
internal_count=948894 40287 9182 9134 31105 6580 908607 515455 281075 5628 275447 273929 51353 27584 27566 27376 7519 222576 138925 1466 83651 39947 20542 6444 14098 4801 1253 137459 26763 110696
is_linear=0
shrinkage=0.1


Tree=174
num_leaves=31
num_cat=0
split_feature=43 49 45 29 30 28 30 1 4 32 8 7 8 42 46 10 31 40 14 30 16 29 7 11 45 51 1 32 14 29
split_gain=2.96987 9.37001 9.116 11.2796 22.755 13.6208 18.4728 21.1542 14.4885 13.8324 13.205 18.289 15.669 14.2475 12.326 17.4503 11.8699 11.7547 11.4744 10.7776 10.1308 9.8957 38.7863 10.1055 9.96971 9.49136 10.0557 10.777 14.9957 21.1138
threshold=0.70263326168060314 10.500000000000002 0.17673590779304507 0.55035299062728893 0.74993684887886058 0.64583334326744091 0.9032181203365327 0.82638135552406322 0.80206185579299938 1.5308482050895693 4.5000000000000009 0.8989795744419099 15.500000000000002 0.82446309924125682 0.11628326773643495 0.72591120004653942 8.6518764495849627 0.84028983116149913 4.5000000000000009 0.98690816760063182 0.86607143282890331 0.7316400706768037 0.78817018866539013 0.6879490613937379 0.046621799468994148 0.93957650661468517 0.97649395465850841 2.460000872612 6.5000000000000009 0.68674495816230785
decision_type=2 2 2 2 2 2 2 2 2 2 2 2 2 2 2 2 2 2 2 2 2 2 2 2 2 2 2 2 2 2
left_child=-1 2 3 4 -2 16 7 -7 -9 14 11 -11 -12 -13 19 -16 25 -10 -6 -8 21 22 -21 -23 -25 26 27 28 -5 -30
right_child=1 -3 -4 5 18 6 9 8 17 10 12 13 -14 -15 15 -17 -18 -19 -20 20 -22 23 -24 24 -26 -27 -28 -29 29 -31
leaf_value=-0.0011091628291866231 0.0046694273708031515 0.04247589527600179 -0.019449487984785765 -0.08613328006107368 0.11023391314162533 -0.088101455034678977 0.085413938698169836 0.12458671312746382 -0.021207912334250564 0.09376034956972501 -0.1636761308868534 0.12619218634697069 -0.017651741178133822 -0.101634694419307 0.10322440021211286 0.014538731106227332 -0.0017138114521232065 0.062716481143458264 0.037408185288538003 -0.053026436165428986 0.069442548887718225 0.041659331083517742 0.11574850084002151 -0.0070878930332680173 -0.040382860331662496 -0.12784877736583511 0.074577575418950243 -0.0016658402702146372 -0.068640270548394486 0.081382942366620803
leaf_weight=6728.6605828153806 405.76305365317239 58.857247976502549 180.93580226038466 61.03805676184129 27.329627255712694 10.988338610302888 13.469149610085877 24.726204078782757 24.164069272788765 12.5332036035652 15.215930659382138 3.3263222854293444 14.211821683726157 15.703925051784607 24.99264309029968 197.62957345807081 263.61979425579193 53.951431386336481 103.83368542927929 26.658781590638682 17.707081734497478 33.30669490366563 27.832065867551137 365.32112470632273 119.30451034105499 10.3884445890435 8.8207325137263961 60.137299178706598 22.663875258833286 16.006329201627523
leaf_count=782437 18278 4328 8395 1279 1214 289 2482 2926 2019 4146 115 92 440 348 834 7589 11640 9940 7315 367 47249 2037 750 21338 5415 278 663 2743 450 1498
internal_value=-6.26758e-05 0.00310853 0.0020366 0.0039994 0.0163739 -0.000602735 0.00585643 0.0437814 0.0578727 0.000990623 -0.0449661 -3.77079e-05 -0.0931552 -0.0618125 0.00438312 0.024495 -0.0152092 0.0367555 0.0525824 -0.00303463 -0.00505338 -0.00735781 0.033178 -0.0116225 -0.0152844 -0.0350782 -0.0293643 -0.0351001 -0.0552654 -0.00654282
internal_weight=8949.1 2220.44 2161.58 1980.64 536.926 1443.72 1001.04 113.83 102.842 887.213 60.9912 31.5635 29.4278 19.0302 826.222 222.622 442.675 78.1155 131.163 603.599 590.13 572.423 54.4908 517.932 484.626 179.055 168.666 159.846 99.7083 38.6702
internal_count=948894 166457 162129 153734 26807 126927 108376 15174 14885 93202 5141 4586 555 440 88061 8423 18551 11959 8529 79638 77156 29907 1117 28790 26753 6911 6633 5970 3227 1948
is_linear=0
shrinkage=0.1


Tree=175
num_leaves=31
num_cat=0
split_feature=49 11 10 8 6 46 31 51 43 1 3 1 4 32 53 29 2 1 32 3 52 29 42 30 53 4 29 42 51 42
split_gain=2.93483 7.09829 7.02147 5.21869 4.58367 3.43998 3.41141 6.97595 4.85528 3.02096 29.3492 16.4957 17.7516 25.3209 13.4768 22.0663 24.0132 35.1534 33.0389 27.3652 26.1318 49.1607 30.3863 25.1394 24.5856 23.9325 29.9463 23.8334 23.5155 21.3899
threshold=19.500000000000004 0.65462699532508861 0.89007693529129039 14.500000000000002 2.5000000000000004 0.29730343818664556 6.0427806377410898 0.65485891699790966 0.54694718122482311 0.91905894875526439 0.88762623071670543 0.95296013355255138 0.78817015886306774 3.2679439783096318 0.89444443583488475 0.79206565022468578 0.83259591460227977 0.88274294137954723 4.9750616550445566 0.85270011425018322 0.74646767973899852 0.32700902223587042 0.97498434782028209 0.72779297828674328 0.72077924013137828 0.84660631418228161 0.38282999396324163 0.84924244880676281 0.80735492706298839 0.83935481309890758
decision_type=2 2 2 2 2 2 2 2 2 2 2 2 2 2 2 2 2 2 2 2 2 2 2 2 2 2 2 2 2 2
left_child=9 6 4 -4 -3 -5 -2 8 -8 14 11 12 -11 -14 15 16 20 18 29 -19 27 -22 23 -23 -25 -20 -27 -1 -17 -18
right_child=1 2 3 5 -6 -7 7 -9 -10 10 -12 -13 13 -15 -16 28 17 19 25 -21 21 22 -24 24 -26 26 -28 -29 -30 -31
leaf_value=-0.0003507573395658084 -0.095443599033337212 0.062993924944388255 0.058440937588575187 -0.039499955490623573 -0.060028133928388239 -0.17227004115254496 0.13398537229951674 -0.034449769348016607 0.86790104766074005 0.072656895507527991 -0.00080550694997376816 0.078943677011838534 -0.044683071879335325 0.025038670992355974 0.023712649846913566 0.001677712281959298 0.033833730658145045 0.067097594661076773 0.033490194060327001 -0.031982570289488775 0.019936388827569686 -0.058688230610884552 0.12611654107227585 -0.0045458727688939002 -0.095920825055483869 0.026645104123002802 -0.11557417469005614 0.13018814367851106 -0.063486277076532996 0.10066906334063939
leaf_weight=3036.5903757968208 14.552724197053978 16.814101755719101 2.7790828741526621 4.2114207029662794 3.6940233040004378 3.6364702234059223 0.24643040640330482 6.1508324567566888 0.14213038524030708 53.710407161162948 3637.1634286826229 53.493055322738655 65.862143044765617 249.07678084147847 201.36543243103915 102.83197513710729 101.74107427940908 33.537333445859986 100.40005199563984 165.12431192275471 221.15719147445452 298.83923674316884 11.392630442500375 229.08936102031294 33.78915886766481 28.731733455686481 30.546244518973253 14.051110816048093 120.00449200383991 90.459824016637867
leaf_count=537579 5096 1305 491 202 198 240 216 2132 7 3453 223609 4148 6388 13869 36841 4717 3635 1891 5247 7843 25416 32668 1627 11188 1284 3065 3392 1162 5215 4770
internal_value=-5.76197e-05 -0.0236934 0.00664997 -0.0593201 0.0408346 -0.101022 -0.0684846 -0.00849033 0.402442 8.14089e-05 0.0020913 0.0270501 0.0195201 0.010458 -0.00161141 -0.00271558 -0.0011592 0.0183739 0.0373606 -0.0152562 -0.00395608 -0.0201128 -0.0355674 -0.0388466 -0.0162908 0.00374266 -0.0466412 0.000250499 -0.0334152 0.0652899
internal_weight=8931.18 52.2272 31.1351 10.627 20.5081 7.84789 21.0921 6.53939 0.388561 8878.96 4059.31 422.142 368.649 314.939 4819.65 4618.29 4395.45 550.541 351.879 198.662 3844.91 794.268 573.11 561.718 262.879 159.678 59.278 3050.64 222.836 192.201
internal_count=948894 9887 2436 933 1503 442 7451 2355 223 939007 251467 27858 23710 20257 687540 650699 640767 29843 20109 9734 610924 72183 46767 45140 12472 11704 6457 538741 9932 8405
is_linear=0
shrinkage=0.1


Tree=176
num_leaves=31
num_cat=0
split_feature=30 29 31 29 30 28 7 4 40 8 8 7 8 42 33 42 28 28 43 47 29 1 2 42 3 29 3 40 1 40
split_gain=3.26328 50.9665 20.0846 17.069 28.5168 24.1117 20.1798 20.1127 25.2015 24.1823 22.1855 34.454 53.1294 36.1924 19.6508 28.6274 21.7192 19.3503 16.7724 15.5349 15.5266 21.2526 15.4459 15.1974 17.9634 15.4448 14.5401 14.4942 16.5793 15.8229
threshold=0.52870488166809093 0.36250083148479467 8.7522115707397479 0.19163919240236285 0.28607328236103063 0.17156863212585452 0.93582704663276683 0.5793287754058839 0.53984129428863536 2147483689.0000005 1.5000000000000002 0.73401361703872692 5.5000000000000009 0.21980675309896472 6.2791731357574472 0.49637681245803839 0.11805555596947671 0.12916667014360431 0.50814667344093334 0.79678651690483104 0.15794205665588382 0.93846851587295543 0.68870672583580028 0.87026643753051769 0.8589511811733247 0.28415496647357946 0.76506900787353527 0.43792808055877691 0.85054415464401256 0.91715687513351452
decision_type=2 2 2 2 2 2 2 2 2 2 2 2 2 2 2 2 2 2 2 2 2 2 2 2 2 2 2 2 2 2
left_child=3 2 23 4 6 -5 7 9 -9 10 -1 12 13 -12 15 -11 18 -6 -17 -10 21 -19 -16 25 -25 -2 -27 -7 -29 -30
right_child=1 -3 -4 5 17 27 -8 8 19 14 11 -13 -14 -15 22 16 -18 20 -20 -21 -22 -23 -24 24 -26 26 -28 28 29 -31
leaf_value=0.17896280451204477 0.049310312743006429 -0.0010071344878465804 0.077908964614583992 -0.096919094740922862 -0.079363832590079883 0.052729649540026118 -0.038986961548856093 0.075810871234136601 -0.033758811120446659 -0.077405738050518758 0.049675353363391274 -0.049140516121861107 0.0037022188000879691 0.28354330143128492 -0.060198154256079821 0.15092061257586942 -0.069849775746029116 0.11482823640952328 -0.11548343180772605 0.02713663656187313 0.027904630763367133 -0.36455676820384841 0.2546534371913326 0.12652585232967112 0.026252017377589667 -0.062928100076716037 0.011455143910496787 -0.039420774523974966 0.00796194664084348 -0.039556833076275721
leaf_weight=7.0752115984919319 58.601847769521555 6216.9491750151246 93.423831412870641 35.765452666104466 10.498189554618873 32.321264961315137 131.68077951816213 75.101790235813496 61.884057022048637 20.258754154434428 16.196870524508999 119.36921084715732 847.4005552582903 11.188141693048236 134.55004360831799 21.458359173444485 7.8582168079969952 46.539256730660782 2.6557575903134412 129.68134265528943 57.073343756272152 0.94353940233122457 1.5763755153257069 26.871214335575132 53.306576742084872 39.552561933618563 78.310868029566336 199.25302693974572 284.07961626535689 93.018337113866437
leaf_count=904 5032 414661 8813 23342 2246 5694 39929 16682 17111 12841 902 42978 93669 1484 110250 3260 4746 4008 41 23332 9240 36 179 1930 4082 5685 7386 51399 33809 3223
internal_value=-6.05672e-05 0.00108334 0.0382088 -0.0032607 0.00198487 -0.0171226 -0.00149834 0.00189154 0.0267131 -0.00367266 0.00251142 0.00125565 0.00813247 0.145222 -0.0365447 0.0155994 0.0745306 0.0500588 0.121581 0.00746473 0.0630538 0.105302 -0.0565521 0.023757 0.0598583 0.00735425 -0.0135064 -0.0124338 -0.0160881 -0.00375946
internal_weight=8914.44 6567.02 350.067 2347.43 1702.99 644.438 1587.94 1456.25 266.667 1189.59 1001.23 994.155 874.786 27.385 188.358 52.2311 31.9723 115.054 24.1141 191.565 104.556 47.4828 136.126 256.643 80.1778 176.465 117.863 608.672 576.351 377.098
internal_count=948894 447589 32928 501305 383838 117467 368308 328379 57125 271254 139937 139033 96055 2386 131317 20888 8047 15530 3301 40443 13284 4044 110429 24115 6012 18103 13071 94125 88431 37032
is_linear=0
shrinkage=0.1


Tree=177
num_leaves=31
num_cat=0
split_feature=5 3 5 5 30 29 29 31 31 13 4 51 1 7 4 24 41 1 31 29 42 7 4 41 7 2 7 28 3 47
split_gain=3.14814 22.3337 20.9726 23.8146 18.2196 26.4991 16.1081 22.385 15.6455 15.2085 16.2653 36.191 17.9939 17.5158 15.9958 23.2655 17.8237 15.4923 15.4835 19.6421 14.9742 28.4124 19.0353 18.4745 15.3467 14.2774 13.098 13.0935 18.6643 29.0974
threshold=0.32051283121109014 0.53889366984367382 0.11805555596947671 0.12916667014360431 0.5744021236896516 0.27072386443614965 0.23543170094490054 6.1005592346191415 8.9894409179687518 0.045983087271451957 0.65030118823051464 0.70997890830039989 0.7542615830898286 0.44543650746345526 0.49752475321292883 0.43643780052661901 0.38327017426490789 0.71542996168136608 5.474675416946412 0.40263193845748907 0.31698563694953924 0.42340287566185003 0.36127844452857977 0.3647450208663941 0.22318007797002795 0.61938297748565685 0.96039214730262767 0.19090909510850909 0.40212766826152807 0.74345415830612194
decision_type=2 2 2 2 2 2 2 2 2 2 2 2 2 2 2 2 2 2 2 2 2 2 2 2 2 2 2 2 2 2
left_child=2 -2 9 -4 6 -6 7 27 -8 -1 12 26 14 -14 17 16 -16 20 -13 -20 24 22 -22 -24 -11 -23 -12 -5 29 -29
right_child=1 -3 3 4 5 -7 8 -9 -10 10 11 18 13 -15 15 -17 -18 -19 19 -21 21 25 23 -25 -26 -27 -28 28 -30 -31
leaf_value=-0.09767175350961789 0.11598406433000304 0.00070582261634766306 -0.1254527315349889 -0.069141805909901904 0.19120456033929603 0.0048763227503415222 -0.080634744290777022 0.046539192961166674 -0.0090161326680813936 -0.034406806581864464 0.076298630737160228 -0.032657227873451877 0.069413103076321078 -0.066783420506256505 0.73924485835117704 -0.011963334965425378 0.048762239141435147 0.15926727028884288 0.12023781220200487 0.0022433578358912322 -0.0036024883000974049 -0.039467085468533995 0.64396443628221856 0.10115358344357657 0.0079044246601689509 0.21442414462834805 -0.069548407500565457 1.584922629290368 -0.010362071929726198 -0.10032224605061078
leaf_weight=15.282098908263377 16.8481634605414 6730.5658590998337 21.481896013839105 54.3784501712571 8.4058522562663693 82.974265927263332 86.179411125503975 51.292233435431626 47.21373339857837 98.620835629020803 107.62564726014079 92.155583922412006 10.945146162583113 68.790107812119459 0.37485051852126972 103.3760765035986 139.31600868005762 5.7523401668149736 17.67740173090715 69.868506613829595 34.242883235129739 258.84345171324458 0.64752922496336651 19.789915286177347 655.55023857234664 2.2340123307021704 6.5312640863048719 0.18728185855252277 92.568680835585837 0.22619498676067451
leaf_count=20070 1431 466047 10822 39469 867 12712 26521 15197 17088 8686 11210 11178 719 6094 24 3615 30360 475 979 11580 7151 117869 174 2377 95233 126 545 108 29926 241
internal_value=-6.86117e-05 0.00099367 -0.00339848 -0.0227365 -0.0175253 0.0220162 -0.0284073 -0.0103587 -0.0552858 0.00163988 0.00253668 0.0239236 -0.00195726 -0.0480879 0.000831925 0.0240006 0.0506151 -0.00440339 -0.00404734 0.026069 -0.00528335 -0.0235666 0.0419794 0.118352 0.0023715 -0.0372946 0.0679543 -0.0301634 -0.00736774 0.662999
internal_weight=8899.95 6747.41 2152.53 444.908 423.426 91.3801 332.046 198.653 133.393 1707.62 1692.34 293.858 1398.48 79.7353 1318.75 243.067 139.691 1075.68 179.701 87.5459 1069.93 315.758 54.6803 20.4374 754.171 261.077 114.157 147.361 92.9822 0.413477
internal_count=948894 467478 481416 152951 142129 13579 128550 84941 43609 328465 308395 35492 272903 6813 266090 33999 30384 232091 23737 12559 231616 127697 9702 2551 103919 117995 11755 69744 30275 349
is_linear=0
shrinkage=0.1


Tree=178
num_leaves=31
num_cat=0
split_feature=14 13 15 7 28 8 32 24 30 28 4 6 1 32 51 16 43 33 4 32 29 33 6 12 5 4 3 8 29 28
split_gain=2.994 30.116 32.6642 11.9094 16.185 25.5529 25.7358 24.226 13.3264 12.4059 31.064 28.7026 20.4559 60.8485 43.2584 28.3398 21.6569 25.7488 20.3973 20.8391 28.7823 26.058 23.567 17.7927 16.1082 14.332 25.5998 14.2808 14.1129 17.2116
threshold=5.5000000000000009 0.48212005198001867 0.73093083500862133 0.69604039192199718 0.72077924013137828 18.500000000000004 5.8961894512176523 0.48669500648975378 0.82526984810829174 0.32051283121109014 0.58885446190834057 2.5000000000000004 0.79918688535690319 5.5640749931335458 0.85584414005279552 0.90454545617103588 0.51318171620368969 8.9894409179687518 0.73942819237709057 5.278536558151246 0.50598835945129406 8.8637833595275897 1.5000000000000002 0.97309359908103954 0.19090909510850909 0.7589399814605714 0.77836257219314586 3.5000000000000004 0.32430708408355718 0.64583334326744091
decision_type=2 2 2 2 2 2 2 2 2 2 2 2 2 2 2 2 2 2 2 2 2 2 2 2 2 2 2 2 2 2
left_child=3 2 -2 4 5 6 8 -8 -1 25 11 -11 13 -12 15 -15 -17 -18 19 -14 22 -22 24 28 -21 -5 -27 -28 -20 -30
right_child=1 -3 -4 9 -6 -7 7 -9 -10 10 12 -13 18 14 -16 16 17 -19 23 20 21 -23 -24 -25 -26 26 27 -29 29 -31
leaf_value=-0.022440685736669307 -0.0036599451646445688 0.00044675048405520877 -0.084469327321261126 -0.028760953348161762 0.040129770660546328 -0.0096285845180176192 0.025245527235187533 0.1130641757805841 0.038763403554191472 0.072613197378962394 0.012526903126374979 -0.024592195292736468 -0.0010660153139915582 -0.069633882081571799 0.02880961162416007 -0.036204085460756333 -0.35253659179273228 -0.14574091022978122 0.026566286649766898 -0.068451684318356687 0.15545792510557821 0.045972287354395965 -0.014947311358769505 0.055056626247174438 0.10064736980402089 0.06631468391282673 -0.08643070121149915 0.0060984024029514727 -0.013522669655843689 0.0010549300354001443
leaf_weight=174.23165104209966 111.02795291594612 1996.182525594666 91.03281666148996 313.19345120985236 149.70020880016637 604.99854185286495 444.74765669959197 33.8002579556196 44.703483151241016 107.22367382717493 191.53679178824041 42.384168273674732 230.20660535093157 82.871335186169745 32.831821231002323 8.149806050136247 9.6343253459781426 16.054460622137412 159.27133339143256 6.6791499973196542 32.850136426179233 64.265748508209072 97.505158661957466 54.350777881594695 35.977197088162939 50.388487743539372 25.652205365799091 47.68940818046849 1220.2985924083368 2408.4743700712024
leaf_count=26089 13976 113188 31063 170121 8357 130231 73653 3470 1951 18877 20229 4454 21913 26928 3557 2077 177 224 15901 1550 1628 2096 13529 10959 2396 8732 2110 4054 71131 144273
internal_value=-7.54097e-05 -0.00327718 -0.0400663 0.000976701 0.00898966 0.00541059 0.0184556 0.0314482 -0.00994367 -0.00124503 0.000223252 0.0450747 -0.00121949 -0.024794 -0.0725957 -0.101122 -0.178237 -0.223298 0.000646171 0.0203691 0.0411654 0.0830066 0.0121743 -0.00175341 0.0741698 -0.0173773 0.0114377 -0.0262649 -0.00256852 -0.00384728
internal_weight=8887.91 2198.24 202.061 6689.67 1452.18 1302.48 697.483 478.548 218.935 5237.49 4800.57 149.608 4650.96 341.079 149.542 116.71 33.8386 25.6888 4309.88 467.484 237.277 97.1159 140.162 3842.4 42.6563 436.924 123.73 73.3416 3788.04 3628.77
internal_count=948894 158227 45039 790667 243751 235394 105163 77123 28040 546916 361899 23331 338568 53192 32963 29406 2478 401 285376 43112 21199 3724 17475 242264 3946 185017 14896 6164 231305 215404
is_linear=0
shrinkage=0.1


Tree=179
num_leaves=31
num_cat=0
split_feature=14 32 29 45 51 46 10 7 53 41 47 43 48 43 10 43 3 13 24 41 11 40 10 24 33 27 29 18 15 31
split_gain=2.97792 7.20364 6.53804 6.15513 6.21753 6.10997 5.29232 4.443 4.40175 5.94905 4.25759 4.54044 4.17516 3.966 5.79312 4.17122 14.3063 16.0675 14.0864 13.7094 17.4733 12.6998 23.079 11.4254 11.2047 12.3298 12.2145 22.5781 21.015 18.231
threshold=13.500000000000002 6.9679150581359872 0.89352095127105724 0.82335013151168834 0.92907443642616283 0.58333334326744091 0.97778496146202099 0.2416573911905289 0.72077924013137828 0.88792270421981823 0.28536087274551397 0.86890873312950145 0.066732823848724379 0.81087541580200206 0.68815225362777721 0.52986019849777233 0.76817703247070324 0.71714287996292125 0.70489114522933971 0.81872946023941051 0.63839775323867809 0.43792808055877691 0.95624884963035595 0.57142856717109691 9.1332817077636737 575.50000000000011 0.69259262084960949 1.0000000180025095e-35 0.44161255657672888 9.7596631050109881
decision_type=2 2 2 2 2 2 2 2 2 2 2 2 2 2 2 2 2 2 2 2 2 2 2 2 2 2 2 2 2 2
left_child=13 2 3 4 8 -5 10 -8 9 -2 -3 -12 -4 15 -15 18 19 23 24 20 -17 22 -22 -18 25 -1 29 -28 -29 -26
right_child=1 6 12 5 -6 -7 7 -9 -10 -11 11 -13 -14 14 -16 16 17 -19 -20 -21 21 -23 -24 -25 26 -27 27 28 -30 -31
leaf_value=0.0075152607606342589 -0.029893571714672159 0.06075787573135269 0.080531000222400423 -0.047289528110491426 0.094685174734042477 0.14945909968604493 -0.050350102669032254 0.075066529417486635 -0.075651744823031455 0.067842516582480347 -0.004385700267682968 -0.12774689932309699 -0.13482681644342906 0.065707489433162111 0.0057311378984701731 -0.092157590741647394 0.0079069717047056919 0.023706213011624427 0.061965008228810993 0.015620952564704586 0.073114265171006956 -0.026868991357688735 -0.067882333857498353 -0.0073821686812981435 -0.0066589451099068626 -0.013538755548316524 -0.018260149957663875 0.21019852895389116 -0.0051883042613243974 0.020281978850241002
leaf_weight=2408.759329542233 146.96442315073 9.5626248511252907 8.8263537453276495 2.6475150258338536 3.9947708747567949 3.9086631857717293 3.3263668416766476 18.727636515119229 19.979048081593646 6.5034404343823544 50.627392553764366 3.1704411344544488 1.0024725986877445 16.44287815889038 783.04605765114502 36.501286001399421 697.38512500153593 253.38290010950732 38.157685970174498 97.166195547666575 34.808923585544107 340.41701163844482 17.418300272896886 1633.9512656120132 862.88189162788331 314.4690657589681 687.83297113539447 8.4347974498668936 9.7849983431005949 354.32128734575053
leaf_count=345196 4217 167 4191 115 1071 130 60 529 647 770 1542 52 264 3213 96403 2313 21949 13262 1081 6660 1101 10674 404 59951 243149 87381 8055 516 1593 32238
internal_value=-7.31677e-05 -0.0102362 -0.0208984 -0.0251432 -0.0286589 0.0700081 0.0139589 0.0561502 -0.0314997 -0.0257519 -0.000726728 -0.0116557 0.058566 0.000257012 0.00696466 -0.000430894 -0.0032694 -0.000209365 0.00145414 -0.0182973 -0.025977 -0.0198246 0.0260905 -0.00280865 0.000957212 0.00508402 -0.00488612 -0.0153497 0.0945244 0.00118341
internal_weight=8874.4 279.241 193.827 183.998 177.442 6.55618 85.4145 22.054 173.447 153.468 63.3605 53.7978 9.82883 8595.16 799.489 7795.67 3111.03 2584.72 4684.64 526.312 429.146 392.644 52.2272 2331.34 4646.48 2723.23 1923.26 706.053 18.2198 1217.2
internal_count=948894 13755 11405 6950 6705 245 2350 589 5634 4987 1761 1594 4455 935139 99616 835523 116314 95162 719209 21152 14492 12179 1505 81900 718128 432577 285551 10164 2109 275387
is_linear=0
shrinkage=0.1


Tree=180
num_leaves=31
num_cat=0
split_feature=30 32 3 1 30 29 29 17 16 39 43 10 12 39 43 43 12 52 31 49 15 16 31 43 1 4 12 46 8 7
split_gain=2.87757 24.5782 50.3327 37.1743 26.1613 21.5955 19.9722 16.9288 16.7506 29.8292 29.0772 17.1944 16.9992 18.1234 17.3374 17.1206 15.9077 15.2754 14.1148 14.4982 16.0503 13.9038 13.7609 12.414 14.1389 16.1732 12.3552 12.7458 12.3551 39.7256
threshold=0.93566039204597484 1.5308482050895693 0.88047617673873912 0.89513915777206432 0.92169728875160228 0.60265883803367626 0.80237358808517467 1.5000000000000002 0.44949495792388922 0.88194444775581371 0.57248207926750194 0.84428429603576671 0.76484143733978283 0.88194444775581371 0.5000000298023225 0.70263326168060314 0.87917396426200878 0.77581480145454418 8.2617969512939471 1.0000000180025095e-35 0.16509307920932773 0.58571431040763866 5.8344814777374276 0.45714978873729711 0.92000734806060802 0.80874973535537731 0.60476461052894603 0.23866242170333865 12.500000000000002 0.61620295047760021
decision_type=2 2 2 2 2 2 2 2 2 2 2 2 2 2 2 2 2 2 2 2 2 2 2 2 2 2 2 2 2 2
left_child=1 2 5 -4 16 17 -6 8 12 10 -10 -11 14 15 18 -14 -5 -1 19 22 -21 -9 -2 24 -7 -26 -16 -28 29 -3
right_child=7 28 3 4 6 23 -8 21 9 11 -12 -13 13 -15 26 -17 -18 -19 -20 20 -22 -23 -24 -25 25 -27 27 -29 -30 -31
leaf_value=-0.042611756299118751 -0.049162951699216764 0.026636863300187719 0.16314314816101994 0.0040844388011630475 -0.11684104773261535 -0.069209945244977575 0.12561453833673575 -0.069963968000714347 -0.024614259124375534 -0.027567283960790175 0.12403659106992337 0.062555054395764406 -0.037249917110372108 0.10707553446409551 0.050651098691132601 -0.0068246859761098948 0.098695212519986794 0.085679177893964856 -0.013935832054873462 0.0075108436664029742 -0.05289926068770312 -0.010798086281583616 0.065882751129695841 -0.11032964970499087 0.72119381871218602 0.084207486544017024 0.005345360171174738 0.12425978934339606 0.0044246391606436227 -0.0092035995934006999
leaf_weight=20.367477256958409 12.305716549122733 351.90278260369041 27.39661730593798 123.10465373273291 3.7058199680177486 3.4317415038531172 40.838257585462998 64.41141046903067 18.248084400758671 78.041330896832733 47.182370488055312 29.050536838525659 248.73546893704042 12.39232141098182 113.1180199014525 721.20187665556296 20.770001518663776 17.050897594532216 537.01318393028123 519.86068499785324 48.045665276988075 103.60394602563065 67.028144080537459 35.842557076794037 0.56111181115193165 1.3762416401004882 219.02189386509781 9.4004576019069628 2829.2394484876359 2552.1087571616322
leaf_count=797 1650 33885 1320 8522 58 705 3153 1806 910 16044 4861 31441 7125 917 9040 23511 3754 775 9585 22988 40975 25697 3133 1110 155 289 5326 320 395226 293816
internal_value=-6.9149e-05 0.00116862 0.0293458 0.0543018 0.038476 -0.0391509 0.105444 -0.00268824 -0.000758283 0.029382 0.0825789 -0.00312003 -0.00283149 -0.0130918 0.00377423 -0.0146271 0.0177426 0.0158482 -0.00195034 0.00799398 0.00240007 -0.0334803 0.0480377 -0.0890876 0.0527183 0.268697 0.0236236 0.0102391 -0.000278487 -0.00486052
internal_weight=8876.36 6027.7 294.445 215.815 188.419 78.63 44.5441 2848.66 2680.65 172.522 65.4305 107.092 2508.12 982.33 1525.79 969.937 143.875 37.4184 1184.25 647.24 567.906 168.015 79.3339 41.2117 5.36909 1.93735 341.54 228.422 5733.25 2904.01
internal_count=948894 743565 20638 16807 15487 3831 3211 205329 177826 53256 5771 47485 124570 31553 93017 30636 12276 1572 78331 68746 63963 27503 4783 2259 1149 444 14686 5646 722927 327701
is_linear=0
shrinkage=0.1


Tree=181
num_leaves=31
num_cat=0
split_feature=31 6 1 4 24 32 3 4 29 46 5 44 4 7 27 11 40 27 12 45 47 1 27 47 48 10 36 48 17 29
split_gain=2.98358 10.1918 11.8835 11.2121 9.90699 19.442 8.89726 15.5101 9.29577 9.6829 8.69267 9.15101 7.91832 10.6926 7.40413 8.38213 7.15053 7.49675 6.86642 10.9005 6.63009 14.6713 6.44098 5.94502 5.92278 5.86302 12.5616 11.0067 10.1447 9.22556
threshold=10.106236934661867 1.5000000000000002 0.81436249613761913 0.54261499643325817 0.52543765306472789 4.3166134357452401 0.78142958879470836 0.59207093715667736 0.34753274917602545 0.011036694049835207 0.47727273404598242 0.0078927874565124529 0.62192189693450939 0.9569842815399171 140.50000000000003 0.52954608201980602 0.38327017426490789 129.50000000000003 0.78100872039794933 0.47758434712886816 0.58822214603424083 0.85729214549064647 514.50000000000011 0.082866877317428603 0.92545253038406383 0.79054737091064464 1.0000000180025095e-35 0.24383369088172915 1.5000000000000002 0.50920355319976818
decision_type=2 2 2 2 2 2 2 2 2 2 2 2 2 2 2 2 2 2 2 2 2 2 2 2 2 2 2 2 2 2
left_child=-1 2 3 23 5 -5 7 10 9 -8 -3 -12 20 14 15 -14 -7 -18 19 -11 -4 -22 -9 -2 -13 26 28 29 -10 -28
right_child=1 6 12 4 -6 16 8 22 25 18 11 24 13 -15 -16 -17 17 -19 -20 -21 21 -23 -24 -25 -26 -27 27 -29 -30 -31
leaf_value=-0.0008414503456539191 0.19383766743231171 -0.038289471973250368 -0.041555392403338887 1.2427626982149704 0.094082183157332591 0.71260640612459603 0.31466982826329382 -0.077117946962920583 0.0021936438704888909 0.34008907354387879 -0.085828990361779961 0.07961478187369897 0.29357625160861922 -0.048043948033332923 0.040900137350421736 0.078853265280402859 0.75970517994293996 0.15121871069251175 0.0079263738783370615 -0.010127901550294497 0.022041291455181321 1.1703579218588362 0.029165025088760673 0.024306511917176577 0.26904384709230461 -0.0062856955338178354 0.072906509235115227 0.067941571574425874 -0.090573870065857986 0.0059050594749260471
leaf_weight=7519.5500816183958 2.5705525469747981 12.17507385892168 21.413181009755139 0.23003489689290235 2.7543224820983596 0.33369317174219792 1.6223678307142098 44.716344163232861 504.75170155138585 1.8546180955599987 3.0726261889794868 12.934677760782504 2.6245827576276479 11.24141971746212 34.694849244293437 5.915836936001142 0.22623748996557003 1.9277014846538802 8.8880027388076979 1.7064728089098933 0.47785858968927541 0.14502984328282764 6.5353093958765376 10.590745201683601 1.8919980162754644 421.75492197503081 24.103030631726142 53.74945401750665 12.070037561003117 139.43478286108802
leaf_count=881694 192 1520 2415 36 81 30 52 2205 12497 75 65 600 136 578 1951 263 38 803 248 395 440 64 487 2621 38 29507 495 3403 1766 4199
internal_value=-6.52063e-05 0.00427004 0.0358213 0.107435 0.227738 0.363197 0.00187088 -0.0301122 0.00409413 0.0848819 0.0268975 0.0712375 0.0183809 0.0388412 0.0614318 0.14484 0.281863 0.215131 0.0549359 0.172265 -0.0322001 0.289409 -0.0635654 0.0574179 0.103787 0.00311062 0.00850892 0.028683 2.71186e-05 0.0157801
internal_weight=8865.96 1346.41 95.146 18.6333 5.47199 2.71767 1251.26 81.326 1169.94 14.0715 30.0744 17.8993 76.5128 54.4767 43.2353 8.54042 2.48763 2.15394 12.4491 3.56109 22.0361 0.622888 51.2517 13.1613 14.8267 1155.86 734.109 217.287 516.822 163.538
internal_count=948894 67200 9648 3801 988 907 57552 4915 52637 770 2223 703 5847 2928 2350 399 871 841 718 470 2919 504 2692 2813 638 51867 22360 8097 14263 4694
is_linear=0
shrinkage=0.1


Tree=182
num_leaves=31
num_cat=0
split_feature=4 7 1 51 42 13 12 48 21 4 44 42 7 1 15 19 10 52 7 4 42 48 12 1 44 24 5 15 1 42
split_gain=2.8371 17.0862 12.4201 11.0562 7.56187 9.40431 12.706 10.6245 13.5777 15.4153 6.37312 6.02612 5.45423 5.73379 7.32498 5.43409 7.54332 5.3027 6.87959 6.24911 20.2502 10.6753 10.8401 11.2481 21.8634 17.4241 10.4397 10.3051 9.84469 12.4151
threshold=0.13446327298879626 0.22318007797002795 0.68354722857475292 0.14724481105804446 0.21980675309896472 0.27429467439651495 0.63658976554870617 0.080122649669647231 1.0000000180025095e-35 0.16064515709877017 0.26423193514347082 0.093073595315217986 0.54616478085517894 0.40857487916946417 0.91368666291236889 1.0000000180025095e-35 0.90163463354110729 0.15831243991851809 0.30583900213241583 0.39369100332260137 0.31698563694953924 0.066732823848724379 0.8959166705608369 0.51568499207496654 0.59692957997322094 0.22792021185159686 0.2264957278966904 0.86254772543907177 0.5705150067806245 0.28801843523979193
decision_type=2 2 2 2 2 2 2 2 2 2 2 2 2 2 2 2 2 2 2 2 2 2 2 2 2 2 2 2 2 2
left_child=1 2 -1 4 5 6 -2 -8 -9 -10 -3 -7 13 -12 -15 16 -14 -5 -19 20 21 22 23 -20 -25 -26 -22 -24 -21 -30
right_child=3 10 -4 17 -6 11 7 8 9 -11 12 -13 15 14 -16 -17 -18 18 19 28 26 -23 27 24 25 -27 -28 -29 29 -31
leaf_value=-0.10122789990011215 -0.04809377034694954 0.18987089619800138 0.08408472661144939 -0.036043702922525504 0.13450907315068314 0.10506835194269873 0.097127725369889464 -0.10060870760480978 1.6205984299966674 0.52648634089654134 0.020678440574000617 -0.003690003531066586 -0.032066430367604648 0.02428601711556231 -0.12535017414732397 0.29963449178743135 0.14002841659783269 0.019629738766156014 0.031407492314082956 0.04047987672340414 -0.04379246541187299 -0.020791786395104917 -0.029161069432902715 0.1011139786752846 0.28541615565924944 1.1407015634825883 0.069786153074681403 0.015994907107025037 0.23513552800428461 7.918790756119099e-06
leaf_weight=27.204670961938977 0.93303470884256912 2.0521667000975858 4.1712812974146791 40.957479362758022 8.5398247551065634 6.2669884755887315 0.52428430749569066 0.16752668882327271 0.20300024923199089 0.35218492780404631 24.328952979863971 27.233961997539154 5.3380394926789414 5.7467224175816209 7.5948915486223996 0.95382829524714985 4.8712581677682465 175.34452301548663 33.970806070862182 60.771682928712835 170.67422498121914 147.74916069267329 68.212397368792153 8.3879912135671457 0.67718639867962227 0.36743433465017006 8.4955489717212895 195.05142396082374 2.2463059321089522 7826.2283917094364
leaf_count=2874 766 107 180 3798 866 368 21 162 151 137 2154 1471 703 553 459 117 144 16411 3229 20130 85370 62926 2148 1471 89 156 885 7091 234 733723
internal_value=-6.71278e-05 -0.0185519 -0.0765915 0.000105994 0.0499821 0.0297516 0.231005 0.439833 0.688446 0.926542 0.017235 0.0166553 0.00998023 -0.00821254 -0.0608964 0.0713727 0.0500468 -0.000146384 2.26476e-05 -0.000380739 -0.00993577 0.00129002 0.0119288 0.0582326 0.154841 0.586254 -0.038407 0.00429487 0.000386626 7.53864e-05
internal_weight=8865.62 82.2618 31.376 8783.36 44.2208 35.681 2.18003 1.247 0.722712 0.555185 50.8859 33.501 48.8337 37.6706 13.3416 11.1631 10.2093 8739.13 8698.18 8522.83 633.586 454.416 306.667 43.4034 9.43261 1.04462 179.17 263.264 7889.25 7828.47
internal_count=948894 7291 3054 941603 3942 3076 1237 471 450 288 4237 1839 4130 3166 1012 964 847 937661 933863 917452 163365 77110 14184 4945 1716 245 86255 9239 754087 733957
is_linear=0
shrinkage=0.1


Tree=183
num_leaves=31
num_cat=0
split_feature=43 24 3 43 12 16 10 30 49 31 13 43 32 42 43 18 10 44 2 12 27 12 24 43 15 1 29 47 31 7
split_gain=2.82026 8.20558 12.8677 10.3107 10.6112 10.9707 10.6843 9.93626 9.83768 9.40474 8.81279 8.20819 14.4671 15.9512 9.76251 28.459 41.344 28.8448 16.8709 15.8875 14.9239 14.8637 13.4539 17.8474 12.1013 11.2496 15.3738 12.5255 10.5209 16.02
threshold=0.70263326168060314 0.79914978146553051 0.91545841097831737 0.53524437546730053 0.62973192334175121 0.90454545617103588 0.74102991819381725 0.52622318267822277 1.0000000180025095e-35 6.0150969028472909 0.21132376790046695 0.48795096576213842 7.7636303901672372 0.26794870197772985 0.41670577228069311 1.0000000180025095e-35 0.77674973011016857 0.68484777212142955 0.1627137362957001 0.70089465379714977 258.50000000000006 0.62973192334175121 0.46360097825527197 0.45940501987934118 0.23831367492675784 0.96192932128906261 0.46147720515728002 0.16762453317642215 8.1992154121398944 0.44543650746345526
decision_type=2 2 2 2 2 2 2 2 2 2 2 2 2 2 2 2 2 2 2 2 2 2 2 2 2 2 2 2 2 2
left_child=1 3 -3 11 5 6 9 -4 -7 -5 -11 14 -13 -14 25 -16 21 19 -19 20 -18 -17 23 -22 -23 28 27 -27 29 -1
right_child=-2 2 7 4 -6 8 -8 -9 -10 10 -12 12 13 -15 15 16 17 18 -20 -21 22 24 -24 -25 -26 26 -28 -29 -30 -31
leaf_value=0.016511226303630316 0.0030486064600649281 0.069120958769075883 -0.061265454684448079 -0.034189315316548896 -0.010752117834701914 0.10920493302948198 0.0911495470404 0.023000672407505574 -0.10190434731387238 0.012989905555684326 0.084238733400075261 0.0032926646767082604 -0.0066655997553284555 0.054657418991711337 -0.012370143136001236 -0.055337265050856538 0.064785298783250261 0.25832123307987326 1.2387716707509571 0.11465562597402751 0.4364351532285663 0.36354535974145175 0.21736616507806394 1.4845695433884334 0.03440078131880317 0.22383620744385599 0.0080056658768912076 0.05812280544615564 0.013779566522208407 -0.0091998722334863184
leaf_weight=306.94317187234742 2179.6229517142838 42.465581808515708 19.518348547338974 32.370417761561839 1568.7932594947124 2.6686891949793781 20.043313389141986 49.432853424339555 12.769957665674154 86.91143517895398 21.693568376096664 1250.7539979913272 65.31181916166679 121.00669882047077 1241.6322931898321 25.544796955051424 0.69089373391762521 0.32630384373624011 0.37975858024219633 22.509040846944117 0.3344914919362052 1.1562765597482201 0.41612462402554229 0.31587425748148235 32.895074174066394 5.1270720135071306 112.21667811812949 41.326403955719798 444.88920684790446 1151.3711935994941
leaf_count=60878 166457 1500 365 1370 48337 239 538 2963 457 2916 606 73563 951 4823 35297 15390 164 35 151 2336 106 158 46 64 7408 124 15490 4833 62185 439144
internal_value=-7.49497e-05 -0.00109386 0.025817 -0.0015502 -0.008137 0.0151127 0.0228335 -0.000852946 -0.0654125 0.0131206 0.0272217 0.00083224 0.00716518 0.0331613 -0.00185392 -0.00854707 0.0475831 0.155597 0.785661 0.137265 0.426846 0.00232223 0.661396 0.945501 0.0455775 0.00245113 0.028033 0.0764126 0.000318369 -0.00378825
internal_weight=8861.44 6681.81 111.417 6570.4 1745.25 176.457 161.019 68.9512 15.4386 140.975 108.605 4825.15 1437.07 186.319 3388.07 1326.2 84.5686 24.9725 0.706062 24.2664 1.75738 59.5961 1.06649 0.650366 34.0514 2061.87 158.67 46.4535 1903.2 1458.31
internal_count=948894 782437 4828 777609 54463 6126 5430 3328 696 4892 3522 723146 79337 5774 643809 61155 25858 2902 186 2716 380 22956 216 170 7566 582654 20447 4957 562207 500022
is_linear=0
shrinkage=0.1


Tree=184
num_leaves=31
num_cat=0
split_feature=10 19 30 12 13 15 11 11 35 24 11 15 11 16 15 15 37 44 21 15 48 10 11 52 11 36 37 1 39 39
split_gain=3.01962 39.2971 17.4559 12.8765 12.9887 11.2848 15.354 13.1638 18.5544 17.208 15.7377 15.1522 20.6733 14.2365 13.091 12.9087 9.55325 9.425 9.2148 9.04648 8.67503 8.26746 28.7944 15.4317 11.1519 13.8078 23.26 18.5838 17.3669 12.8692
threshold=0.92835047841072094 1.0000000180025095e-35 0.29825694859027868 0.96164357662200939 0.68990385532379161 0.92277878522872936 0.88842785358428966 0.88533127307891857 1.0000000180025095e-35 0.37622487545013433 0.94968047738075267 0.8980536460876466 0.9168485999107362 0.90454545617103588 0.82940685749053966 0.86851710081100475 1.0000000180025095e-35 0.76882499456405651 1.0000000180025095e-35 0.80079364776611339 0.014232188463211061 0.84428429603576671 0.7494075894355775 0.73986300826072704 0.92338585853576671 1.0000000180025095e-35 1.0000000180025095e-35 0.75017172098159801 0.88194444775581371 0.30952382087707525
decision_type=2 2 2 2 2 2 2 2 2 2 2 2 2 2 2 2 2 2 2 2 2 2 2 2 2 2 2 2 2 2
left_child=21 3 -3 5 -5 7 -7 16 9 15 11 12 14 -10 -11 -9 -2 20 -19 -18 -6 -1 23 -23 25 26 27 29 -28 -24
right_child=1 2 -4 4 17 6 -8 8 13 10 -12 -13 -14 -15 -16 -17 19 18 -20 -21 -22 22 24 -25 -26 -27 28 -29 -30 -31
leaf_value=-0.00080932886923008309 -0.066105600577281209 0.014202423332011964 0.11946316811260266 0.041020756069918722 -0.00028547608002363719 0.020118543610235837 -0.047787768567108341 0.72807805313677365 -0.11515601370605191 0.19118650701205689 0.24427856594982444 -0.033821117982234798 0.15678501287141011 -0.0074640677408119157 0.0056800466702972598 0.17891919565154732 -0.049784668002952628 0.15222899486908315 -0.022260239384763271 0.022257826402581803 -0.035689260868767211 0.071326748896625949 0.12621291160820866 0.015685252072775074 0.026435550565143563 -0.01239483625539629 -0.14249922132251983 0.06814314917407284 -0.0040342525572087768 -0.016770171989974034
leaf_weight=6364.0180087446606 53.079661131065222 28.755490749972523 34.846302975623985 73.210090781692998 417.92995111197524 40.117688387630551 195.83176064425788 0.53150823936448377 13.858452984190079 4.1470303004607549 3.3527036339219185 30.838284379613469 14.445991522748953 107.46118523232508 46.008376664394746 2.1988403161813039 31.515242278339429 7.4726998389232886 5.0867747666779906 38.999966380237311 82.946618386031332 97.606796826356003 7.0717173453158457 101.86181239662983 153.61763069470908 561.90385672015327 9.5454496470047143 97.699429699947359 177.45681906251411 57.296029775017814
leaf_count=747179 1620 703 2918 4257 35279 5335 14079 96 250 129 113 738 396 14007 1109 384 3278 158 91 2965 6395 15611 312 8304 8144 44794 311 7303 19886 2750
internal_value=-8.41849e-05 -0.0046765 0.0718729 -0.00884121 0.00161571 -0.0193746 -0.0362419 -0.00788675 0.00663034 0.0381738 0.0313294 0.0238487 0.0513782 -0.0197658 0.0210184 0.285822 -0.0340612 -0.004003 0.0815582 -0.00994 -0.00614845 0.000657896 0.00804477 0.0429125 0.00151172 -0.00269119 0.0129289 0.0406574 -0.0111021 -0.00106144
internal_weight=8860.71 1232.63 63.6018 1169.03 586.646 582.387 235.949 346.437 222.842 101.523 98.7924 95.4397 64.6014 121.32 50.1554 2.73035 123.595 513.436 12.5595 70.5152 500.877 7628.08 1264.06 199.469 1064.59 910.973 349.069 162.067 187.002 64.3677
internal_count=948894 94300 3621 90679 46180 44499 19414 25085 17222 2965 2485 2372 1634 14257 1238 480 7863 41923 249 6243 41674 854594 107415 23915 83500 75356 30562 10365 20197 3062
is_linear=0
shrinkage=0.1


Tree=185
num_leaves=31
num_cat=0
split_feature=30 29 28 46 42 31 1 1 32 1 4 3 4 42 47 1 30 15 32 30 29 48 16 1 29 4 28 51 31 47
split_gain=2.97526 50.7159 31.9549 24.3701 22.9445 21.9008 20.0156 26.9778 19.1635 34.7076 39.4445 19.1568 18.8609 18.3487 16.5495 16.5282 15.812 15.1113 26.4631 21.5561 14.7397 14.5996 18.0793 21.9853 16.1948 23.9606 15.7333 15.7878 15.6074 17.4227
threshold=0.65326651930809032 0.47926239669322973 0.58571431040763866 0.22222222387790683 0.8760964870452882 6.5419886112213144 0.86844766139984142 0.97784855961799633 5.3655571937561044 0.83286681771278392 0.76239567995071422 0.94360819458961498 0.81530213356018078 0.65419578552246105 0.21934598684310916 0.89188173413276683 0.74588167667388927 0.61128804087638866 8.9894409179687518 0.74176877737045299 0.55445328354835521 0.15770870447158816 0.23611111193895343 0.84717798233032238 0.48587501049041754 0.82891982793807995 0.58571431040763866 0.7510683834552766 6.2791731357574472 0.65776315331459057
decision_type=2 2 2 2 2 2 2 2 2 2 2 2 2 2 2 2 2 2 2 2 2 2 2 2 2 2 2 2 2 2
left_child=21 3 5 -2 13 -3 -7 14 16 12 -11 -9 -10 -5 -8 -15 -4 19 -19 -12 -16 24 23 -23 28 -26 -25 -28 -1 -30
right_child=1 2 8 4 -6 6 7 11 9 10 17 -13 -14 15 20 -17 -18 18 -20 -21 -22 22 -24 26 25 -27 27 -29 29 -31
leaf_value=0.0052138934104579088 0.050219347357267866 -0.050262749356644203 -0.036873032729038961 0.032541626284026286 0.18395127329573135 0.016862981288819072 -0.040642534099993036 0.10903388952986695 -0.016507896862778527 0.091897441612176264 -0.042849142415758719 -0.060425669223671798 -0.1502866246579054 -0.06965851498984936 -0.041351775400745569 0.02825762260185738 0.0010029633124532149 0.012631570823065832 0.11875449394113319 0.053997372371616108 0.031399070095652487 -0.047157853342532051 0.0039464371246497537 0.0019525504304506538 0.062549971179171188 -0.061188621879495989 0.043748000070025529 -0.059037269942635043 -0.016465329410459362 0.13433241071677893
leaf_weight=1625.3568700278665 297.13280985336769 180.23970869185541 113.62235399650308 64.0011229783413 6.5493039453322117 185.91046456553158 314.87717861521196 24.959401739550231 47.817830627918738 91.151450582958205 74.844891409971751 9.1043313018162717 13.517970386696105 55.42978765269163 45.342379982921557 25.021040910456577 3679.9862023145506 100.77340129124968 30.642524507449707 33.167538895278994 72.185150458371936 230.98905663304595 437.30362759108539 326.95226404492769 87.048674799283617 19.078908482348197 17.905889726058376 90.332995176571785 538.74654388227464 7.7722644202112852
leaf_count=143671 16257 21839 8054 6046 490 7813 10219 1262 2672 3900 2028 453 1273 5080 1976 1918 252904 6702 1438 619 3274 238651 119257 59005 4844 881 2175 8592 15175 426
internal_value=-7.9582e-05 0.00136271 -0.00151574 0.0335952 0.000882985 -0.0194073 -0.0108826 -0.0219405 0.0020434 0.0230953 0.0359138 0.0637418 -0.0459918 -0.00741714 -0.0286904 -0.0392056 -0.00013146 0.0146005 0.0373765 -0.0131103 0.00333163 -0.0024111 -0.0118519 -0.0222226 0.00216213 0.0403051 -0.00898749 -0.0420336 0.000298298 -0.0143208
internal_weight=8847.76 5466.28 5018.14 448.134 151.001 832.619 652.379 466.468 4185.52 391.916 330.58 34.0637 61.3358 144.452 432.405 80.4508 3793.61 239.428 131.416 108.012 117.528 3381.49 1103.48 666.18 2278 106.128 435.191 108.239 2171.88 546.519
internal_count=948894 356217 326426 29791 13534 46836 24997 17184 279590 18632 14687 1715 3945 13044 15469 6998 260958 10787 8140 2647 5250 592677 427680 308423 164997 5725 69772 10767 159272 15601
is_linear=0
shrinkage=0.1


Tree=186
num_leaves=31
num_cat=0
split_feature=15 11 13 49 33 27 27 29 6 29 47 31 29 33 10 6 48 33 16 36 25 43 30 31 32 48 31 6 30 13
split_gain=3.08056 16.7586 18.5811 9.9677 10.7565 14.8716 9.617 13.9985 11.2528 10.7734 15.8544 13.8468 12.1553 10.6554 10.0885 9.91631 14.1703 9.69794 9.39898 9.33906 22.0764 16.0645 17.063 11.9289 13.7054 10.9974 15.7204 12.4334 10.0453 10.0073
threshold=0.82626661658287059 0.872827708721161 0.45227272808551794 1.5000000000000002 8.1403241157531756 708.50000000000011 131.50000000000003 0.82319718599319469 4.5000000000000009 0.2420984357595444 0.43557512760162359 5.8231499195098886 0.098702192306518569 6.5653824806213388 0.57008349895477306 3.5000000000000004 0.84870287775993358 5.8961894512176523 0.90454545617103588 1.0000000180025095e-35 1.0000000180025095e-35 0.38873073458671575 0.72053503990173351 9.5042500495910662 5.3908300399780282 0.10459789633750917 9.3015174865722674 3.5000000000000004 0.49364924430847174 0.059714796021580703
decision_type=2 2 2 2 2 2 2 2 2 2 2 2 2 2 2 2 2 2 2 2 2 2 2 2 2 2 2 2 2 2
left_child=1 3 -3 4 5 6 7 -1 9 11 13 -8 -13 -11 -14 -15 -17 -16 -4 21 25 22 -6 24 -24 -21 -27 29 -22 -28
right_child=-2 2 18 -5 19 -7 8 -9 -10 10 -12 12 14 15 17 16 -18 -19 -20 20 28 -23 23 -25 -26 26 27 -29 -30 -31
leaf_value=0.014057593668226405 -0.0021138088011555612 0.14528328116655762 0.044126125705681057 -0.0066379805594462236 0.0009282072482144386 -0.044702845363654403 0.022619400280353849 0.068054587283843851 0.078808611698261671 -0.0024811640869100435 -0.053879096776834001 0.57622303838124422 -0.1123916279113459 0.014914554947774951 0.49360543872265517 0.0129835359359922 0.13817631587461787 0.11833613829048291 -0.011614390845342066 -0.010061734303507076 -0.15332007699268002 -0.010895032054884315 0.071018449478218115 0.028717321493629502 0.25634387757881083 -0.0058673650085725995 -0.088146265879038704 -0.0063995217573802714 0.12754906364601198 0.061095948047236739
leaf_weight=139.57262767640213 4042.6640733696295 13.870732273499014 81.814171973532211 1350.8187488406575 317.34712518806259 45.717662548747285 98.093329750809517 73.186556596985611 22.552532303638145 467.24187939434432 45.915972154055453 0.57779675895289884 1.8069208342039917 235.70927054464482 0.73212410753694612 19.501791831942683 16.855196279124357 11.59497889999693 47.998452938452829 232.65477383510006 1.3594548584369501 1131.7283559516109 18.953652572206924 72.554704014417439 5.0546595316263838 141.450401649676 4.6680949327765111 43.900649797036749 20.108458790997247 119.77758103762244
leaf_count=10493 436070 593 4473 178092 80493 9805 30469 2227 594 38367 11591 21 1279 11332 92 1076 266 2443 5842 10878 357 31672 651 2046 130 62243 3793 1511 1242 8753
internal_value=-8.16392e-05 0.00163594 0.035271 0.000594261 0.00356495 0.0112149 0.0134705 0.0326319 0.00904207 0.00729 0.00313856 0.0361877 0.126656 0.00667974 0.108278 0.0224125 0.0710232 0.140624 0.023516 -0.000710693 0.0103047 -0.00472962 0.0121281 0.0489356 0.110036 0.0063686 0.0187076 0.0393564 0.109763 0.0554977
internal_weight=8825.78 4783.12 143.683 4639.44 3288.62 1179.06 1133.34 212.759 920.582 898.029 785.224 112.805 14.7118 739.308 14.134 272.066 36.357 12.3271 129.813 2109.56 563.919 1545.64 413.91 96.563 24.0083 542.452 309.797 168.346 21.4679 124.446
internal_count=948894 512824 10908 501916 323824 120055 110250 12720 97530 96936 62632 34304 3835 51041 3814 12674 1342 2535 10315 203769 88777 114992 83320 2827 781 87178 76300 14057 1599 12546
is_linear=0
shrinkage=0.1


Tree=187
num_leaves=31
num_cat=0
split_feature=44 45 4 8 49 14 4 3 8 42 49 30 48 15 13 30 49 42 45 30 6 42 1 2 3 4 1 53 13 44
split_gain=3.11088 9.1194 8.53588 8.50381 9.18377 9.65908 7.6635 14.6762 24.3918 11.4956 11.931 11.518 11.3663 11.5502 12.3369 15.0517 10.3538 9.88055 9.68903 8.74566 8.43697 12.3691 20.3819 17.6114 14.2554 12.8422 24.7905 13.1051 11.5262 11.4837
threshold=0.79981598258018505 0.31453460454940801 0.9547502100467683 7.5000000000000009 2.5000000000000004 10.500000000000002 0.96511158347129833 0.9547502100467683 1.5000000000000002 0.95742756128311168 1.0000000180025095e-35 0.54267024993896495 0.47942340373992925 0.6553173065185548 0.41277891397476202 0.5744021236896516 1.5000000000000002 0.97220078110694896 0.42714072763919836 0.9032181203365327 3.5000000000000004 0.86729556322097789 0.84717798233032238 0.92907443642616283 0.82167318463325512 0.91545841097831737 0.94997775554656994 0.88194444775581371 0.94590643048286449 0.15004944801330569
decision_type=2 2 2 2 2 2 2 2 2 2 2 2 2 2 2 2 2 2 2 2 2 2 2 2 2 2 2 2 2 2
left_child=6 -2 3 -3 -5 -6 9 -8 16 20 11 17 13 -12 19 -16 -9 -11 -13 -15 -1 22 23 28 -24 26 27 -23 -22 -25
right_child=1 2 -4 4 5 -7 7 8 -10 10 12 18 -14 14 15 -17 -18 -19 -20 -21 21 25 24 29 -26 -27 -28 -29 -30 -31
leaf_value=0.00063820527983598054 -0.024585965795437544 -0.010084676321708834 0.02282778255956433 0.018871209792311633 -0.024989817458543579 0.37224844449914585 0.10591537590392304 0.0051679646640910371 -0.084058696819094753 0.065865947798065663 0.052666449864314985 0.062281284254563474 -0.028885215313996224 0.0037061150879895313 -0.05637127468898262 0.077172052751424441 -0.020281018131501429 -0.06933211828664726 -0.011940867391541335 -0.092259091856002368 -0.06246981598251207 -0.093068045254314849 -0.099824572967798425 0.084033875552349827 0.017236442267681971 -0.006448939255514298 -0.0074111491149697929 0.046082401440466256 0.083938323654041053 -0.044113532950722983
leaf_weight=5810.160988413063 95.371936397881655 319.43312775698359 273.19247104409442 325.62179798549096 67.896392962383288 0.61768441827734832 10.608626551809719 318.10124177357466 44.664209078378917 8.0858916446486564 58.947696827646723 109.42760659100531 76.170573611654618 18.123128600804193 12.510134229851245 25.941510175336589 321.38493705718975 16.307169786003215 20.956048118991021 19.950704079381467 91.339691274668439 79.214165048440918 10.735760235485939 18.059345419718742 335.54559146999054 218.35036706964274 96.105211677142506 7.4004863695045051 5.7135379322280633 11.411890200208289
leaf_count=700474 2053 18522 6554 30430 9305 21 947 31452 1958 325 5541 10929 16690 1990 629 7753 52836 1013 1951 2901 3281 3089 491 2886 17393 9466 3880 556 2328 1250
internal_value=-7.99552e-05 0.00494235 0.0077963 0.00204144 0.0118692 -0.0214085 -0.000781653 -0.0108021 -0.012612 0.000205775 0.0174517 0.0385525 0.00202058 0.0193975 -0.00622956 0.0337241 -0.00762187 -0.0245162 0.0503519 -0.0465797 -0.000739653 -0.00990065 0.0010569 -0.0332917 0.0136072 -0.0228181 -0.0423792 -0.0811788 -0.0538507 0.0344125
internal_weight=8827.35 1082.13 986.761 713.569 394.136 68.5141 7745.22 694.759 684.15 7050.46 366.42 154.777 211.644 135.473 76.5255 38.4516 639.486 24.3931 130.384 38.0738 6684.04 873.876 472.806 126.524 346.281 401.07 182.72 86.6147 97.0532 29.4712
internal_count=948894 66885 64832 58278 39756 9326 882009 87193 86246 794816 49722 14218 35504 18814 13273 8382 84288 1338 12880 4891 745094 44620 27629 9745 17884 16991 7525 3645 5609 4136
is_linear=0
shrinkage=0.1


Tree=188
num_leaves=31
num_cat=0
split_feature=5 40 5 5 30 29 13 4 40 43 31 4 3 7 7 7 8 8 33 7 7 8 7 7 4 42 8 43 18 7
split_gain=2.9508 17.9279 15.4455 21.6344 13.8866 21.0976 13.2538 14.5096 28.6191 18.9251 17.3715 17.993 16.8984 16.7576 14.5285 13.8703 33.9561 15.9801 35.0563 21.2358 17.874 25.8808 34.3146 26.6532 25.4039 19.9054 19.9028 19.1946 22.1417 18.8367
threshold=0.32051283121109014 0.32049383223056799 0.11805555596947671 0.12916667014360431 0.5744021236896516 0.30251029133796697 0.045983087271451957 0.58204835653305065 0.53984129428863536 0.52986019849777233 5.3584394454956064 0.83424910902977001 0.61633425951004039 0.99107143282890331 0.96039214730262767 0.8019607961177827 4.5000000000000009 2147483689.0000005 6.2791731357574472 0.65261757373809826 0.70638945698738109 8.5000000000000018 0.46225070953369146 0.52521184086799633 0.36127844452857977 0.25866188108921057 10.500000000000002 0.38689501583576208 1.0000000180025095e-35 0.64760348200798046
decision_type=2 2 2 2 2 2 2 2 2 2 2 2 2 2 2 2 2 2 2 2 2 2 2 2 2 2 2 2 2 2
left_child=2 -2 6 -4 -5 -6 -1 12 14 -10 11 -11 15 -13 -9 16 -8 20 19 -19 21 22 -18 24 27 -24 -26 -23 -29 -27
right_child=1 -3 3 4 5 -7 7 8 9 10 -12 13 -14 -15 -16 -17 17 18 -20 -21 -22 23 25 -25 26 29 -28 28 -30 -31
leaf_value=-0.097304380416859432 0.16178834006639817 0.0007888300752902594 -0.12325010906127098 -0.025051176303517837 0.12969423726373336 -0.0017716774789708076 0.10744595069631174 0.083401388876030449 0.027195353878198488 -0.082680061524894086 0.0089103070530713157 0.05332205823678178 0.13443768343131191 -0.49682975173943744 -0.10543074765308734 -0.031058136109732595 -0.16036039331633001 -0.029386180471040298 -0.069582860325591925 0.098875063358708937 -0.063922238806895598 0.021646794909692183 0.03417616515746652 -0.046229512477125194 0.25478211998378247 0.19057898249763311 0.048246318155418161 -0.019571566043613531 0.16943097701963469 0.033257894127310221
leaf_weight=13.605662380735337 6.9235799650205072 6685.5547942494404 19.441440660207263 323.12865817728971 14.50959415062607 76.918460125512865 28.380737671372117 72.574634073179368 192.49494561288429 56.148701897109277 98.693892191142368 16.417888867741571 8.7850188253323704 0.57298630615696211 4.3168042770175807 172.28202650912408 6.9155418229347552 26.735694675110608 96.098899941631316 24.959525896949799 39.664137410910371 229.13965679567809 54.813238170836485 112.91280722816555 5.0202466926893967 20.696922541475942 66.077734229136695 325.86478600674309 6.3185382276860755 12.037263305339364
leaf_count=20070 453 467025 10822 128550 1518 12061 3161 7365 26913 4719 8571 2953 704 83 353 65922 426 9181 77222 5526 14462 37468 3618 23329 274 2321 5210 4230 682 3702
internal_value=-7.55304e-05 0.000955389 -0.00332151 -0.0201507 -0.0153157 0.0190919 0.000996394 0.00179348 0.017362 0.00566177 -0.018461 -0.0553957 -0.00376091 0.0347692 0.0728001 -0.00474964 -0.000456032 -0.00343712 -0.0338621 0.032541 0.00167583 0.00477406 0.0540853 -0.0014756 0.00651479 0.0710248 0.0628299 -0.000618163 -0.0159765 0.132728
internal_weight=8818 6692.48 2125.53 433.998 414.557 91.4281 1691.53 1677.92 441.22 364.328 171.833 73.1396 1236.7 16.9909 76.8914 1227.92 1055.64 1027.25 147.794 51.6952 879.461 839.797 94.463 745.334 632.421 87.5474 71.098 561.323 332.183 32.7342
internal_count=948894 467478 481416 152951 142129 13579 328465 308395 50957 43239 16326 7755 257438 3036 7718 256734 190812 187651 91929 14707 95722 81260 10067 71193 47864 9641 5484 42380 4912 6023
is_linear=0
shrinkage=0.1


Tree=189
num_leaves=31
num_cat=0
split_feature=4 7 1 51 42 19 44 45 42 4 42 7 8 48 7 4 8 7 8 7 8 35 42 7 8 7 43 49 45 49
split_gain=2.75298 14.1752 10.3943 7.46844 6.30887 5.2782 5.468 5.07674 4.9885 4.53581 5.80426 5.98853 7.62835 6.95655 5.65215 6.25844 18.3926 10.3117 23.0753 16.5257 15.4351 12.0921 20.6098 11.5071 13.2075 24.3296 17.4204 11.1735 11.0927 11.0157
threshold=0.13446327298879626 0.22318007797002795 0.68354722857475292 0.14724481105804446 0.21980675309896472 1.0000000180025095e-35 0.44969852268695837 0.060169473290443427 0.093073595315217986 0.16064515709877017 0.15535444766283038 0.78404876589775097 4.5000000000000009 0.014232188463211061 0.12861869484186175 0.37310734391212469 34.500000000000007 0.8019607961177827 6.5000000000000009 0.73401361703872692 3.5000000000000004 1.0000000180025095e-35 0.28320801258087164 0.63211598992347728 11.500000000000002 0.46225070953369146 0.38503691554069525 1.0000000180025095e-35 0.4375735223293305 9.5000000000000018
decision_type=2 2 2 2 2 2 2 2 2 2 2 2 2 2 2 2 2 2 2 2 2 2 2 2 2 2 2 2 2 2
left_child=1 2 -1 4 8 7 -7 -3 -2 -5 11 -11 -13 -14 -12 16 17 18 19 21 -21 -16 -23 24 -20 26 -26 -24 -29 -19
right_child=3 5 -4 9 -6 6 -8 -9 -10 10 14 12 13 -15 15 -17 -18 29 23 20 -22 22 27 -25 25 -27 -28 28 -30 -31
leaf_value=-0.095574878507870581 0.097046562647665396 0.12640321374785726 0.078067872988149004 -0.030572241437443283 0.11700019078201362 0.36530107024957226 0.068027652634152211 -0.0052423919232514205 0.004391775986218629 0.015515703734662281 0.11977652679319069 0.064643110666768505 0.58203090753098374 0.094161359250992338 0.013115739734203664 0.00043715796255231783 -0.05778863176673274 -0.054549381474683148 0.033203234077214892 0.17763174697321085 -0.046274837869246702 0.10064913448324785 0.21225562727898334 -0.068581310691126537 0.035436036240692685 -0.063781963328642347 -0.016757902022568088 0.21413340634920811 0.67930512918518815 0.28283207966733631
leaf_weight=26.24198359047114 7.2118582952289207 3.1373877376317969 3.968683748447801 48.645136279066719 8.7004751682079569 0.73788111208705132 3.832499071584607 44.179137576720677 29.910210609637943 116.00171975038484 3.9206222295924809 7.4093249743527831 0.58791657164692857 0.58120788312680816 5.9563856581560239 7890.9489310744002 71.312269791203335 47.662211725798443 86.292225375498674 3.9559905758687846 13.884092900672838 10.316402378666679 2.70760636846535 27.415921107957729 102.2879418483908 68.680510964173664 170.59892277493782 0.79470249009318683 1.4443230444212529 0.98782055765695886
leaf_count=2874 585 39 180 4552 866 66 417 3715 2491 7279 219 408 14 175 2150 772387 72595 18584 8892 358 4610 387 187 10387 19147 11810 2941 20 191 368
internal_value=-8.11325e-05 -0.0183076 -0.072764 9.03059e-05 0.0403557 0.0133991 0.116022 0.00348655 0.0223922 -0.000122201 4.93642e-05 0.0214779 0.102102 0.339496 -0.000264365 -0.0003197 -0.0100419 -0.00377115 0.000552015 0.0743148 0.00337585 0.133956 0.181114 -0.00577632 -0.00175197 -0.0105829 0.00280629 0.348927 0.514201 -0.047699
internal_weight=8810.31 82.0976 30.2107 8728.21 45.8225 51.8869 4.57038 47.3165 37.1221 8682.39 8633.75 124.58 8.57845 1.16912 8509.17 8505.25 614.297 542.985 494.335 39.0595 17.8401 21.2194 15.263 455.276 427.86 341.567 272.887 4.94663 2.23903 48.65
internal_count=948894 7291 3054 941603 3942 4237 483 3754 3076 937661 933109 7876 597 189 925233 925014 152627 80032 61080 7903 4968 2935 785 53177 42790 33898 22088 398 211 18952
is_linear=0
shrinkage=0.1


Tree=190
num_leaves=31
num_cat=0
split_feature=6 5 30 29 52 1 2 29 28 32 32 6 3 30 42 29 31 7 1 28 29 29 25 8 49 43 31 44 29 1
split_gain=2.8207 14.4992 30.4814 22.1977 22.1204 35.3365 44.7098 28.3152 21.8623 28.1504 45.7147 20.3308 22.2953 19.0207 26.9276 24.6711 28.7216 20.9969 18.6866 17.3504 16.2679 14.6476 18.2153 14.0424 14.6302 15.2374 14.066 13.767 23.9633 16.0216
threshold=2.5000000000000004 0.58571431040763866 0.89847373962402355 0.38040401041507726 0.81872946023941051 0.93846851587295543 0.87428161501884472 0.56379467248916637 0.72077924013137828 1.7195520401000979 2.460000872612 3.5000000000000004 0.91977012157440197 0.93148741126060497 0.79726028442382824 0.55445328354835521 6.3722655773162851 0.63714733719825756 0.9278169870376588 0.84523808956146251 0.7316400706768037 0.89003926515579235 1.0000000180025095e-35 10.500000000000002 5.5000000000000009 0.5000000298023225 7.7251498699188241 0.1365301311016083 0.80237358808517467 0.85218226909637462
decision_type=2 2 2 2 2 2 2 2 2 2 2 2 2 2 2 2 2 2 2 2 2 2 2 2 2 2 2 2 2 2
left_child=-1 2 3 -2 13 6 19 11 9 -9 -11 12 -7 15 21 16 -3 -16 -19 -6 -20 -15 -23 24 25 -10 -26 28 29 -8
right_child=1 4 -4 -5 5 7 27 8 23 10 -12 -13 -14 14 17 -17 -18 18 20 -21 -22 22 -24 -25 26 -27 -28 -29 -30 -31
leaf_value=0.0015430956433223723 0.0079847868848349525 0.040373672817649225 0.029007128509158455 -0.049166101172782896 -0.066061320524063591 0.094079841456297567 0.095087839737296606 0.017864158389925621 0.0050572763317149518 -0.1128682180976921 -0.01474431119407923 0.11333465728414223 0.0054418038946951238 -0.036321603992639069 0.21393999150468501 0.038908820619972667 -0.02828346467266505 -0.040775254285810358 -0.046112648691477166 0.071230451224007826 0.094174620269303719 0.054894478292894892 -0.021720096299154685 -0.010509755447875363 -0.018023325562050951 0.035399975147670647 -0.15604888746869794 -0.026562612834337352 -0.047681970487640148 0.014035968728450435
leaf_weight=4817.794843288897 93.747618227120256 100.72232275376064 101.39904758994817 247.07895618321436 226.14484745117807 35.464524845592678 40.544222086176887 94.635444912444655 638.56959666186594 71.474610718454642 141.42758218198287 29.099048907679389 142.00208413071232 184.08697797701461 6.8376988713716846 386.80351511338813 154.23192624006697 24.520468314105528 10.388781044752248 9.5955254666187084 40.45275357646824 50.004883610245088 81.789789143866074 578.30274851566355 62.868556266546875 223.40180234243417 8.3658116297119687 106.17497761551749 36.959155908829416 61.203026865739957
leaf_count=705254 12492 7891 5607 13561 12662 1813 2708 7268 16328 1544 5637 1435 8466 7196 379 16269 7363 1284 314 676 2105 8852 4638 20488 12535 51803 649 6767 2480 2430
internal_value=-8.52866e-05 -0.00205234 -0.0191261 -0.0334462 7.69017e-05 -0.00501049 -0.0293873 0.000773464 -0.00321071 -0.0275149 -0.047686 0.0358587 0.023155 0.0123386 -0.00483375 0.0229906 -0.00115975 0.046151 0.0309273 -0.060473 0.0655088 -0.0181012 0.00734863 0.00173432 0.00932192 0.0129214 -0.0342331 0.000537959 0.0212825 0.0463335
internal_weight=8806.09 3988.3 442.226 340.827 3546.07 2506.23 480.622 2025.61 1819.05 307.538 212.902 206.566 177.467 1039.84 398.081 641.758 254.954 82.1997 75.362 235.74 50.8415 315.882 131.795 1511.51 933.206 861.971 71.2344 244.881 138.706 101.747
internal_count=948894 243640 31660 26053 211980 155689 27723 127966 116252 14449 7181 11714 10279 56291 24768 31523 15254 4082 3703 13338 2419 20686 13490 101803 81315 68131 13184 14385 7618 5138
is_linear=0
shrinkage=0.1


Tree=191
num_leaves=31
num_cat=0
split_feature=43 12 45 44 45 44 5 1 24 33 49 51 27 24 3 24 32 10 30 1 8 40 52 31 5 46 45 29 7 14
split_gain=2.97404 7.70701 7.62149 9.4637 8.64338 10.6462 12.562 9.51969 9.34825 8.46404 8.43707 7.83976 7.11877 7.01605 15.0442 10.4968 10.6401 8.84203 12.5428 12.3939 18.0356 14.3621 14.2773 21.5127 12.5309 11.3074 10.8603 12.2979 10.0505 15.4687
threshold=0.70263326168060314 0.6005181372165681 0.17673590779304507 0.20398557186126712 0.064976781606674208 1.0000000180025095e-35 0.19090909510850909 0.89333844184875499 0.78712269663810741 5.3033480644226083 14.500000000000002 0.44092719256877905 196.50000000000003 0.756756752729416 0.90521115064620983 0.49372234940528875 10.106236934661867 0.65124627947807323 0.89529293775558483 0.8384138047695161 11.500000000000002 0.89022752642631542 0.70438539981842052 5.9881589412689218 0.12916667014360431 0.15000000596046451 0.31453460454940801 0.38282999396324163 0.75716626644134533 5.5000000000000009
decision_type=2 2 2 2 2 2 2 2 2 2 2 2 2 2 2 2 2 2 2 2 2 2 2 2 2 2 2 2 2 2
left_child=13 -2 3 4 5 10 9 -6 12 -7 -3 -4 -8 15 -15 -1 17 -17 19 20 21 -19 23 24 -21 -22 -24 -28 -27 -30
right_child=1 2 11 -5 7 6 8 -9 -10 -11 -12 -13 -14 14 -16 16 -18 18 -20 22 25 -23 26 -25 -26 28 27 -29 29 -31
leaf_value=0.00049622260167667511 0.13838689820274752 -0.00181259770484212 0.11987029499350395 0.023396769046490101 0.014027040704432059 -0.38390508707626281 0.0092394771919900864 -0.019617807761488474 -0.0033749086361980307 -0.05181069777544739 0.089089463966832289 -0.019999042359919825 0.039810314756211773 0.049130450981073576 -0.0052024654324623115 0.011861797717564182 0.025909235391744664 -0.058546321657873435 -0.030687687345896164 -0.085116656037467819 0.039020591153300178 0.083892011783098075 0.00014570230891851265 0.0048102811912257197 0.1137400082522647 -0.053247993964564505 7.3944987671214612e-05 -0.07488578164960559 -0.054127049113453389 0.02592720099018982
leaf_weight=4933.6519887871254 4.2055742900556643 820.99985084055515 4.1007777756312853 237.63373016036348 116.1000889626157 0.80763574642333225 114.84421459568694 305.09808190186959 115.74054227441593 15.427290839572377 10.339016030160563 175.89685018574528 226.19925802109356 85.602818128958461 125.93289746237861 149.54718228323691 82.103449215945147 131.07220612148012 327.53317838429393 3.5020137345636604 46.722824711234352 7.4830044641857958 362.54399310950248 95.270092864026083 33.309416311531095 51.615462021538406 41.915207499863754 45.803048498964927 35.574719757994899 75.074108909309871
leaf_count=724149 171 82233 241 13934 6309 169 6212 16712 15379 2892 1146 8357 12702 2751 5540 6187 2991 3779 12005 188 1254 307 10542 2730 1113 1485 1690 2317 1211 2198
internal_value=-8.75731e-05 0.00314707 0.00288168 0.00468737 0.00211082 0.00613264 0.0181096 -0.0103439 0.0211819 -0.0683313 -0.000682087 -0.0168125 0.0295158 -0.00113457 0.0167846 -0.00172475 -0.00908336 -0.0111253 -0.0138593 -0.00793178 -0.022876 -0.0508536 0.000986935 0.0298968 0.094822 -0.00432735 -0.00749358 -0.0390671 -0.0168091 0.000188948
internal_weight=8781.65 2147.39 2143.19 1963.19 1725.56 1304.36 473.019 421.198 456.784 16.2349 831.339 179.998 341.043 6634.26 211.536 6422.72 1489.07 1406.97 1257.42 929.886 347.542 138.555 582.344 132.082 36.8114 208.987 450.262 87.7183 162.264 110.649
internal_count=948894 166457 166286 157688 143754 120733 37354 23021 34293 3061 83379 8598 18914 782437 8291 774146 49997 47006 40819 28814 10234 4086 18580 4031 1301 6148 14549 4007 4894 3409
is_linear=0
shrinkage=0.1


Tree=192
num_leaves=31
num_cat=0
split_feature=20 49 43 43 10 42 3 6 8 44 48 1 42 24 11 1 3 7 1 7 4 8 40 5 6 40 5 40 3 40
split_gain=2.73832 2.66177 6.2383 4.95513 5.3921 4.98581 3.8222 3.65648 4.11691 4.30049 13.0264 4.55536 3.77284 3.17225 3.98614 2.95514 20.4887 20.2694 21.8675 67.2188 14.5363 12.6332 12.7354 11.8895 19.8684 17.7086 15.4001 17.4218 14.9304 12.7995
threshold=1.0000000180025095e-35 19.500000000000004 0.62390971183776867 0.5000000298023225 0.91100260615348827 0.85934066772460949 0.82807880640029918 2.5000000000000004 14.500000000000002 0.65091982483863842 0.84870287775993358 0.41718041896820074 0.093073595315217986 0.32012383639812475 0.65462699532508861 0.92174866795539867 0.89386734366416942 0.76533168554306041 0.95230102539062511 0.88516482710838329 0.90054947137832653 1.5000000000000002 0.8521554470062257 0.47727273404598242 1.5000000000000002 0.87895435094833385 0.2264957278966904 0.68457102775573742 0.87841829657554638 0.64051279425621044
decision_type=2 2 2 2 2 2 2 2 2 2 2 2 2 2 2 2 2 2 2 2 2 2 2 2 2 2 2 2 2 2
left_child=-1 15 3 7 5 -5 -4 8 9 10 11 -3 -13 -14 -15 -2 20 -18 19 -19 23 -22 -23 24 26 28 27 -17 -25 -26
right_child=1 2 6 4 -6 -7 -8 -9 -10 -11 -12 12 13 14 -16 16 17 18 -20 -21 21 22 -24 25 29 -27 -28 -29 -30 -31
leaf_value=-0.10382539195266699 -0.0015674512685330646 0.64747394896280097 0.12677517295162133 -0.015699004651964606 -0.32202347268889198 -0.15424770312702013 0.0014389818329498948 -0.091931562093944708 -0.062173735017822723 -0.031162630899820101 0.84279668297265309 0.3872860825593053 -0.067876600063092873 -0.10114478033518713 0.2169025852034086 0.090391354298879609 0.014952858097919916 -0.089562851299422402 -0.00082211011551793162 0.0028457386869984959 -0.039643308814996531 0.24400540101365828 0.070990833028643882 0.035171782452538707 0.20018728616807158 0.090167036266418005 0.060086848751710414 -0.056862185199037789 -0.033718911842920057 -0.044666978245935997
leaf_weight=2.5434727823449057 4837.721352479768 0.13636307711522544 2.7915740275639136 5.3578747598203318 1.0366975523065765 5.0411688915119157 18.947559987569548 5.0098221923171868 4.887098541400519 3.2422915062952598 0.23655252391472448 0.32218242099043015 1.720729853852845 0.56570799815108319 1.2987900450989398 10.86027146685228 685.90914588850865 116.84446823811231 2407.6210706316233 241.2298959136715 5.0177108710413476 7.0827211319283405 10.654495344453606 141.16950116350927 2.1950361457929821 44.562377018581174 61.74839450858417 30.879759383045894 40.480505566560169 77.926810494082019
leaf_count=1392 693081 34 85 584 33 728 1198 1762 1745 687 33 8 765 2166 56 2222 38004 3568 161382 13825 651 675 654 5799 151 2257 3652 3751 1567 6379
internal_value=-8.08506e-05 -5.07712e-05 -0.0229214 -0.0533997 -0.104544 -0.0828636 0.0175337 -0.0198237 0.00928641 0.0557108 0.121516 0.0793228 0.0594952 0.0300386 0.120404 8.18977e-05 0.00213615 -0.000435008 -0.00425129 -0.0273084 0.0226518 0.100447 0.140078 0.0183323 -0.000573423 0.0336776 0.0283708 -0.0185485 0.0198196 -0.0379589
internal_weight=8775.04 8772.5 50.5944 28.8553 11.4357 10.399 21.7391 17.4195 12.4097 7.52262 4.28033 4.04377 3.90741 3.58523 1.8645 8721.9 3884.18 3451.6 2765.7 358.074 432.578 22.7549 17.7372 409.823 183.61 226.212 103.488 41.74 181.65 80.1218
internal_count=948894 947502 9884 8601 1345 1312 1283 7256 5494 3749 3062 3029 2995 2987 2222 937618 244537 216779 178775 17393 27758 1980 1329 25778 16155 9623 9625 5973 7366 6530
is_linear=0
shrinkage=0.1


Tree=193
num_leaves=31
num_cat=0
split_feature=3 44 31 29 28 31 32 28 5 10 31 4 48 12 4 31 43 31 12 11 28 15 15 10 11 27 15 13 35 33
split_gain=2.51134 2.55551 2.52042 18.7574 21.8973 17.9678 15.758 22.145 20.9643 15.7752 15.2884 13.5911 13.2819 13.7534 12.5528 13.1601 12.4493 11.7034 20.7831 12.569 11.7005 11.4746 11.3792 11.2559 18.3558 15.7262 13.9056 14.1173 11.6689 11.1907
threshold=1.0000000180025095e-35 0.80555853247642528 6.1778190135955819 0.23543170094490054 0.17156863212585452 5.6384823322296151 4.7589216232299814 0.42261904478073126 0.11805555596947671 0.5542639195919038 6.4967820644378671 0.96511158347129833 0.087301582098007216 0.98598104715347301 0.51649147272109996 7.6523661613464364 0.47794733941555029 6.4857926368713388 0.52954608201980602 0.92338585853576671 0.12916667014360431 0.74637374281883251 0.97309362888336193 0.80238449573516857 0.79914161562919628 396.50000000000006 0.45550055801868444 0.61721614003181469 1.0000000180025095e-35 7.404898166656495
decision_type=2 2 2 2 2 2 2 2 2 2 2 2 2 2 2 2 2 2 2 2 2 2 2 2 2 2 2 2 2 2
left_child=1 -1 5 20 -5 12 21 8 16 -9 17 -10 13 -2 15 -12 -8 -6 -19 -20 -4 -7 -15 26 25 -25 28 -28 -14 -16
right_child=2 -3 3 4 10 6 7 9 11 -11 14 -13 23 22 29 -17 -18 18 19 -21 -22 -23 -24 24 -26 -27 27 -29 -30 -31
leaf_value=-0.15491783371888646 0.011780337081956437 0.047387395510171487 -0.064800440013075028 -0.11304914299479968 -0.011921622077761037 0.015944394720427923 0.20662393869191575 0.008547757624032969 -0.015527785014900328 0.067689839396102916 0.13816332030631137 0.32859147585168563 -0.01140213946795423 -0.028836987026498808 0.012568922208284598 0.022341694586655206 0.030235987852211613 0.061337301253516364 -0.11326451411395902 0.09997479549395355 0.056120304247938638 -0.012545565592264846 0.0031558305127336126 0.059002289327980309 -0.025878433105970114 -0.0082885737866401563 -0.034498446456707625 0.031811700378468775 0.036933851737506268 -0.0023024397229647279
leaf_weight=2.0282621244541583 820.67886466670257 0.9021171179747397 8.885076468094665 17.722260329113851 657.19531458282745 321.90279896916763 7.1365699691168656 63.824136318924502 132.98191610913818 153.73635061496498 10.918744863964092 1.1577094856475003 231.72410005569873 186.82919895130908 577.73443354307892 96.63064903882514 9.108184830794924 10.619925344941292 35.517486015245595 2.9974485724851538 80.522053256568142 252.06993884988697 274.54991059370514 81.347025115841461 98.69285918614878 60.605749623807242 397.11559835445428 34.930586633614439 63.666755097589885 4075.6160447370858
leaf_count=252 69539 151 3905 12442 75401 28141 838 4063 26134 12902 1151 85 38877 7251 46923 10407 287 1655 2392 269 16785 25501 8091 18843 23742 27416 245503 3122 14901 221925
internal_value=-7.92593e-05 -0.0926382 -4.83194e-05 -0.00133143 -0.00207204 0.0021924 0.0137885 0.0299431 0.000435418 0.0503398 -0.0017123 -0.0125578 -0.00266176 0.00401442 0.00032454 0.0341003 0.107726 -0.0154413 -0.0625178 -0.096669 0.0441035 0.00343254 -0.00979923 -0.0115032 0.0072443 0.0302729 -0.0177051 -0.0291373 -0.000984093 -0.000456093
internal_weight=8769.35 2.93038 8766.42 5574.36 5484.95 3192.06 941.918 367.945 150.384 217.56 5467.23 134.14 2250.14 1282.06 4760.9 107.549 16.2448 706.33 49.1349 38.5149 89.4071 573.973 461.379 968.083 240.646 141.953 727.437 432.046 295.391 4653.35
internal_count=948894 403 948491 393255 372565 555236 97951 44309 27344 16965 360123 26219 457285 84881 280406 11558 1125 79717 4316 2661 20690 53642 15342 372404 70001 46259 302403 248625 53778 268848
is_linear=0
shrinkage=0.1


Tree=194
num_leaves=31
num_cat=0
split_feature=10 19 30 12 12 13 31 10 11 36 37 11 43 15 39 1 15 6 1 29 7 30 30 29 40 48 53 53 1 29
split_gain=2.73526 37.9286 14.1891 10.1789 9.18318 10.1836 10.0466 8.67219 27.9308 15.8833 18.419 14.3288 12.5613 11.3941 10.5949 9.77094 15.6555 9.93074 8.5535 19.7281 16.0507 15.4102 13.8897 17.1812 13.6568 20.3415 18.3621 20.0154 18.0224 17.208
threshold=0.91304436326026928 1.0000000180025095e-35 0.29825694859027868 0.96017619967460643 0.96164357662200939 0.68990385532379161 5.9490656852722177 0.85424965620040905 0.72138634324073803 1.0000000180025095e-35 1.0000000180025095e-35 0.9046422839164735 0.46424464881420141 0.86449503898620617 0.88194444775581371 0.9147632122039796 0.70698362588882457 5.5000000000000009 0.91905894875526439 0.47926239669322973 0.77888888120651256 0.66886788606643688 0.6027800738811494 0.39672353863716131 0.90353596210479747 0.54142749309539806 0.89444443583488475 0.72077924013137828 0.89041274785995495 0.82858625054359447
decision_type=2 2 2 2 2 2 2 2 2 2 2 2 2 2 2 2 2 2 2 2 2 2 2 2 2 2 2 2 2 2
left_child=7 4 3 -3 6 -6 -2 18 -9 10 12 15 -10 -13 -12 16 -11 -18 24 22 -21 -22 23 -20 26 28 27 -1 29 -26
right_child=1 2 -4 -5 5 -7 -8 8 9 11 14 13 -14 -15 -16 -17 17 -19 19 20 21 -23 -24 -25 25 -27 -28 -29 -30 -31
leaf_value=-0.0053173104464708451 -0.00013442327143058376 0.14565386950731507 0.11332218283649409 -0.0072003957232183446 0.034854865917607718 -0.0034730125228770712 -0.023919760848731753 0.059956193414061054 0.0044362986973470516 0.13930253217378544 -0.10614186684124603 0.18399114912693401 0.067468770876948178 0.019745585432086623 0.0044874922322290199 -0.030003769694145963 -0.0062149882684846055 0.42968133748069043 0.018348013960416586 0.013530410373302463 -0.053623591335880641 -0.0027111032012885261 0.044136451029273049 -0.057838040849739071 0.075015049742368084 -0.024783874106788256 0.096493158153615297 -0.045308844520732861 -0.025008701069594019 0.015579309120017516
leaf_weight=2669.7420886506388 284.54245744082436 5.2906890681770191 35.349779112988472 24.675863173149992 79.439307902495784 544.32377614776124 472.42386422404161 99.356664235152493 46.55792266583012 7.9447899700171538 9.1719486210495216 4.4401095019056802 98.511348947824445 86.653963271412067 154.11711440417275 221.20063890867095 151.00919246219746 0.52447045664302905 208.4150587939821 672.57796051999503 61.163687096985086 2122.963043176167 180.75576834105595 34.500798462766397 91.69669567517667 94.008800953204627 17.184864580223802 131.3045979528797 47.880523732728761 103.91381456653653
leaf_count=532798 27779 179 3106 595 4652 44074 33534 11735 2561 380 312 154 7212 3449 16340 4977 27739 12 15495 35118 3160 114681 9659 1867 6221 14227 818 7071 4554 14435
internal_value=-7.9189e-05 -0.0040533 0.0704088 0.0197865 -0.00757579 0.00140823 -0.0149789 0.000706359 0.0100204 0.00366059 0.0213098 -0.00787521 0.0472394 0.0277512 -0.00172656 -0.0164004 0.00246782 -0.00470632 -0.000566391 0.00300921 2.27071e-05 -0.00413684 0.0231464 0.00752748 -0.00428322 0.0147265 -0.00655975 -0.00719199 0.029981 0.0434411
internal_weight=8761.64 1446.05 65.3163 29.9666 1380.73 623.763 756.966 7315.6 879.488 780.131 308.358 471.773 145.069 91.0941 163.289 380.679 159.478 151.534 6436.11 3280.38 2856.7 2184.13 423.672 242.916 3155.73 337.5 2818.23 2801.05 243.491 195.611
internal_count=948894 113919 3880 774 110039 48726 61313 834975 74871 63136 26425 36711 9773 3603 16652 33108 28131 27751 760104 179980 152959 117841 27021 17362 580124 39437 540687 539869 25210 20656
is_linear=0
shrinkage=0.1


Tree=195
num_leaves=31
num_cat=0
split_feature=43 10 11 47 16 39 14 15 46 13 3 32 13 45 42 44 5 42 7 13 49 11 15 42 1 42 10 48 40 36
split_gain=2.63865 7.23236 12.6799 8.18059 7.45286 25.1364 9.2149 9.30369 9.92193 8.65018 8.08228 11.1149 7.39671 7.1695 11.692 9.42186 6.71191 6.43614 8.80646 7.211 6.31165 6.84876 7.57183 6.40565 6.19029 6.18904 5.95237 6.88493 8.72552 5.84483
threshold=0.70263326168060314 0.77444055676460277 0.66522985696792614 0.77044844627380382 0.43650794029235845 0.63333335518836986 3.5000000000000004 0.51869320869445812 0.087000548839569106 0.28759399056434637 0.9547502100467683 5.6291582584381112 0.28348214924335485 0.079734891653060927 0.68237254023551952 0.032852500677108772 0.16025641560554507 0.8903903365135194 0.91751700639724743 0.64852941036224376 10.500000000000002 0.90271633863449108 0.91368666291236889 0.88303691148757946 0.97149205207824718 0.9136645793914796 0.71020010113716137 0.16566005349159243 0.94609126448631298 1.0000000180025095e-35
decision_type=2 2 2 2 2 2 2 2 2 2 2 2 2 2 2 2 2 2 2 2 2 2 2 2 2 2 2 2 2 2
left_child=-1 4 -3 13 6 -6 7 -2 29 -8 11 12 -10 15 -15 -4 25 19 -19 -18 21 26 -23 -24 -7 -17 -11 -28 -29 -9
right_child=1 2 3 -5 5 24 9 8 10 20 -12 -13 -14 14 -16 16 17 18 -20 -21 -22 22 23 -25 -26 -27 27 28 -30 -31
leaf_value=-0.0010609075278405972 -0.080893095472180238 0.084727777789280978 -0.0044311095219040121 0.065717843546828761 0.12206797431503305 0.0035579193066879811 -0.099210289192512499 0.057083865997507699 -0.099916236830168523 0.01321797580273841 0.092686741075457754 0.1544226223911063 0.032874957555721347 0.024945043330848418 -0.019410840228399187 -0.099357567165208799 0.038720229502588709 0.019443526356349682 -0.049037287534640081 0.0073406239784330049 0.090966515756364774 0.084961541766300247 0.03843445590995552 -0.047397809726592084 0.081755398237730245 0.065725693715310091 -0.01923234828750358 -0.048818189394114864 -0.24608670562616097 -0.0025256534253659934
leaf_weight=6610.6760195754669 7.9179952647100427 17.321461120060121 725.68692621692935 18.008485145910527 25.890273767498002 93.418705166841391 9.5828165986458753 21.086095718230354 7.0522113932529527 52.686553595311125 35.442712809162913 4.5622341350244815 10.352292204974217 70.202098528523493 387.20196617741021 9.1169171677611285 157.04992361697441 46.481859851941408 31.507660998911888 137.21492871660666 7.0426030682574483 15.621777707390718 20.149132393969921 15.295021282669039 11.35373805713243 3.024359527611522 107.19079694931861 8.6060231316369009 3.0322177610942154 74.798788994608913
leaf_count=782437 223 2121 74298 3698 2161 11505 187 2254 112 1671 919 135 179 4067 18611 315 6304 4073 4546 11182 207 629 479 460 8725 2494 2896 183 124 1699
internal_value=-7.39788e-05 0.00298346 -0.000367675 -0.00129734 0.0130973 0.033835 0.00633021 0.0248091 0.0302688 -0.00612354 0.0631478 0.0154876 -0.0209313 -0.00206726 -0.0126031 0.00227399 0.0149323 0.0173187 -0.00822263 0.024088 -0.00223878 -0.00518785 0.0269597 0.00139573 0.0120318 -0.0582358 -0.0147592 -0.0271638 -0.100214 0.0105831
internal_weight=8744.57 2133.9 1602.82 1585.5 531.082 130.663 400.419 161.212 153.294 239.207 57.4095 21.9667 17.4045 1567.49 457.404 1110.08 384.396 372.254 77.9895 294.265 229.624 222.582 51.0659 35.4442 104.772 12.1413 171.516 118.829 11.6382 95.8849
internal_count=948894 166457 131709 129588 34748 22391 12357 5521 5298 6836 1345 426 291 125890 22678 103212 28914 26105 8619 17486 6649 6442 1568 939 20230 2809 4874 3203 307 3953
is_linear=0
shrinkage=0.1


Tree=196
num_leaves=31
num_cat=0
split_feature=35 16 17 14 39 16 39 39 16 37 16 16 39 16 3 16 39 10 10 11 10 48 27 2 12 48 51 48 10 13
split_gain=2.94167 17.9629 17.195 16.6332 15.9923 31.9352 29.364 18.9389 50.5863 36.808 39.9773 26.7445 18.3965 48.5006 19.505 16.9226 15.6131 14.5293 29.657 14.1506 20.0964 12.0552 11.6332 11.1604 10.9219 15.3919 17.9858 10.8109 10.622 9.26746
threshold=1.0000000180025095e-35 0.58571431040763866 2.5000000000000004 11.500000000000002 0.43650794029235845 0.31666667759418493 0.26785714924335485 0.88194444775581371 0.38750000298023229 1.0000000180025095e-35 0.44949495792388922 0.26136364042758947 0.53571429848670971 0.64583334326744091 0.54261499643325817 0.23611111193895343 0.21111111342906955 0.80778744816780101 0.90163463354110729 0.76322144269943248 0.89249932765960704 0.084857046604156508 314.50000000000006 0.53694936633110057 0.87367480993270885 0.24100495874881747 0.73746865987777721 0.21222284436225894 0.73754987120628368 0.29520697891712194
decision_type=2 2 2 2 2 2 2 2 2 2 2 2 2 2 2 2 2 2 2 2 2 2 2 2 2 2 2 2 2 2
left_child=1 2 -1 -3 5 6 15 9 -9 10 11 27 14 -14 19 16 -2 -13 24 20 23 -15 -16 -12 25 26 -19 -6 -24 -10
right_child=4 3 -4 -5 7 -7 -8 8 29 -11 12 17 13 21 22 -17 -18 18 -20 -21 -22 -23 28 -25 -26 -27 -28 -29 -30 -31
leaf_value=0.00011988875784737779 0.068838246806257428 0.049482515821379559 -0.10506759208759962 0.0013297229862985456 0.1325016014485105 0.099642371255516421 -0.11910166635020976 0.11451073636041852 -0.02408302345335718 -0.10626900469686376 0.042309191354900445 -0.096646532557431539 -0.11905758290529884 -0.006243188849307477 0.084137896353951552 0.12241593608588591 -0.1258258045818394 0.25225349715677747 -0.094768259691105444 -0.052218599203432636 0.4423204877309716 0.106775754825141 -0.010918457299857671 -0.51168019425397437 -0.045376271227548913 -0.054319093020034417 0.044672761385570046 -0.062147968438788351 0.073583387383063373 0.00012504151597762171
leaf_weight=6330.1041049027244 8.3638182403437895 143.68049165098273 15.579088854756263 143.26056182676621 10.476048009091754 43.520087003931621 18.121529980682681 37.709569547886531 179.41558829142195 47.576388844279791 13.132933265188509 70.126743745146086 33.071269749939347 20.1645489884977 58.448134277501595 14.012914658720549 8.1205396716177347 6.0665366517860155 41.82829956120986 38.723713556842995 1.2748426288308099 17.741563570263679 38.097178005597016 0.37400145070933 14.804779848214819 8.1444634132512856 13.380143444752319 3.9214430527517825 24.404869728597987 1333.5559284321062
leaf_count=669537 1818 7231 852 4847 566 4760 5516 5439 58440 2063 3374 9364 1249 873 6227 1584 1957 656 1247 1423 83 1109 5974 71 484 910 297 3511 2239 145193
internal_value=-6.53187e-05 0.000968277 -0.000138354 0.0254414 -0.00332272 0.0374166 -0.0182835 -0.00518796 0.00010578 -0.0229654 -0.0133965 -0.0508643 0.0123646 -0.0305577 0.0298276 0.0416228 -0.0270573 -0.063023 -0.0350273 -0.0204453 0.0627911 0.0466542 0.0520672 0.0269695 0.0239138 0.0610933 0.109429 0.0794849 0.0220766 -0.00274567
internal_weight=8737.2 6632.62 6345.68 286.941 2104.58 92.1389 48.6188 2012.44 1550.68 461.758 414.182 168.748 245.433 70.9774 174.456 30.4973 16.4844 154.351 84.2242 53.5055 14.7818 37.9061 120.95 13.5069 42.3959 27.5911 19.4467 14.3975 62.502 1512.97
internal_count=948894 682467 670389 12078 266427 15635 10875 250792 209072 41720 39657 17035 22622 3231 19391 5359 3775 12958 3594 4951 3528 1982 14440 3445 2347 1863 953 4077 8213 203633
is_linear=0
shrinkage=0.1


Tree=197
num_leaves=31
num_cat=0
split_feature=44 47 6 45 45 51 33 49 50 15 3 13 15 21 24 14 15 43 11 14 13 15 10 11 32 33 44 24 10 39
split_gain=2.54448 5.04914 6.36471 5.61963 4.48011 4.37369 5.06554 4.9261 4.1368 4.15735 4.09524 4.03028 14.6023 32.7205 23.2687 17.9718 15.6278 14.8449 13.3169 12.5774 14.2892 22.3865 21.9004 12.9817 12.4754 10.9148 10.9419 12.2853 9.83497 8.96446
threshold=0.92313456535339367 0.10059580206871034 1.5000000000000002 0.41272410750389105 0.30889400839805609 0.89386734366416942 6.8831124305725107 1.0000000180025095e-35 4.5000000000000009 0.89303049445152294 0.91024166345596325 0.15075758099555972 0.32015624642372137 1.0000000180025095e-35 0.31447507441043859 1.5000000000000002 0.58172541856765758 0.55293408036232006 0.3430261909961701 2.5000000000000004 0.26794873178005224 0.68498542904853832 0.77444055676460277 0.58079880475997936 6.0219464302062997 6.0640583038330087 0.58994257450103771 0.56206548213958751 0.79537373781204235 0.30952382087707525
decision_type=2 2 2 2 2 2 2 2 2 2 2 2 2 2 2 2 2 2 2 2 2 2 2 2 2 2 2 2 2 2
left_child=8 2 -2 -3 -4 6 -5 -7 11 -10 -9 12 18 -14 -15 24 17 29 -1 25 21 -21 -23 -22 -16 -13 27 -27 -29 -17
right_child=1 3 4 5 -6 7 -8 10 9 -11 -12 19 13 14 15 16 -18 -19 -20 20 23 22 -24 -25 -26 26 -28 28 -30 -31
leaf_value=-0.001564223414580478 -0.093873755642272197 -0.065467172172766139 -0.06138896295734101 -0.063710049960358991 0.025106737906224419 0.12473339780586667 -0.0001101213859041471 0.11939267223636013 0.024084608490550205 -0.082982652386536446 0.0031999176050111367 -0.016161989147298238 -0.077126808911563455 -0.061102690192281511 0.013632181392691473 0.0046858612175511719 -0.080668882207837883 -0.078116166030229611 0.060217461635221715 -0.0032618136083405816 0.028306486248341652 -0.075875553079912034 0.02975895443884919 4.651582071673181e-05 0.083380085831261039 0.038499851944613098 -0.039411513968159145 0.029621896829341212 -0.010170246057039083 0.1299956389808051
leaf_weight=2108.652683075195 4.8495256773021529 14.267496031156041 6.197245414601638 15.29069546339815 177.56792593508726 4.7526519791281308 69.189262179794241 3.3954318950709448 5.2582567504723565 11.687610574181235 28.444307275844039 99.150109000387147 83.610818979798978 59.335139740234126 113.15093169260399 12.695906709842349 34.052449054993758 11.482950051693477 35.475531039789075 288.70636120668314 168.42901211202934 96.749143953376006 24.620998643496023 4657.7665130003634 33.159769254189996 261.47383186959269 29.395823951216244 111.93943646590196 139.53926256936393 10.373573469765686
leaf_count=114965 187 409 118 1584 5020 110 8327 127 776 1739 744 10954 84623 68510 24555 2792 15985 240 3755 36323 19442 45118 7578 406726 9516 39146 30485 3883 4534 623
internal_value=-6.59942e-05 0.00863037 0.0192056 -0.00610773 0.0221898 0.000887349 -0.0116216 0.0297664 -0.00040151 -0.04976 0.0155909 -0.000301695 -0.00366306 -0.0223628 -0.00566688 0.00963817 -0.0325919 0.0147893 -0.000542019 0.00112914 -0.000489969 -0.018411 -0.0544467 0.00103276 0.0294398 0.0143452 0.0199224 0.0233227 0.00754223 0.0610335
internal_weight=8720.66 323.955 188.615 135.34 183.765 121.072 84.48 36.5924 8396.71 16.9459 31.8397 8379.76 2501.99 357.862 274.251 214.916 68.6049 34.5524 2144.13 5877.77 5236.27 410.077 121.37 4826.2 146.311 641.498 542.348 512.953 251.479 23.0695
internal_count=948894 16626 5325 11301 5138 10892 9911 981 932268 2515 871 929753 325564 206844 122221 53711 19640 3655 118720 604189 515187 89019 52696 426168 34071 89002 78048 47563 8417 3415
is_linear=0
shrinkage=0.1


Tree=198
num_leaves=31
num_cat=0
split_feature=35 16 17 39 16 39 39 16 37 16 16 39 16 3 16 39 12 10 11 1 11 15 7 10 51 48 10 29 49 48
split_gain=2.48285 14.5837 14.7563 13.0012 25.6527 25.2811 16.2081 42.3267 31.4113 33.2386 22.5092 15.2957 41.1519 16.1958 13.5806 13.4666 12.9333 20.455 11.4976 12.5648 11.3984 12.3713 11.821 11.3257 10.6469 11.2777 10.0126 12.3425 9.86347 9.86088
threshold=1.0000000180025095e-35 0.58571431040763866 2.5000000000000004 0.43650794029235845 0.31666667759418493 0.26785714924335485 0.88194444775581371 0.38750000298023229 1.0000000180025095e-35 0.44949495792388922 0.26136364042758947 0.53571429848670971 0.64583334326744091 0.54261499643325817 0.23611111193895343 0.21111111342906955 0.85786437988281261 0.80778744816780101 0.947597235441208 0.82438379526138317 0.76322144269943248 0.81275406479835521 0.38529014587402349 0.96667614579200756 0.76384067535400402 0.24383369088172915 0.73255181312561046 0.21595779806375506 2.5000000000000004 0.084857046604156508
decision_type=2 2 2 2 2 2 2 2 2 2 2 2 2 2 2 2 2 2 2 2 2 2 2 2 2 2 2 2 2 2
left_child=1 2 -1 4 5 14 8 -8 9 10 -5 13 -13 20 15 -2 17 -12 19 -3 21 -11 -23 -21 25 -19 27 -15 -29 -14
right_child=3 18 -4 6 -6 -7 7 -9 -10 11 16 12 29 26 -16 -17 -18 24 -20 23 -22 22 -24 -25 -26 -27 -28 28 -30 -31
leaf_value=0.00011334848551287944 0.061964109640804101 0.06257228627882945 -0.099753290375995396 0.072700661283910645 0.089634468803222123 -0.11472720846989884 0.10625228594792885 -0.0024733551535238312 -0.10018381207009322 0.008508932730723508 -0.079116346679007993 -0.11266217421156853 -0.0056445451034425817 0.15464344083848247 0.10968683340675869 -0.12286277284658015 -0.083481614383194083 0.17479118396135407 -0.016351887673625613 0.010368859412675213 -0.048720321048521184 0.54417385029961796 0.11004490433847709 0.21895320086647474 -0.0064340335840162013 -0.087378795091851397 0.077586846191369963 0.031628025225260779 -0.061866730564084593 0.096945299335473509
leaf_weight=6323.2237772880781 8.3396873580204538 88.646871006563742 14.830427317498105 14.268437315545723 43.230541512381023 16.95378349153907 36.675312374628447 1509.8965429825339 45.551839326286427 12.456254164266737 32.188379029126736 31.626561121889608 20.149535771408409 6.0687011303671161 14.055433589810491 7.4759190073173167 87.644885015513864 7.8837923819592124 59.066971179237953 135.92462156521287 37.429812671762193 0.87029269165941459 2.2456606213108898 2.6539864559308617 19.904604412760818 2.0720346128473466 57.570786328218674 38.618065073420439 15.941836020557274 17.512325895284448
leaf_count=669537 1818 3387 852 4077 4760 5516 5439 203633 2063 2464 8475 1249 873 1348 1584 1957 2552 745 2194 6439 1423 165 899 58 393 793 5750 4848 2494 1109
internal_value=-7.06433e-05 0.000876888 -0.00012033 -0.00307873 0.0340883 -0.0171942 -0.00475515 0.000104958 -0.0214583 -0.0125918 -0.0473106 0.0110789 -0.0285634 0.0271229 0.0381622 -0.0254022 -0.0587497 -0.0238156 0.0229537 0.0331711 -0.0188085 0.0530884 0.231298 0.0143636 0.0357965 0.120228 0.0477191 0.0193577 0.00430983 0.0420585
internal_weight=8710.98 6624.35 6338.05 2086.63 90.0554 46.8248 1996.58 1546.57 450.004 404.452 163.962 240.49 69.2884 171.201 29.871 15.8156 149.694 62.0488 286.292 227.225 53.002 15.5722 3.11595 138.579 29.8604 9.95583 118.199 60.6286 54.5599 37.6619
internal_count=948894 682467 670389 266427 15635 10875 250792 209072 41720 39657 17035 22622 3231 19391 5359 3775 12958 10406 12078 9884 4951 3528 1064 6497 1931 1538 14440 8690 7342 1982
is_linear=0
shrinkage=0.1


Tree=199
num_leaves=31
num_cat=0
split_feature=20 45 32 1 29 46 4 49 45 48 13 7 29 27 29 41 1 44 15 45 7 46 1 30 24 42 2 42 27 11
split_gain=2.45659 2.44259 4.23043 5.36466 4.50948 7.61056 3.76485 16.4126 3.70103 4.63359 16.0783 3.48234 3.42518 2.91776 2.69427 6.51143 3.78596 5.60534 2.82775 2.53079 4.60702 6.2719 5.05509 7.26353 6.68531 5.83558 5.26398 6.51878 11.0451 6.11716
threshold=1.0000000180025095e-35 0.97709208726882946 5.152895689010621 0.40857487916946417 0.17660750448703769 0.34546115994453436 0.96808147430419933 4.5000000000000009 0.99029707908630382 0.31053948402404791 0.30602006614208227 0.76043477654457103 0.55445328354835521 322.50000000000006 0.59709247946739208 0.63702240586280834 0.94166928529739391 0.99803921580314647 0.40852642059326177 0.96931403875350963 0.78647416830062877 0.1333664953708649 0.69444721937179577 0.62491881847381603 0.19366892427206042 0.14459930360317233 0.45512083172798162 0.5793287754058839 634.50000000000011 0.947597235441208
decision_type=2 2 2 2 2 2 2 2 2 2 2 2 2 2 2 2 2 2 2 2 2 2 2 2 2 2 2 2 2 2
left_child=-1 19 4 8 5 -3 11 -8 9 -4 -11 14 13 -5 18 -16 17 -17 -6 -2 21 -21 23 24 -23 -26 -27 28 29 -28
right_child=1 2 3 12 6 -7 7 -9 -10 10 -12 -13 -14 -15 15 16 -18 -19 -20 20 -22 22 -24 -25 25 26 27 -29 -30 -31
leaf_value=-0.10357270811203267 2.6631575381388879e-05 0.9191491831454992 0.15237121628196049 -0.013480142442191829 -0.096555733887808137 0.089458747631383617 0.56965813518798103 -0.075990832178416359 0.031835549386329806 -0.10008237147119337 1.8844111218988981 -0.02855830361267905 0.12295355975465241 -0.076359725764527972 0.52898604780948111 -0.086982740064852626 0.29248589901750649 0.25282658473804637 0.11945048167005493 0.48611033049968705 -0.0072186547776710037 -0.061084377924253044 -0.018379536854611588 1.1188840711060428 0.77893832336234592 0.079714081962860339 -0.10004901678402377 0.27276658086075883 2.580095286140184 1.7067836419720785
leaf_weight=2.2925609384201371 8620.2248075053667 0.14190762751241237 0.33955920131665962 10.983167269021576 1.6232821129851864 0.50042244484211551 0.6002054890486751 1.1444208686480122 1.0104625694111744 0.090148677327306359 0.074620116360165412 17.475403661327618 1.1083212243083824 22.491693870780182 0.34874732118805729 1.63854243224796 0.61593096152137139 0.68979324563406397 0.96712709615258052 0.40331036065981507 8.5954697902125172 1.0897973017144984 2.8545221379699797 0.077686703982180805 0.18576091242721338 1.3238459432004672 0.058450679524867044 0.497683650950421 0.035287884713397943 0.027578487992286682
leaf_count=1392 897748 44 157 6971 606 286 78 365 649 171 23 4526 119 24553 108 620 133 111 730 58 4754 1317 1334 55 20 1331 257 315 62 1
internal_value=-7.07058e-05 -4.3423e-05 -0.0198463 -0.0419343 0.0111231 0.272759 0.00442855 0.146132 0.142264 0.363517 0.798651 -0.00615504 -0.0500024 -0.0557288 0.0603889 0.120408 0.0720126 0.0136892 -0.01591 9.83987e-05 0.0409349 0.104088 0.0790382 0.163405 0.140342 0.243467 0.192269 0.432988 1.09027 0.47917
internal_weight=8699.51 8697.22 61.8438 36.098 25.7458 0.64233 25.1035 1.74463 1.51479 0.504328 0.164769 23.3588 34.5832 33.4749 5.88342 3.29301 2.94427 2.32834 2.59041 8635.37 15.1494 6.55392 6.15061 3.29609 3.2184 2.12861 1.94285 0.619001 0.121317 0.0860292
internal_count=948894 947502 40250 32643 7607 330 7277 443 1000 351 194 6834 31643 31524 2308 972 864 731 1336 907252 9504 4750 4692 3358 3303 1986 1966 635 320 258
is_linear=0
shrinkage=0.1


Tree=200
num_leaves=31
num_cat=0
split_feature=45 44 13 1 15 45 10 27 45 31 7 5 8 45 16 8 29 31 44 48 11 17 27 30 47 46 27 4 7 7
split_gain=2.45397 4.77262 6.16578 4.80686 4.41794 4.54968 4.06509 4.01415 3.97315 4.08962 5.48975 8.96193 6.08033 9.94381 6.71632 12.353 5.28125 6.6038 4.599 6.48769 4.21505 3.67208 3.60418 4.08504 8.88815 3.06548 3.02658 2.82577 2.79106 5.6922
threshold=0.95565277338027965 0.30742110311985021 0.68990385532379161 0.63178393244743358 0.47765946388244634 0.96931403875350963 0.94817298650741588 117.50000000000001 0.97170451283454906 5.474675416946412 0.71563342213630687 0.64583334326744091 14.500000000000002 0.97454106807708751 0.27922078967094427 13.500000000000002 0.63554948568344127 9.1332817077636737 0.81160560250282299 0.99803921580314647 0.47410598397254949 1.5000000000000002 686.50000000000011 0.65578904747962963 0.37394100427627569 0.027053207159042362 161.50000000000003 0.2237871587276459 0.96490147709846508 0.95505049824714672
decision_type=2 2 2 2 2 2 2 2 2 2 2 2 2 2 2 2 2 2 2 2 2 2 2 2 2 2 2 2 2 2
left_child=-1 -2 4 6 5 28 21 -7 22 10 11 12 14 -14 15 20 -11 -18 19 26 -10 27 23 24 -9 -26 -12 -4 29 -3
right_child=1 2 3 -5 -6 7 -8 8 9 16 18 -13 13 -15 -16 -17 17 -19 -20 -21 -22 -23 -24 -25 25 -27 -28 -29 -30 -31
leaf_value=0.00010943665565702221 -0.089708389801488639 -0.037187020391802855 0.21363760392579514 -0.028769067862833689 -0.051707871939012356 0.22541747543826049 0.0161662406824085 0.74906980192932493 -0.10055370236485056 -0.051215369090336998 0.47556314720681048 0.95783003251000098 1.02482950335815 -0.10588289536299417 0.18836182266772272 1.9536572804578798 0.013273632923462498 0.29894358682840044 -0.10201122467308509 0.54549397509475506 1.0318511138853961 0.27095499636132875 0.40526016612037763 -0.034295645725288343 0.45796661586557397 -0.0028494642787845041 0.025388434118728088 -0.017310137736052347 -0.1153219490672584 0.34479816273507224
leaf_weight=8596.2998037716279 7.9753766683902532 9.1065542251467342 0.93900704102997989 3.7103903362876736 26.823378883393616 0.87459196481358858 2.6687807999041979 0.24645134698948801 0.092506915161719716 18.205192903667015 0.1552446172281633 0.14397609088337038 0.084179397086700081 1.0225328458845977 0.81554206768851145 0.066140144124801736 11.805884608711491 0.86876445915550071 2.2484997919996204 0.27359951054677356 0.050986786209250567 2.0221508489921689 0.38262923096226575 1.486626167752547 0.17520466074347496 0.81995678830571705 3.9296183797741833 1.2157125115409142 4.6545705146636456 0.40756961595070684
leaf_count=882548 1964 3725 37 141 47017 37 161 39 178 5631 49 31 92 1007 137 33 1511 34 418 31 50 75 171 177 3 421 2231 174 667 104
internal_value=-7.46491e-05 -0.0153979 -0.00917883 0.0628905 -0.0181565 -0.00261759 0.112571 0.0133329 0.00900648 0.000491653 0.0602867 0.194232 0.142663 -0.019878 0.318132 0.822978 -0.0167089 0.0328544 0.0141472 0.0740725 0.301817 0.174167 0.117842 0.077532 0.211427 0.0782802 0.0424973 0.0833348 -0.0518672 -0.0208234
internal_weight=8699.57 103.272 95.2962 10.556 84.7402 57.9168 6.84565 43.7481 42.8735 39.7627 8.88283 2.27586 2.13189 1.10671 1.02518 0.209634 30.8798 12.6746 6.60696 4.35846 0.143494 4.17687 3.11087 2.72824 1.24161 0.995161 4.08486 2.15472 14.1687 9.51412
internal_count=948894 66346 64382 588 63794 16777 447 12281 12244 11433 4257 1528 1497 1099 398 261 7176 1545 2729 2311 228 286 811 640 463 424 2280 211 4496 3829
is_linear=0
shrinkage=0.1


Tree=201
num_leaves=31
num_cat=0
split_feature=17 13 49 6 10 12 7 15 32 1 38 32 15 13 10 30 11 14 10 43 15 16 44 18 6 32 1 7 1 32
split_gain=2.43561 4.28497 2.413 5.22539 3.72103 7.06526 3.59201 3.54416 3.24856 2.80248 3.11587 3.22668 3.57654 2.65271 2.83025 2.47187 12.2859 21.3319 20.6308 20.7254 14.1132 13.4413 13.225 11.87 18.056 11.4855 18.7731 25.0692 14.986 21.904
threshold=5.5000000000000009 0.72902098298072826 19.500000000000004 2.5000000000000004 0.88777756690979015 0.77286669611930858 0.92232277989387523 0.89964026212692272 6.2272124290466317 0.93684458732604992 1.0000000180025095e-35 3.6502132415771489 0.9260777235031129 0.55277779698371898 0.97158843278884899 0.65326651930809032 0.70380714535713207 2.5000000000000004 0.76402229070663463 0.51318171620368969 0.53879600763320934 0.58571431040763866 0.2309183478355408 1.0000000180025095e-35 4.5000000000000009 4.8667016029357919 0.82869797945022594 0.74388790130615245 0.83286681771278392 5.8036348819732675
decision_type=2 2 2 2 2 2 2 2 2 2 2 2 2 2 2 2 2 2 2 2 2 2 2 2 2 2 2 2 2 2
left_child=2 -2 15 4 5 -4 7 -6 9 10 -7 -12 -13 -9 -15 16 18 -18 19 20 22 -20 -1 24 -22 26 27 -17 29 -27
right_child=1 -3 3 -5 6 8 -8 13 -10 -11 11 12 -14 14 -16 25 17 -19 21 -21 23 -23 -24 -25 -26 28 -28 -29 -30 -31
leaf_value=0.044147060363269486 -0.14108355698731687 -0.0096997464026387092 -0.031983113626054764 -0.0832183345700407 -0.14449944954610455 0.049691600135919362 0.091671616422083352 -0.11780609224670083 -0.075488020344267714 0.007031083837364973 0.12132280690279391 0.21547646616542734 0.62148084706997431 0.17292144899519316 -0.047115223941712053 -0.016251464336122869 0.049035873565001928 4.9834710835139161e-05 0.055179911289428646 -0.051793995165006823 -0.017266356313420227 -0.0078317200475608011 -0.0064731004408909998 -0.066197403285841158 1.0202718599832188 0.021593056761779212 -0.0029635507143196491 0.031834811977863739 0.018184106827092161 -0.050923121844039992
leaf_weight=58.357803968931421 3.3328639195024143 9.7275506453515828 15.803013829931844 10.885908028966695 4.4216306198941293 3.8976753346796595 1.3648444511745754 1.487563239548763 1.4241812249310886 3.347537903016927 3.333264781285834 0.8994117027868922 0.28595380044862395 1.0701181994591027 1.2883443798782535 155.19657945661493 92.656034834356433 2190.9685048465208 70.976175437710936 141.71127599055944 169.16511692146196 64.724355996833765 446.48073509184223 66.128216845283987 0.16789763005362957 82.274282268151183 3939.5468208028915 359.68833036493197 713.97445508183955 84.367104401148026
leaf_count=6522 125 626 5739 2295 166 166 342 150 111 287 94 177 158 109 93 12630 16484 193036 23734 6946 116511 13808 117703 94716 71 5991 262444 29377 33122 5161
internal_value=-7.54957e-05 -0.0432273 -1.06111e-05 -0.0220243 -0.00477703 0.0131143 -0.0586249 -0.0834362 0.0671539 0.0844228 0.115205 0.171715 0.31342 -0.013234 0.0527232 0.000115586 -0.00203507 0.0020374 -0.0111732 -0.0167579 -0.0100512 0.0251256 -0.000621563 -0.0302686 -0.0162376 0.00144642 -0.000616601 0.0173406 0.0118818 -0.0151204
internal_weight=8698.95 13.0604 8685.89 49.5094 38.6235 28.991 9.6325 8.26766 13.188 11.7638 8.41631 4.51863 1.18537 3.84603 2.35846 8636.38 3301.34 2283.62 1017.71 882.011 740.3 135.701 504.839 235.461 169.333 5335.05 4454.43 514.885 880.616 166.641
internal_count=948894 751 948143 9887 7592 6732 860 518 993 882 595 429 335 352 202 938256 589531 209520 380011 342469 335523 37542 124225 211298 116582 348725 304451 42007 44274 11152
is_linear=0
shrinkage=0.1


Tree=202
num_leaves=31
num_cat=0
split_feature=28 53 40 29 30 42 32 32 51 8 6 32 41 32 8 32 7 32 32 29 30 31 29 44 4 32 29 41 8 42
split_gain=2.40171 16.9995 13.4608 11.7221 20.1637 27.6957 18.71 39.252 26.1639 21.83 19.0586 17.3309 18.3695 16.899 17.1853 16.6249 16.2637 14.9774 16.0874 17.8397 13.7321 16.6011 19.0324 16.8228 15.9892 14.9639 29.5552 14.6584 15.0022 13.4665
threshold=0.64583334326744091 0.64583334326744091 0.96808147430419933 0.64689669013023388 0.80418902635574352 0.95040985941886913 1.7195520401000979 1.5308482050895693 0.89943820238113414 15.500000000000002 1.5000000000000002 2.460000872612 0.94609126448631298 2.8040528297424321 2147483689.0000005 1.5308482050895693 0.96580946445465099 4.0349172353744516 3.2679439783096318 0.77954727411270153 0.82526984810829174 7.5209949016571054 0.53146395087242138 0.48559835553169256 0.95040985941886913 3.2679439783096318 0.48273408412933355 0.82891982793807995 2147483689.0000005 0.84924244880676281
decision_type=2 2 2 2 2 2 2 2 2 2 2 2 2 2 2 2 2 2 2 2 2 2 2 2 2 2 2 2 2 2
left_child=2 -2 3 20 -5 6 7 8 10 16 -6 12 -8 14 15 -7 -9 18 19 -13 25 22 23 27 -24 26 -1 28 -22 -12
right_child=1 -3 -4 4 5 13 11 9 -10 -11 29 17 -14 -15 -16 -17 -18 -19 -20 -21 21 -23 24 -25 -26 -27 -28 -29 -30 -31
leaf_value=0.033957690421013785 0.11654948431268081 0.0015486683895916675 -0.043368557056324718 0.017566681287326136 0.016311239889161978 0.032057277138670327 -0.090853834641246523 -0.071005582778776208 0.1306036052223557 0.097103281330664259 -0.099973325552153366 -0.10903738829490228 0.056104926449983397 -0.10393507243215908 0.12985721735057659 -0.11657906166897557 0.06320027994863385 -0.054135848555861635 0.10757520440359665 0.16024089197195862 0.13281797176037174 0.037737830575171299 -0.064312509529336634 -0.048967716994791896 0.11730717845676158 6.430362316014142e-05 -0.1041207496846524 0.093393221519721459 -0.014384769296941819 0.032131123178140146
leaf_weight=25.957501003841571 12.902308618518871 3423.5427903602722 75.396018456955062 158.92363109180951 23.458857607492973 69.738417119773658 115.04123872069613 20.350946163596745 7.4684755859889256 37.51967210888688 72.845984750514617 10.004780509552804 9.1847272652666998 9.6018672506397689 15.970237328278015 8.4352174635278043 16.231970247627032 46.567774307310174 15.331699707508958 3.262584367512317 8.2190892456565035 212.86543250452814 56.180816259397943 26.58469328586034 5.305043189902789 4079.5658170476036 38.48496316867022 33.76492080702883 43.920745340252324 8.6307115474846778
leaf_count=2348 1121 245932 4444 11806 1203 6116 3664 641 561 1910 4048 280 430 536 920 305 700 1264 554 128 259 9601 3744 2687 376 629090 7594 3632 2741 259
internal_value=-7.51735e-05 0.00198044 -0.00141947 -0.000808822 -0.0133828 -0.0234281 -0.0357595 -0.0129924 -0.050241 0.0435088 -0.063112 -0.0570552 -0.0799883 0.0224408 0.03533 0.0160189 -0.011458 -0.0191543 0.037806 -0.042819 0.000991084 0.0190098 -0.00390477 0.0205484 -0.0486422 -0.000690948 -0.0485026 0.0420613 0.00881961 -0.0859797
internal_weight=8691.26 3436.45 5254.81 5179.42 648.569 489.645 385.899 186.507 112.404 74.1026 104.936 199.393 124.226 103.746 94.1439 78.1736 36.5829 75.1668 28.5991 13.2674 4530.85 386.841 173.975 112.489 61.4859 4144.01 64.4425 85.9048 52.1398 81.4767
internal_count=948894 247053 701841 697397 35325 23519 15642 9322 6071 3251 5510 6320 4094 7877 7341 6421 1341 2226 962 408 662072 23040 13439 9319 4120 639032 9942 6632 3000 4307
is_linear=0
shrinkage=0.1


Tree=203
num_leaves=31
num_cat=0
split_feature=1 24 17 1 4 44 45 45 8 44 7 11 36 51 14 27 43 11 45 46 7 17 11 41 7 7 3 49 42 4
split_gain=2.3737 9.43708 6.82161 5.51519 10.3491 9.78117 6.38702 5.9437 5.39016 5.17812 5.57116 8.09787 4.82163 4.31333 6.71529 16.3272 3.87848 4.70574 3.83815 3.73067 3.61569 3.61008 5.1961 3.49361 12.9834 9.07113 6.70408 6.25225 5.63905 5.02084
threshold=0.37510684132575994 0.25679180026054388 3.5000000000000004 0.40857487916946417 0.10668563470244409 0.7429872751235963 0.060169473290443427 0.41991795599460607 33.500000000000007 0.81160560250282299 0.68599441647529613 0.87533783912658703 1.0000000180025095e-35 0.14724481105804446 2.5000000000000004 229.50000000000003 0.33653166890144354 0.99825781583786022 0.37127333879470831 0.63157895207405101 0.40192307531833654 1.5000000000000002 0.90083211660385143 0.16807908564805987 0.12861869484186175 0.88603895902633678 0.1012820526957512 10.500000000000002 0.15535444766283038 0.37310734391212469
decision_type=2 2 2 2 2 2 2 2 2 2 2 2 2 2 2 2 2 2 2 2 2 2 2 2 2 2 2 2 2 2
left_child=1 2 9 5 8 6 -2 12 -5 -1 21 -12 19 14 15 -9 17 -16 -3 20 -8 22 -11 25 -25 27 -26 -6 -28 -30
right_child=3 18 -4 4 23 -7 7 13 -10 10 11 -13 -14 -15 16 -17 -18 -19 -20 -21 -22 -23 -24 24 26 -27 28 -29 29 -31
leaf_value=-0.038877387974785044 0.093661603661529605 0.23311224104539796 0.20974356744439504 -0.11240507609874351 -0.021055898733413889 0.09488715922518394 -0.18261495069864686 1.1260633152391406 0.069023137195315498 -0.087647596226306801 0.019553650980140395 0.68064445001392182 0.062242475943290881 0.0092316495735056524 -0.061212602655786867 0.095876927488825925 0.1574146259261717 0.16660883218816189 0.014262987502090534 -0.026531056479237043 -0.04006025900850007 -0.11394649086522557 0.13768586055356755 0.12886221645115556 0.26951760492282445 0.22418748859877111 0.024859577965153753 -0.21072586189162409 -0.0095118003930216161 0.00037744826337090978
leaf_weight=62.50783248821881 8.1091095499587009 2.0170637189694385 1.2096065059304226 11.763451805312796 77.748169744628285 16.150750745907771 3.5533040883892744 0.20905216615938016 1.9023604582325777 1.5168917041255543 0.42299405779340293 0.32971840404206887 4.5369338409400362 32.817183738846779 3.1723930394618947 0.58254462569675525 2.6142541099106893 1.269446440041065 1.3296190741602911 19.302760843158467 3.5635660394036677 1.5008305420487884 3.1452979327768844 7.8288337096564637 0.92297714342748705 1.4846070773264717 90.218017221654009 1.7776969127389737 549.75713927828383 7761.4502777452553
leaf_count=6134 165 106 20 1070 6236 2911 62 26 337 1040 184 12 538 5290 470 239 65 9 210 297 161 83 77 408 150 143 5640 258 144675 771878
internal_value=-8.07921e-05 -0.0179168 -0.0256911 7.26253e-05 -0.000196247 0.0239221 0.00954695 2.33341e-05 -0.0871492 -0.0297932 0.0523139 0.309138 -0.0329939 0.025158 0.0917583 0.367938 0.0607748 0.00389716 0.146165 -0.0493484 -0.111235 0.020947 0.0643713 -5.63039e-05 0.000142773 -0.0207237 2.28396e-05 -0.0252957 -6.767e-06 -0.000276691
internal_weight=8674.71 73.9799 70.6332 8600.73 8504.85 95.8813 79.7305 71.6214 13.6658 69.4236 6.91573 0.752712 30.9566 40.6649 7.84769 0.791597 7.05609 4.44184 3.34668 26.4196 7.11687 6.16302 4.66219 8491.19 8410.18 81.0105 8402.35 79.5259 8401.43 8311.21
internal_count=948894 7866 7550 941028 930795 10233 7322 7157 1407 7530 1396 196 1058 6099 809 265 544 479 316 520 223 1200 1117 929388 922751 6637 922343 6494 922193 916553
is_linear=0
shrinkage=0.1


Tree=204
num_leaves=31
num_cat=0
split_feature=31 29 28 31 52 42 7 11 11 31 45 48 28 29 3 12 30 31 28 29 27 40 29 5 29 15 12 10 30 29
split_gain=2.39107 14.5511 19.1169 14.1561 14.1342 20.1024 15.147 12.6684 13.7085 11.9559 11.8029 11.6418 11.1467 11.2225 10.995 10.7126 10.2148 13.8663 9.9224 16.3096 12.4351 13.1214 11.842 13.2362 14.9702 10.7531 9.87756 14.9661 9.52512 30.8842
threshold=6.1778190135955819 0.23543170094490054 0.17156863212585452 5.6384823322296151 0.77836257219314586 0.82972848415374767 0.85053193569183361 0.99825781583786022 0.48499849438667303 6.4967820644378671 0.060169473290443427 0.066732823848724379 0.47727273404598242 0.11519536375999452 0.53093111515045177 0.98598104715347301 0.75501078367233287 6.4019715785980233 0.58571431040763866 0.59175634384155285 391.50000000000006 0.88185438513755809 0.44563008844852453 0.47727273404598242 0.27906751632690435 0.74637374281883251 0.62973192334175121 0.69398084282875072 0.52160614728927623 0.36250083148479467
decision_type=2 2 2 2 2 2 2 2 2 2 2 2 2 2 2 2 2 2 2 2 2 2 2 2 2 2 2 2 2 2
left_child=3 -2 -3 11 5 6 -5 8 -8 16 -9 15 13 -10 -11 -1 17 -4 22 20 21 -20 23 24 -6 -21 27 -14 -16 -30
right_child=1 2 9 4 18 -7 7 10 12 14 -12 -13 26 -15 28 -17 -18 -19 19 25 -22 -23 -24 -25 -26 -27 -28 -29 29 -31
leaf_value=0.012119602056311411 0.038622728752771278 -0.11149712403758825 -0.016082955342834434 0.0060772453044077406 0.021628783398311507 0.18235090610487834 -0.0012464794744717709 -0.43863456455098232 0.44055870286894649 0.081743553623951679 -0.013105711694614948 -0.0098336178957669114 0.13491778639700791 0.025368303268619344 -0.020676022674996016 -0.0075931233124319989 -0.0053577388665831506 -0.07109145411329422 0.024716112960611443 0.016296216750478539 -0.0043091921342580239 0.12726401600405296 -0.052505091802491299 0.045996170866587603 -0.077004795137149584 -0.01841491302834351 0.090473618461684696 0.58300233870037921 0.044244870152452466 -0.00075637416784579204
leaf_weight=727.27182152326714 89.659088963810063 15.896265064281577 167.42101891541188 175.26047341711819 31.503085759202804 8.3857642013917921 32.311506694640684 0.97704027774670921 0.66219144476781266 16.448768528107394 1.9582639352920521 1055.4597387463577 2.7028484378133721 38.590159512970786 215.85003706530097 443.96722208793835 461.03056051311432 63.09451068927774 22.286461765705099 228.81677133284938 24.791537165003319 28.349503619283496 60.671044611958678 42.511848730287966 30.080977712686945 146.31618163948679 56.006342405627947 1.0292500000232392 158.08051661298305 4324.7287748745057
leaf_count=53748 20690 12442 24863 27088 2566 566 7191 87 131 1924 142 389369 416 4818 31426 14571 47171 7683 1435 18308 2451 2189 4959 2798 2102 18157 2395 152 13107 233949
internal_value=-7.67186e-05 -0.00133393 -0.00199459 0.00211638 0.0124553 0.0295777 0.0254383 0.0507161 0.0553093 -0.00167264 -0.154747 -0.00221666 0.0737696 0.0323726 0.000128268 0.00464734 -0.0139516 -0.0311394 0.00360972 0.0112889 0.0537188 0.0821295 -0.0173892 0.0030777 -0.0265492 0.00275755 0.10097 0.258492 -0.000157445 0.000830537
internal_weight=8672.12 5512.21 5422.55 3159.91 933.211 317.884 309.498 134.238 131.302 5406.65 2.9353 2226.7 98.9908 39.2524 4715.11 1171.24 691.546 230.516 615.327 450.56 75.4275 50.636 164.767 104.096 61.5841 375.133 59.7384 3.7321 4698.66 4482.81
internal_count=948894 393255 372565 555639 97951 42986 42420 15332 15103 360123 229 457688 7912 4949 280406 68319 79717 32546 54965 42540 6075 3624 12425 7466 4668 36465 2963 568 278482 247056
is_linear=0
shrinkage=0.1


Tree=205
num_leaves=31
num_cat=0
split_feature=43 28 29 52 15 10 36 41 33 2 8 42 30 24 10 29 29 30 32 30 1 31 10 28 45 13 2 16 45 15
split_gain=2.41584 10.2548 10.9808 9.58434 6.52847 7.36273 6.19412 5.66179 5.37307 5.90344 5.37281 7.58505 5.18645 5.73665 4.96418 4.29043 5.56952 10.9283 15.553 9.94 6.908 11.1143 7.47037 6.87623 4.57865 5.64466 6.0905 4.51941 4.45631 4.21207
threshold=0.85967049002647411 0.47727273404598242 0.48273408412933355 0.94609126448631298 0.99719101190567028 0.93700885772705089 1.0000000180025095e-35 0.89498749375343334 8.7522115707397479 0.57735043764114391 7.5000000000000009 0.79118216037750255 0.61645361781120311 0.87175834178924572 0.85718435049057018 0.55445328354835521 0.77549868822097789 0.90542206168174755 1.5308482050895693 0.94048127532005321 0.87501323223114025 6.4274587631225595 0.84656241536140453 0.64583334326744091 0.029921978712081913 0.4220647811889649 0.91545841097831737 0.31666667759418493 0.090029776096344008 0.9723496437072755
decision_type=2 2 2 2 2 2 2 2 2 2 2 2 2 2 2 2 2 2 2 2 2 2 2 2 2 2 2 2 2 2
left_child=-1 2 3 8 10 14 -7 -4 -2 -10 11 -3 -12 15 -6 28 20 -18 19 -19 21 -17 27 -21 25 26 -25 -22 -14 -11
right_child=1 4 7 -5 5 6 -8 -9 9 29 12 -13 13 -15 -16 16 17 18 -20 23 22 -23 -24 24 -26 -27 -28 -29 -30 -31
leaf_value=-0.00044589636907233431 0.1033714840111105 0.11142880410956134 -0.10812110587470924 -0.19755014877855864 0.0034601096877304952 0.016626237693335748 -0.073589021813875874 0.073917843179511333 0.13775863129159899 -0.059270946650973426 -0.097105249166480834 0.027063908017028179 0.12634651526888738 0.074737113131430485 0.14111776315223407 -0.12100206398275029 0.094866298621300582 0.12221611380833342 -0.11176692917036071 -0.12316016931545178 -0.10285431138692827 0.10574800253983048 0.0043464121167508104 0.18564135826166142 -0.022233072031757346 0.018056543265005373 0.0093471530854467352 -0.024386177997077995 -0.071680562549852792 0.052981676529076455
leaf_weight=8257.5246267024158 6.2467092528677375 13.10245972351913 18.618009031590194 2.1374805659870608 8.7830338962248771 11.171848758043778 23.875045264343498 1.8811712157621503 2.5436236870737075 11.343185275385624 4.3270266863401039 57.098870262914716 5.6152648411807595 14.315676647998769 3.7331386745827322 2.8100348712905534 16.550066319054167 8.5895270011969824 9.9173767466272675 3.7193975691334336 15.379867335315796 9.3684060530104016 32.11377377127792 4.3917472662506034 24.872128647635691 71.534894001670182 3.5386006445041858 14.040968942004836 1.4247130315998218 4.7394018060440422
leaf_count=871492 511 2311 439 136 2907 11232 487 458 143 323 123 38097 341 1679 758 102 2129 2178 169 48 202 621 1782 122 1495 7696 63 576 68 206
internal_value=-7.48471e-05 0.00743882 -0.0362304 0.00565183 0.0131975 -0.0213189 -0.0448312 -0.0914157 0.0231142 -0.00380183 0.0184474 0.0428099 0.011395 0.0133661 0.0445186 0.00944162 0.00694711 0.0184494 0.00845675 0.0186783 -0.0153845 0.053428 -0.0290034 0.010448 0.0152108 0.0269305 0.106977 -0.0654057 0.0862709 -0.0261911
internal_weight=8665.31 407.783 47.5096 27.0104 360.274 47.5631 35.0469 20.4992 24.8729 18.6262 312.711 70.2013 242.509 238.182 12.5162 223.867 216.827 143.114 126.564 116.646 73.7131 12.1784 61.5346 108.057 104.337 79.4652 7.93035 29.4208 7.03998 16.0826
internal_count=948894 77402 2216 1319 75186 15384 11719 897 1183 672 59802 40408 19394 19271 3665 17592 17183 13900 11771 11602 3283 723 2560 9424 9376 7881 185 778 409 529
is_linear=0
shrinkage=0.1


Tree=206
num_leaves=31
num_cat=0
split_feature=6 5 4 29 4 1 2 29 36 48 43 32 43 31 28 3 42 8 33 3 42 29 1 31 29 32 32 32 7 32
split_gain=2.30626 13.5327 27.3537 22.7056 17.074 27.9989 38.4498 17.3271 17.5631 17.0402 16.9544 16.8842 16.4896 15.8397 14.9713 15.0729 17.8608 14.7234 14.4363 13.9023 22.7351 21.4519 19.1766 19.0555 16.9505 20.8955 16.5889 28.818 28.0683 20.7145
threshold=2.5000000000000004 0.58571431040763866 0.94360819458961498 0.4422652274370194 0.81284341216087352 0.93684458732604992 0.87428161501884472 0.56379467248916637 1.0000000180025095e-35 0.15446418523788455 0.87232118844985973 2.8040528297424321 0.48795096576213842 8.0847110748291033 0.64583334326744091 0.93788582086563121 0.86425063014030468 2147483689.0000005 6.6913399696350107 0.97402161359786998 0.78629973530769359 0.47299228608608251 0.91905894875526439 6.1005592346191415 0.60265883803367626 5.1036133766174325 1.7195520401000979 1.5308482050895693 0.8989795744419099 3.2679439783096318
decision_type=2 2 2 2 2 2 2 2 2 2 2 2 2 2 2 2 2 2 2 2 2 2 2 2 2 2 2 2 2 2
left_child=-1 2 3 11 19 6 -6 14 12 10 -10 -2 18 -11 15 16 -7 -15 -9 21 -21 -3 -22 -23 -25 26 27 28 -26 -28
right_child=1 4 -4 -5 5 7 -8 8 9 13 -12 -13 -14 17 -16 -17 -18 -19 -20 20 22 23 -24 24 25 -27 29 -29 -30 -31
leaf_value=0.0014136184649316144 0.067339006852464134 -0.022695542293414729 0.075717901811619567 -0.04519054542108511 -0.054415182079147334 -0.071555503536890427 0.002629136719268036 0.021483644964122507 -0.033049967767424991 -0.017699831025267967 0.017058727249521437 -0.012754010467092416 0.013391759854818379 0.078114810875820437 0.096058121166733568 -0.0035308336226193833 0.074580378578702991 -0.0010651932485004887 -0.024681979736786132 -0.014489584542598861 -0.03209100335578003 0.084783313041080888 0.068846875501597279 0.00086746569722905952 0.096224921801702584 0.084758987913927455 -0.085833023409880305 0.11307076370743696 -0.10758697122107957 0.027713708503707482
leaf_weight=4750.8479977989346 32.771938072386547 88.551012716345213 28.725831275893142 236.5959744318543 237.6220232116475 9.6997559503542998 235.03029761273501 91.601110794283159 410.42857852781162 98.697720909731288 80.820427392383863 133.69611150253422 787.49958377784787 48.35020179248022 27.749733128752268 123.46303463744698 60.709561182531615 45.6637417103193 259.98852139438532 327.12150966732952 25.930658566983766 57.74884837495847 68.657269793035084 181.21081030910318 11.66014392826037 75.348848642643134 25.984148731622554 36.85141977994499 16.06902148170775 42.095303957481519
leaf_count=705254 2412 6921 1420 11063 14112 284 14430 6081 11169 15661 6134 16765 68936 2365 1449 7137 3771 1368 6184 22248 1535 3235 3524 7902 897 2629 692 1514 396 1406
internal_value=-6.63921e-05 -0.00186636 -0.0185627 -0.0252819 0.000208521 -0.00411419 -0.0260494 0.00095642 -0.00225324 -0.01492 -0.0248061 0.0030136 0.00535243 0.0102811 0.0273589 0.0175257 0.0544483 0.0396561 -0.0126543 0.0115764 -0.00200412 0.0222708 0.0411754 0.0311792 0.023226 0.042704 0.0188174 0.0551249 -0.0218839 -0.0156241
internal_weight=8657.19 3906.34 431.79 403.064 3474.55 2517.32 472.652 2044.67 1823.05 683.961 491.249 166.468 1139.09 192.712 221.622 193.872 70.4093 94.0139 351.59 957.229 421.709 535.52 94.5879 446.969 389.22 208.009 132.66 64.5806 27.7292 68.0795
internal_count=948894 243640 31660 30240 211980 159081 28542 130539 117898 36697 17303 19177 81201 19394 12641 11192 4055 3733 12265 52899 27307 25592 5059 18671 15436 7534 4905 2807 1293 2098
is_linear=0
shrinkage=0.1


Tree=207
num_leaves=31
num_cat=0
split_feature=43 45 47 16 12 43 12 49 32 28 29 4 15 47 1 12 41 2 43 3 39 1 10 45 45 7 32 30 15 30
split_gain=2.98048 6.85353 7.44173 6.7645 6.48761 6.25581 9.42175 13.7685 9.21695 10.7649 12.2371 10.2893 12.0751 9.6949 10.5978 9.68314 9.54055 9.18763 8.65147 21.221 12.9968 10.2072 10.1347 9.11233 19.4892 7.97136 8.43801 7.93052 7.8564 8.40868
threshold=0.70263326168060314 0.22976970672607425 0.77044844627380382 0.90454545617103588 0.58629718422889721 0.52986019849777233 0.56688699126243602 3.5000000000000004 10.106236934661867 0.29285715520381933 0.25534695386886602 0.90054947137832653 0.80079364776611339 0.64824664592742931 0.90476569533348095 0.98469346761703502 0.46247655153274542 0.69113358855247509 0.50000008940696727 0.47140522301197058 0.35416667163372045 0.73244071006774913 0.95909366011619579 0.30889400839805609 0.23609247803688052 0.97530490159988414 8.3285627365112322 0.56850299239158641 0.80079364776611339 0.23303966969251635
decision_type=2 2 2 2 2 2 2 2 2 2 2 2 2 2 2 2 2 2 2 2 2 2 2 2 2 2 2 2 2 2
left_child=5 2 4 -3 -2 18 7 -7 9 16 11 12 -11 14 -10 -12 -8 -14 -1 22 23 -22 -20 24 -21 -18 -27 -16 -26 -30
right_child=1 3 -4 -5 -6 6 8 -9 13 10 15 -13 17 -15 27 -17 25 -19 19 20 21 -23 -24 -25 28 26 -28 -29 29 -31
leaf_value=-0.00019641317446545873 0.16128641170747804 -0.051993520388373973 0.069095753133935942 0.035368562867900633 0.0033731302692456958 0.052745028535621422 0.027341610293503821 -0.03574619557101489 -0.025734358511779232 0.19701455192705736 -0.0099835311949250591 -0.064200656372972537 -0.020378127518756492 0.074700241625521635 0.0097420370010814043 0.028849387016239667 -0.033695842355607353 0.084148165539128739 0.17935431154206474 0.02961001846253869 0.039861154577667313 -0.029378612868411577 0.0067419714796582639 -0.0012069134721780176 0.22650425437375202 -0.060538983549825301 -0.25524441361668854 0.1140614682657175 0.31316241469626704 0.035542421807142482
leaf_weight=4468.1648360179533 2.6050075865205136 40.251975154998945 17.486357800997212 11.365867219385107 2012.2744644483973 59.444671286793891 24.822116696326702 24.967762887346908 47.715354866631969 5.7817644661117802 1328.1060056796923 7.5139560980896922 14.340841419878414 25.570510637306143 19.158154008444402 67.474306292409892 171.66698476356942 20.330534549371805 11.615990811591475 57.322866056960265 28.12793770951248 87.594114920459106 4.8099899875232941 43.948481300312778 7.8318524982405489 6.6724816952773818 3.3399037051713094 11.761045780207494 1.3204436944215556 6.2787945980380755
leaf_count=702838 99 1292 4023 1186 159857 1923 659 1565 991 168 40788 206 303 1293 318 3434 8199 667 401 4153 618 3175 83 8180 1055 183 67 316 35 819
internal_value=-6.71585e-05 0.00322709 0.00414101 -0.032757 0.00357729 -0.00111437 -0.0060622 0.0265708 -0.00763246 -0.00945402 -0.00639907 0.0432636 0.0632245 0.0212113 0.00381763 -0.00810602 -0.0308096 0.0409138 0.000814272 0.0189613 0.0111982 -0.0125489 0.128809 0.0347458 0.0564637 -0.0387545 -0.125488 0.0494231 0.156219 0.0837817
internal_weight=8639.67 2083.98 2032.37 51.6178 2014.88 6555.68 1838.67 84.4124 1754.25 1650.05 1443.55 47.9671 40.4531 104.205 78.6346 1395.58 206.501 34.6714 4717.02 248.85 232.424 115.722 16.426 116.702 72.754 181.679 10.0124 30.9192 15.4311 7.59924
internal_count=948894 166457 163979 2478 159956 782437 61080 3488 57592 54674 45566 1344 1138 2918 1625 44222 9108 970 721357 18519 18035 3793 484 14242 6062 8449 250 634 1909 854
is_linear=0
shrinkage=0.1


Tree=208
num_leaves=31
num_cat=0
split_feature=43 12 49 32 32 29 30 7 16 1 30 3 32 53 52 51 12 42 5 41 40 32 42 1 28 30 32 32 1 29
split_gain=2.42217 7.94237 7.69945 7.84659 9.70953 11.1278 12.9423 14.5557 10.6323 14.1606 16.1969 17.8417 44.6599 13.7791 13.0846 11.4942 10.5768 9.62339 9.13949 11.4784 9.00056 8.98938 21.3344 14.5531 11.0988 15.9183 12.6773 11.9646 10.4387 10.2444
threshold=0.68875408172607433 0.73350086808204662 10.500000000000002 10.106236934661867 9.1332817077636737 0.54596200585365307 0.73108619451522838 0.943650782108307 0.76388889551162731 0.8733777403831483 0.70700374245643627 0.95861873030662548 6.0894887447357187 0.42261904478073126 0.55036231875419628 0.85847797989845287 0.96788918972015392 0.99253731966018688 0.19090909510850909 0.93788582086563121 0.59432700276374828 5.0398440361022958 0.82446309924125682 0.86213073134422313 0.61250001192092907 0.9032181203365327 1.7195520401000979 4.4372484683990487 0.84193846583366405 0.71084731817245495
decision_type=2 2 2 2 2 2 2 2 2 2 2 2 2 2 2 2 2 2 2 2 2 2 2 2 2 2 2 2 2 2
left_child=-1 -2 3 4 5 6 8 -8 16 14 -11 13 -13 -12 -10 -16 -3 -6 19 -7 -5 24 28 -24 -20 26 -26 -28 -23 -27
right_child=1 2 -4 20 17 18 7 -9 9 10 11 12 -14 -15 15 -17 -18 -19 21 -21 -22 22 23 -25 25 29 27 -29 -30 -31
leaf_value=-0.0010531969897821299 0.031865689286435586 -0.0010368114492578257 0.038289833693810144 0.11962511874823673 -0.017231087270959001 -0.12838468200580605 0.024551229678779232 0.10628234379887092 0.041137679178959663 0.043242003684051795 -0.90612097734594443 0.10026527014485936 -2.9209579799559089 -0.045274458018555577 -0.13842623098217077 0.093834172511853609 0.051035421307294486 -0.10590450572357141 -0.018593897380221377 0.0048436584417885335 0.017960827929748062 -0.029195083561650837 -0.29392219740883152 -0.021068780539160056 -0.042127712194081533 0.030350035467990883 0.098239779947432077 -0.0074370927746692274 0.079938278333417503 -0.0056317503663604945
leaf_weight=6395.9297723310756 90.035525215804228 153.61620900548587 55.564329309960158 9.5893288947263482 140.44029852941458 12.969613707100507 134.9154689053903 25.987239306457923 6.7753279921307721 22.592434497586513 0.21330114718875748 0.11805971099965962 0.083555145800346509 1.4494508873322045 22.023841120157162 2.3589426336693569 52.283172026262037 13.407253344543276 376.46706093868124 12.89775382713924 94.781030605809065 10.533978273000683 2.0933460963424322 29.531233016936312 12.469135294428268 88.297713348674733 39.640997810125555 14.681720200936978 52.180149625492049 761.81165827415862
leaf_count=776417 3915 3514 4333 867 3818 247 7785 2793 584 6992 49 131 61 573 1725 602 1657 174 16114 6830 2401 491 37 2109 1149 4171 8610 1644 5212 83889
internal_value=-6.2122e-05 0.00276796 0.00154931 0.000574494 -0.000827383 0.00119471 0.0154363 0.0377515 0.00170635 -0.0370906 0.0198644 -0.263426 -1.15182 -0.155706 -0.0817959 -0.115956 0.0121857 -0.0249587 -0.0030611 -0.0619556 0.0273015 -0.00196328 0.0278378 -0.0391299 -0.00413699 0.00179882 0.0488059 0.0696786 0.0616073 -0.00189446
internal_weight=8635.74 2239.81 2149.77 2094.21 1989.84 1835.99 422.417 160.903 261.514 55.6149 24.4568 1.86437 0.201615 1.66275 31.1581 24.3828 205.899 153.848 1413.57 25.8674 104.37 1387.71 94.3387 31.6246 1293.37 916.901 66.7919 54.3227 62.7141 850.109
internal_count=948894 172477 168562 164229 160961 156969 26466 10578 15888 10717 7806 814 192 622 2911 2327 5171 3992 130503 7077 3268 123426 7849 2146 115577 99463 11403 10254 5703 88060
is_linear=0
shrinkage=0.1


Tree=209
num_leaves=31
num_cat=0
split_feature=14 13 10 11 12 37 35 10 10 18 10 5 30 46 1 13 12 10 33 29 31 1 29 53 47 40 14 3 12 49
split_gain=2.42008 22.8321 17.1087 12.3551 9.70297 9.05053 11.4409 18.3355 13.0283 14.873 13.0215 13.8816 13.0023 10.1436 12.7887 9.70384 16.6874 11.3902 8.53612 11.034 8.19713 11.9825 7.52194 7.46846 8.77643 7.9392 7.28436 8.33969 7.21629 7.19338
threshold=5.5000000000000009 0.48212005198001867 0.65001517534255993 0.76322144269943248 0.93367174267768871 1.0000000180025095e-35 1.0000000180025095e-35 0.94261676073074352 0.90605106949806224 1.0000000180025095e-35 0.84428429603576671 0.2264957278966904 0.29825694859027868 0.095238119363784804 0.86571699380874645 0.94868421554565441 0.9981684982776643 0.81691929697990429 6.0427806377410898 0.39672353863716131 8.8637833595275897 0.69068324565887462 0.71084731817245495 0.58571431040763866 0.073663156479597106 0.90803381800651561 7.5000000000000009 0.86706823110580455 0.91686987876892101 1.0000000180025095e-35
decision_type=2 2 2 2 2 2 2 2 2 2 2 2 2 2 2 2 2 2 2 2 2 2 2 2 2 2 2 2 2 2
left_child=-1 2 -2 -3 20 6 8 10 15 12 -8 -12 -10 14 22 16 -5 -18 19 29 -4 -22 26 -16 -25 -26 27 -7 -20 -11
right_child=1 3 4 5 -6 13 7 -9 9 18 11 -13 -14 -15 23 -17 17 -19 28 -21 21 -23 -24 24 25 -27 -28 -29 -30 -31
leaf_value=0.00091183996693715644 0.034810143839573392 0.036844495714373364 -0.07024050466601027 -0.0083626179267589692 0.029990496319503249 -0.076157146385533198 -0.052727266798433807 -0.10062775540407261 0.010551012571502339 0.024249039541784846 -0.045894467655830301 0.053778615775998101 0.10736965428300256 -0.0008250718985455364 -0.021117287748839978 0.053247021927462661 -0.031974871785229869 -0.12371187466959155 0.071139323572452104 0.0032983351705399644 0.21651386470348932 -0.029628546286988019 -0.025767788648182962 0.0035564301326210103 0.14173764824103327 0.035712500760235452 0.092364905741172898 0.093130169344814981 -0.023272570704662435 0.27574749877777877
leaf_weight=6527.9384969383918 28.781385801387387 88.175705659734376 109.63082417945543 303.52049210059886 14.193611769442212 6.1780301083635987 51.725052145142399 33.329882082573022 26.186453568807337 1.737337084916361 22.530058887743508 36.788363012183254 29.493367893592222 905.55960137673537 57.753626830206485 20.367803276236373 35.197386930245557 21.990462842655688 9.0082137682002195 8.8241765814163937 2.0996655285116494 34.066030910576046 8.7710921271464013 75.112310532049378 9.5295812319927773 27.280399463434151 44.272199919239938 5.5013819176856487 79.930797524022637 3.2926415687834378
leaf_count=790667 2431 6369 39738 14683 1420 192 1868 874 712 102 1116 1913 2721 37382 3146 880 1257 441 441 222 167 1283 4991 23042 897 3673 2631 590 2855 190
internal_value=-3.82122e-05 -0.00299033 -0.0361691 0.000285309 -0.0489378 -0.00148215 -0.0105767 -0.03558 -0.00388623 0.0202104 -0.0160559 0.0159212 0.0618354 0.00397415 0.0225151 -0.013907 -0.0176989 -0.0672505 -0.00233659 0.0706771 -0.0566217 -0.0153383 0.0603348 0.00808885 0.0231597 0.0631609 0.0738324 0.00358267 -0.01371 0.188881
internal_weight=8628.77 2100.83 188.772 1912.06 159.99 1823.88 683.922 144.373 539.549 158.473 111.043 59.3184 55.6798 1139.96 234.399 381.076 360.708 57.1878 102.793 13.8542 145.797 36.1657 64.7227 169.676 111.922 36.81 55.9516 11.6794 88.939 5.02998
internal_count=948894 158227 45039 113188 42608 106819 30275 5771 24504 7243 4897 3029 3433 76544 39162 17261 16381 1698 3810 514 41188 1450 8404 30758 27612 4570 3413 782 3296 292
is_linear=0
shrinkage=0.1


Tree=210
num_leaves=31
num_cat=0
split_feature=43 14 10 10 29 40 24 12 18 14 5 6 47 29 7 32 1 30 28 2 7 40 45 44 8 1 40 16 32 7
split_gain=2.37308 5.21044 4.91175 4.42099 4.23359 8.23296 5.24879 4.75636 5.17233 4.75558 5.0169 7.42013 5.12776 5.52807 9.06133 8.96263 9.23326 7.7875 6.80695 7.8715 12.8889 7.41242 7.27385 7.14863 6.79902 6.71999 6.16694 6.11354 5.23136 5.13836
threshold=0.80111765861511242 2.5000000000000004 0.65970557928085338 0.91792690753936779 0.25836472213268286 0.36461389064788824 0.44067795574665075 0.94925978779792797 1.0000000180025095e-35 16.500000000000004 0.36931818723678594 1.5000000000000002 0.073663156479597106 0.62398940324783336 0.48412297666072851 5.3033480644226083 0.89188173413276683 0.76466190814971935 0.61250001192092907 0.89498749375343334 0.95875850319862377 0.70051547884941112 0.026084274053573612 0.079129785299301161 21.500000000000004 0.86844766139984142 0.95293468236923229 0.84523808956146251 1.5308482050895693 0.65571120381355297
decision_type=2 2 2 2 2 2 2 2 2 2 2 2 2 2 2 2 2 2 2 2 2 2 2 2 2 2 2 2 2 2
left_child=-1 3 -3 -2 6 -6 -4 -8 -9 10 -7 -12 13 14 -13 -16 -17 -18 19 24 26 -20 27 -24 -15 -26 -21 -23 -27 -14
right_child=1 2 4 -5 5 9 7 8 -10 -11 11 12 29 18 15 16 17 -19 21 20 -22 22 23 -25 25 28 -28 -29 -30 -31
leaf_value=-0.00061261095861523231 0.054027878535472897 0.072757982787449493 0.18827957938368312 -0.088500645685513329 -0.34810067191497507 -0.026579701457654689 -0.037482173825901591 0.040639319727429374 0.23188568679267246 -0.040576356137873561 0.12348888080270898 -0.12983589623914302 0.07256497819820773 -0.0062535100125637655 0.053237191154311664 -0.18021325438254068 0.040852493951832852 -0.23330763908766669 0.089412478279357666 0.12451774463849204 -0.097392910144703582 0.0045079119695030593 -0.052233089159619744 -0.0032167530169084574 0.029418724676911187 -0.13057007915851213 -0.16545170519484007 0.081426184731236154 -0.04926230867016676 0.012938841075264624
leaf_weight=7692.6337538653861 30.504714464110293 10.068282848233137 2.26216935538105 2.3434773821863919 0.67373723833588783 53.914004612579447 7.3777944807880003 13.91308859044511 1.5741661939828198 25.919483092417067 5.2463399491243754 3.5545434794184976 15.576289334672763 23.61283512445516 51.48371878191756 3.4169922499859231 9.0858006800553976 1.1694224820530497 9.1464878282131377 8.8933157432111294 4.9754429209642685 265.16997403730056 47.251606431233085 80.347388232414232 5.291759180603548 16.810849108151164 0.79936505870136976 10.752168228698791 14.950759473649667 200.3731409827742
leaf_count=835245 1643 2078 267 203 40 8073 379 1262 46 2499 877 302 2764 1048 4423 109 656 120 416 1735 130 16287 6905 4100 123 224 11 37715 422 18792
internal_value=-3.67718e-05 0.00474457 0.00330675 0.0438595 0.00251533 0.00133102 0.0429745 0.0285986 0.0600781 0.00160549 0.00291987 0.00496438 0.00415961 -0.000914153 0.0256423 0.0341243 -0.0378465 0.0095895 -0.00465329 -0.0322953 0.033443 0.000392873 -0.00162491 -0.0213682 -0.0481897 -0.0749143 0.100604 0.00750527 -0.0922971 0.0172396
internal_weight=8619.09 926.459 893.611 32.8482 883.543 858.415 25.1272 22.865 15.4873 857.742 831.822 777.908 772.662 556.712 68.7105 65.1559 13.6722 10.2552 488.002 75.3343 14.6681 412.668 403.521 127.599 60.6662 37.0534 9.69268 275.922 31.7616 215.949
internal_count=948894 113649 111803 1846 109725 107771 1954 1687 1308 107731 105232 97159 96282 74726 5610 5308 885 776 69116 3693 1876 65423 65007 11005 1817 769 1746 54002 646 21556
is_linear=0
shrinkage=0.1


Tree=211
num_leaves=31
num_cat=0
split_feature=17 7 13 5 11 51 30 33 33 35 45 14 30 16 16 30 15 43 32 42 17 29 11 1 24 1 4 2 8 15
split_gain=2.24898 7.22115 7.33878 4.55862 4.452 3.89277 4.5523 3.79163 4.25467 4.28763 4.35284 5.83008 3.53736 3.79261 3.43478 5.29524 7.07684 3.6397 5.04457 13.759 3.2517 2.98872 2.9876 2.92317 7.4778 5.14751 8.55133 7.48502 13.2013 9.57929
threshold=3.5000000000000004 0.94174209237098705 0.70294117927551281 0.78888890147209179 0.85304400324821483 0.79502627253532421 0.63584640622138988 5.2883892059326181 6.1080219745635995 1.0000000180025095e-35 0.026084274053573612 16.500000000000004 0.6027800738811494 0.81666666269302379 0.90454545617103588 0.29220223426818853 0.97309362888336193 0.8820057511329652 1.0000000180025095e-35 0.81016728281974804 4.5000000000000009 0.40865744650363928 0.63185164332389843 0.37510684132575994 0.25546729564666754 0.40857487916946417 0.10668563470244409 0.17467582225799563 23.500000000000004 0.68199437856674205
decision_type=2 2 2 2 2 2 2 2 2 2 2 2 2 2 2 2 2 2 2 2 2 2 2 2 2 2 2 2 2 2
left_child=23 2 5 4 20 6 22 -6 -9 10 11 -10 13 -3 -11 16 -16 -17 19 -19 -4 -14 -2 24 -1 27 -27 28 -25 -30
right_child=1 12 3 -5 7 -7 -8 8 9 14 -12 -13 21 -15 15 17 -18 18 -20 -21 -22 -23 -24 25 -26 26 -28 -29 29 -31
leaf_value=-0.027248144279673283 0.10442538512626945 -0.075099666424874825 0.15527703502205584 -0.11963005096916737 0.11302500216222632 -0.0035485936070426037 -0.15716863069066461 -0.070353045422118413 0.030843888085488644 -0.092640924149723136 0.061627236677940803 -0.13034875176024022 0.21965838208769628 0.044079394346572848 -0.098176970264313615 0.096171352422839862 0.032013209423949855 -1.7521787011695242 -0.0066227515439088629 0.10057136763387411 -0.0027011120732256294 0.062064922080381869 -0.071296874362243023 0.03015224661421842 0.12267269237797734 -0.083536269850109923 0.00019546136746546243 -0.0012019884000900186 0.59220390496690867 0.1480634906167361
leaf_weight=68.233517286662391 1.0571202502133079 4.0254286393101228 2.9293770654621758 3.5427856885507927 2.4054306787002124 6.5588672168596522 6.9993583141913396 11.407441689938421 6.6499711848664464 6.5679362948867519 14.921070325552135 3.3864352899399819 1.4229987666403738 7.930989341235545 9.3853460197715375 5.5798891210433785 7.5212175431370261 0.065149013069458195 0.73205494270223426 0.10417540019989247 2.3466533594400971 7.7978092770899821 11.417554920198198 33.85274936486303 3.4975090501284276 12.214943331067841 8310.6417392303301 52.752796282438794 0.52563417965620729 6.3784561268766993
leaf_count=7521 109 117 138 241 94 333 132 565 227 123 354 110 98 311 269 546 177 28 575 171 97 2081 818 2298 324 1399 921744 6639 222 1033
internal_value=-3.25156e-05 -0.0133615 -0.0242401 -0.00881732 -0.00351226 -0.0701804 -0.0926221 -0.0103082 -0.0147814 -0.00323723 0.0273761 -0.0235449 0.0398461 0.00395477 -0.0287425 -0.0107981 -0.0402593 0.0660521 -0.120398 -0.61229 0.0850121 0.0863855 -0.0564059 0.000163389 -0.0199382 0.00033471 7.25735e-05 0.0236663 0.0558541 0.181878
internal_weight=8612.85 124.755 103.578 77.5449 74.0021 26.0329 19.474 68.7261 66.3207 54.9132 24.9575 10.0364 21.1772 11.9564 29.9558 23.3878 16.9066 6.48127 0.901379 0.169324 5.27603 9.22081 12.4747 8488.1 71.731 8416.37 8322.86 93.5096 40.7568 6.90409
internal_count=948894 7714 5107 3715 3474 1392 1059 3239 3145 2580 691 337 2607 428 1889 1766 446 1320 774 199 235 2179 927 941180 7845 933335 923143 10192 3553 1255
is_linear=0
shrinkage=0.1


Tree=212
num_leaves=31
num_cat=0
split_feature=13 15 13 21 14 30 11 12 41 49 15 12 48 44 33 1 24 31 29 15 32 1 30 30 28 6 29 43 45 29
split_gain=2.22621 12.5343 27.3073 18.3045 15.0426 14.7409 13.4514 11.3954 13.6968 14.4524 11.3736 16.662 11.206 10.6006 10.4984 22.235 17.5198 16.4726 19.5962 10.2625 10.0503 13.0261 13.4221 12.146 17.3192 12.3947 10.8927 10.4581 38.4338 9.96109
threshold=0.16064515709877017 0.26145105063915258 0.050641026347875602 1.0000000180025095e-35 1.5000000000000002 0.6937454640865327 0.3722167313098908 0.57979592680931102 0.53907203674316417 1.5000000000000002 0.57189851999282848 0.62658634781837474 0.54910439252853405 0.16869887709617618 8.9894409179687518 0.83467578887939464 0.23570067435503009 8.9894409179687518 0.68674495816230785 0.60072463750839245 9.5042500495910662 0.84717798233032238 0.52870488166809093 0.74176877737045299 0.58571431040763866 1.5000000000000002 0.60265883803367626 0.34552870690822607 0.58287134766578685 0.44563008844852453
decision_type=2 2 2 2 2 2 2 2 2 2 2 2 2 2 2 2 2 2 2 2 2 2 2 2 2 2 2 2 2 2
left_child=1 6 -3 -4 -5 -6 14 8 -2 19 11 13 -8 -7 15 -1 17 -16 20 -10 23 -22 27 24 -19 -25 -26 28 -23 -27
right_child=7 2 3 4 5 10 12 -9 9 -11 -12 -13 -14 -15 16 -17 -18 18 -20 -21 21 22 -24 25 26 29 -28 -29 -30 -31
leaf_value=-0.052045291676031939 -0.050558671762268872 -0.084529841071347575 -0.053468411913255902 0.021999497437931916 -0.061761597321010879 0.15816424608030008 0.048814756441438081 0.0004966739393157209 0.1520456549396203 -0.00053225870757922424 -0.044681561723401438 -0.038578848147945023 0.39920716581931814 0.036284722704133104 -0.059946644752158489 0.0089270790557350078 0.13942521955855955 0.014345791272682391 -0.015169941033120943 0.054596162076255929 -0.073968123986786469 1.3814448325536695 0.086726862721561285 -0.067966668788372805 -0.071239168084160101 0.16364251565507165 0.0347647577887127 0.11583235535288641 0.055941830313851686 0.037277227085171664
leaf_weight=62.734761411802083 16.299492879936224 53.94916702092587 73.168937297600223 170.59608747503671 56.31081933143787 10.90894819309324 2.2935597165051145 5648.7470252597723 15.006323306366538 35.2965089119607 29.423733483105025 19.811910393691505 1.5160473613796055 20.634780212869373 58.34621115541222 1282.7632628763931 8.0905565743378229 133.47167894695122 671.04640147840837 38.614911818561268 4.6576765341378659 0.37855629174737504 17.941381229931721 10.656575537752358 48.577186348062241 6.650319521140772 12.110443668789229 0.78610040649073198 0.51819515779789072 100.63569334616477
leaf_count=11816 19316 75765 56617 49201 43451 434 114 557220 1737 6606 7000 585 113 2330 13438 58371 401 17809 6609 9871 5109 92 429 472 1328 234 171 36 407 1812
internal_value=-2.90884e-05 -0.00231041 -0.0179443 -0.00851224 0.0021785 -0.0224869 0.000494866 0.00110404 0.0337113 0.0491588 0.00489127 0.0332936 0.188255 0.078435 0.000199214 0.0060842 -0.00717436 -0.00828723 -0.00529533 0.0818682 0.0144034 0.0763729 0.112055 0.00958206 -0.00579331 0.0348933 -0.0500857 0.382089 0.615492 0.0451102
internal_weight=8611.94 2857.98 434.804 380.855 307.686 137.09 2423.17 5753.96 105.217 88.9177 80.7794 51.3556 3.80961 31.5437 2419.37 1345.5 1073.87 1065.78 1007.43 53.6212 336.384 24.2819 19.6242 312.102 194.159 117.943 60.6876 1.68285 0.896751 107.286
internal_count=948894 354144 235383 159618 103001 53800 118761 594750 37530 18214 10349 3349 227 2764 118534 70187 48347 47946 34508 11608 27899 6073 964 21826 19308 2518 1499 535 499 2046
is_linear=0
shrinkage=0.1


Tree=213
num_leaves=31
num_cat=0
split_feature=33 43 31 40 31 39 12 2 48 4 48 4 43 4 45 5 24 7 5 30 24 4 30 14 29 43 28 45 19 24
split_gain=2.21544 5.3657 20.7042 11.3089 10.153 12.1461 11.6354 17.7146 11.6691 9.67314 8.04933 7.81174 7.65367 7.63417 11.248 7.60644 6.75685 6.75054 7.58615 6.44004 6.34998 6.29153 6.03322 5.99809 5.9317 8.28562 7.75893 6.06294 5.76803 5.73833
threshold=10.106236934661867 0.48795096576213842 6.4019715785980233 0.96580949425697338 9.3015174865722674 0.76388889551162731 0.46683587133884435 0.9569842815399171 0.59375739097595226 0.96511158347129833 0.064691483974456801 0.73375529050827037 0.37074355781078344 0.28743544220924383 0.0042603313922882089 0.5634920895099641 0.683710277080536 0.60630899667739879 0.72077924013137828 0.98690816760063182 0.20206657797098163 0.23132664710283282 0.46022045612335211 4.5000000000000009 0.73628646135330211 0.94846057891845714 0.78888890147209179 0.13342177867889407 1.0000000180025095e-35 0.27567566931247717
decision_type=2 2 2 2 2 2 2 2 2 2 2 2 2 2 2 2 2 2 2 2 2 2 2 2 2 2 2 2 2 2
left_child=-1 3 21 4 6 15 9 8 11 -2 16 13 -5 14 -8 -6 17 18 19 -4 -10 -3 -18 -19 25 26 -24 -26 -23 -7
right_child=1 2 10 12 5 29 7 -9 20 -11 -12 -13 -14 -15 -16 -17 22 23 -20 -21 -22 28 24 -25 27 -27 -28 -29 -30 -31
leaf_value=-0.00088515252604840172 -0.07362306877762903 -0.010235843506745133 0.050434124840470419 -0.22921044932264112 0.024512051966531587 0.2496719936071497 0.15144687353498415 0.59445132106267262 0.092412587410718311 0.45111578751440673 0.012025074440662703 0.057031550152557259 -0.053294623236827501 -0.033767434098759617 -0.0047569769268544131 -0.0056659819154723599 -0.073437952581699897 -0.049924437671201471 0.17150848785545389 -0.030311540085287539 0.4783575496077358 0.064160557720196701 0.016801179102792968 -0.011721933154714592 -0.0044492893219904572 -0.15229701289749642 0.1485571474082899 -0.091780599498449619 -0.012501193962376221 0.074257993573885642
leaf_weight=6750.0954714196268 35.72290538265861 16.709550696672522 17.244674445479177 3.0917157137209861 136.03320903637086 2.279454667994286 4.76346177374944 0.48694427753798564 1.0705721461345081 0.35479144191776768 487.7783054561005 16.005530411580366 12.362615265927159 118.82448274482704 142.99259924381204 216.36672011918563 10.014363572932778 74.791581711695471 2.9045483513182253 23.12110045258305 0.70839016376339703 91.508388147150981 174.58192097829306 91.231487356639263 142.4441614620373 2.8294108451700586 4.5869570668110091 8.4194362208691 10.993652857265259 10.254468642877326
leaf_count=757400 16383 233 1256 158 17093 136 75 16 431 38 17622 3644 265 67825 25107 4405 119 1905 70 806 163 3847 7528 2101 18366 238 282 597 419 366
internal_value=-4.30378e-05 0.00301228 0.0071895 -0.00389195 -0.00198579 0.00942394 -0.01496 -0.0081836 -0.00921555 -0.0684627 0.00266457 -0.0108228 -0.0884875 -0.0148968 0.000278831 0.00598332 -0.00560435 -0.0197632 0.0154156 0.00418384 0.246097 0.0466629 0.00303826 -0.0289317 0.00533909 0.017493 0.0201743 -0.0093231 0.0559384 0.106159
internal_weight=8610.57 1860.48 1159.16 701.318 685.864 364.934 320.93 284.852 284.365 36.0777 1039.95 282.586 15.4543 266.581 147.756 352.4 552.17 209.293 43.2703 40.3658 1.77896 119.212 342.876 166.023 332.862 181.998 179.169 150.864 102.502 12.5339
internal_count=948894 191494 55389 136105 135682 22000 113682 97261 97245 16421 50890 96651 423 93007 25182 21498 33268 6138 2132 2062 594 4499 27130 4006 27011 8048 7810 18963 4266 502
is_linear=0
shrinkage=0.1


Tree=214
num_leaves=31
num_cat=0
split_feature=47 4 1 8 7 8 46 7 7 3 8 46 7 44 4 43 4 16 10 46 4 45 43 10 46 32 7 7 42 45
split_gain=2.30418 9.27275 21.5531 12.809 13.2325 15.6195 21.1194 12.6146 12.4146 16.2023 12.8103 16.3774 12.4138 11.9524 13.5524 11.5724 11.2384 13.0587 15.2538 12.6703 11.0352 10.8212 10.7181 10.1071 9.72036 11.9827 9.66395 11.5473 13.971 9.67432
threshold=0.93574437499046337 0.49752475321292883 0.6979874074459077 11.500000000000002 0.8019607961177827 4.5000000000000009 0.58622363209724437 0.77459675073623668 0.42980295419692999 0.18561584502458575 41.500000000000007 0.53333333134651195 0.96329966187477123 0.09858217835426332 0.4401834905147553 0.39855805039405828 0.6696164906024934 0.23611111193895343 0.6388918161392213 0.58622363209724437 0.16064515709877017 0.79153263568878185 0.56591773033142101 0.86277851462364208 0.47309051454067236 9.1332817077636737 0.37232102453708654 0.64760348200798046 0.45773808658123022 0.42357672750949865
decision_type=2 2 2 2 2 2 2 2 2 2 2 2 2 2 2 2 2 2 2 2 2 2 2 2 2 2 2 2 2 2
left_child=-1 3 -3 4 5 6 7 -2 10 -10 11 -5 16 14 -11 20 19 -18 -19 -4 -13 -8 -15 -23 25 -14 -7 28 29 -28
right_child=1 2 12 8 -6 26 21 -9 9 13 -12 15 24 22 -16 -17 17 18 -20 -21 -22 23 -24 -25 -26 -27 27 -29 -30 -31
leaf_value=-0.00061092129443705823 0.62023628192999869 0.058903945457932497 -0.042816757008612615 0.19341074048020512 -0.025375034171628563 -0.092104538757445592 0.033454962013691865 0.18907992470133489 0.096412739158457203 -0.025303120192872654 -0.077952166382723273 -0.024479919788193277 0.044032852324078643 -0.052100199114161416 0.36706430391539052 -0.015659908863974042 -0.003117905361270705 0.24004506338859086 0.049058489982787674 0.14298421861753863 0.041595131869527263 0.070208249201536607 0.13182195902852864 0.41629365439758614 -0.35889829266967349 -0.20692813014369321 -0.0076333541590270755 -0.020551964530859983 0.21061741627587663 0.054971466501482505
leaf_weight=7676.5028334080571 1.1654654222253411 93.944774096965375 50.68126990395649 4.5784480716974931 54.865790047917017 7.2954516868394412 13.853021188499044 1.6243565728909743 8.8763207998399576 2.1412330456696504 19.495671611557555 34.054412280163888 4.1026763402114721 132.69143121128207 1.4948584980302255 156.00397621572483 42.859718815812812 5.1745836597692714 21.798934659460429 3.9567336324926137 98.049677735976729 1.7957011250418866 3.2459671832621089 1.5919068759249055 1.400510932066936 3.5478468956971483 36.696654810701148 40.259245476781871 4.6915188628590831 75.399912642347772
leaf_count=747231 158 11825 5175 334 22618 572 1147 210 2257 284 16939 4810 318 76576 79 2268 6198 496 4911 651 14978 673 68 234 163 326 883 15556 738 10218
internal_value=-4.21344e-05 0.00466628 0.0222065 -0.00103451 0.0177375 0.0305669 0.113938 0.369198 -0.0107841 -0.0345911 0.00053662 0.00576471 -0.00361341 -0.0429224 0.136006 0.00278275 0.00460883 0.0311875 0.0856972 -0.0293616 0.024562 0.0726323 -0.0477084 0.232841 -0.116687 -0.0723476 0.0204055 0.025632 0.0415525 0.0344767
internal_weight=8603.84 927.338 227.467 699.871 239.239 184.373 20.0305 2.78982 460.632 148.45 312.182 292.687 133.522 139.573 3.63609 288.108 124.471 69.8332 26.9735 54.638 132.104 17.2406 135.937 3.38761 9.05103 7.65052 164.343 157.047 116.788 112.097
internal_count=948894 201663 30063 171600 53007 30389 2422 368 118593 79264 39329 22390 18238 77007 363 22056 17431 11605 5407 5826 19788 2054 76644 907 807 644 27967 27395 11839 11101
is_linear=0
shrinkage=0.1


Tree=215
num_leaves=31
num_cat=0
split_feature=20 49 11 13 10 49 44 48 29 8 35 48 15 27 40 44 14 13 15 11 2 1 1 13 28 42 1 3 42 47
split_gain=2.20393 2.20619 4.52065 4.35901 4.07876 3.71042 4.67835 20.7355 5.03844 3.59038 3.20016 3.8713 4.94097 2.63015 2.60965 2.4469 2.31121 18.6428 24.9282 10.5699 9.0805 20.3289 14.4383 13.9793 13.0346 12.2901 11.8061 12.4264 11.4628 10.3066
threshold=1.0000000180025095e-35 19.500000000000004 0.60046949982643139 0.092329546809196486 0.89007693529129039 24.500000000000004 0.64572638273239147 0.84870287775993358 0.25260293483734136 14.500000000000002 1.0000000180025095e-35 0.11212676763534547 0.78969484567642223 316.50000000000006 0.55351883172988903 0.38922703266143804 5.5000000000000009 0.48212005198001867 0.73093083500862133 0.76322144269943248 0.7577352523803712 0.8733777403831483 0.78413566946983349 0.57417583465576183 0.55050507187843334 0.81016728281974804 0.93272808194160473 0.89009657502174389 0.9173496961593629 0.27375647425651556
decision_type=2 2 2 2 2 2 2 2 2 2 2 2 2 2 2 2 2 2 2 2 2 2 2 2 2 2 2 2 2 2
left_child=-1 16 3 5 10 -3 7 8 -7 15 11 12 -4 -14 -12 -6 -2 18 -18 -19 23 22 24 -21 25 -22 -23 -28 29 -25
right_child=1 2 4 -5 9 6 -8 -9 -10 -11 14 -13 13 -15 -16 -17 17 19 -20 20 21 26 -24 28 -26 -27 27 -29 -30 -31
leaf_value=-0.10338696826510388 0.0010299663073303868 -0.069499859709796857 0.13153291573899106 -0.11220009944894725 0.12908378770560788 0.96979479634816457 -0.0040058939580392755 1.3187769532745754 -0.037830570438505837 -0.091846361249720204 0.0021304963204775308 -0.063856502100583426 0.082367872945934451 -0.047033458879358343 0.13481383402831221 -0.056733514199997281 -0.00093123348994767093 0.034011772584309173 -0.075123499598911486 -0.046875510529997944 0.022588904123794124 -0.019881543773301754 0.064598836386723812 -0.023516043148534116 -0.02258566424206708 0.14262317397197424 0.070496196727917723 0.0030902539900889863 0.079978775323042206 0.00030638648842500071
leaf_weight=2.0632794245648247 6472.6734671123895 3.4485063749789324 3.5819653507205711 8.7951791564701107 1.4918698788205786 0.053952136094267522 1.7375252679466937 0.15716253872960806 0.61869620159905026 7.2311450710440113 2.4300375446564422 6.2049588795862283 2.1889909801539034 5.5613125927338842 3.8009745198942255 1.3499055424399555 104.2424033679622 87.914543359443996 80.074722689951614 81.845610342323198 45.563096097728703 232.0379488297549 88.06358256180647 237.02446769966991 57.910376544583414 10.494634077927911 31.074692458059872 228.13490339986311 16.024928423190431 776.83281002653894
leaf_count=1392 779886 2103 116 3026 426 104 356 19 1472 443 114 877 80 305 375 68 13940 6358 30965 7403 1469 9123 5757 8358 3190 452 1780 36192 5008 27737
internal_value=-4.70706e-05 -2.22735e-05 -0.0212566 -0.0673331 -0.00109062 -0.00173739 0.0892828 0.284618 0.0429896 -0.0544195 0.02151 -0.000361851 0.0344045 -0.0104854 0.0830685 0.0408165 9.85577e-05 -0.00280371 -0.0331633 0.000152458 -0.00149669 0.00748505 0.034187 -0.00709775 0.0106877 0.0450607 -0.00349647 0.011171 -0.00393658 -0.00526294
internal_weight=8600.63 8598.56 48.6522 14.811 33.8412 6.01584 2.56734 0.829811 0.672648 10.0729 23.7682 17.5372 11.3323 7.7503 6.23101 2.84178 8549.91 2077.24 184.317 1892.92 1805.01 693.279 202.032 1111.73 113.968 56.0577 491.248 259.21 1029.88 1013.86
internal_count=948894 947502 9884 7080 2804 4054 1951 1595 1576 937 1867 1378 501 385 489 494 937618 157732 44905 112827 106469 57963 10868 48506 5111 1921 47095 37972 41103 36095
is_linear=0
shrinkage=0.1


Tree=216
num_leaves=31
num_cat=0
split_feature=27 13 11 45 43 46 10 33 48 32 6 16 42 44 40 11 28 47 8 29 46 5 48 44 43 29 36 10 15 32
split_gain=2.13277 5.55942 5.39858 4.37848 3.32612 4.77849 5.98527 5.01279 5.47845 4.83391 4.57453 5.75555 4.42036 8.39803 4.28086 4.04434 13.1695 7.02436 3.78776 3.66179 3.51705 5.65475 3.58502 4.739 3.45891 3.67337 3.34995 3.67692 3.29653 3.14908
threshold=103.50000000000001 0.62731480598449718 0.94968047738075267 0.69500660896301281 0.45714978873729711 0.48423211276531225 0.87996983528137218 8.2617969512939471 0.14157274365425113 4.9031014442443857 3.5000000000000004 0.23611111193895343 0.9173496961593629 0.55031725764274608 0.89022752642631542 0.72138634324073803 0.074175827205181136 0.91547340154647838 2147483689.0000005 0.18045958131551745 0.020411312580108646 0.78888890147209179 0.93764954805374157 0.80555853247642528 0.74777555465698253 0.47618778049945837 1.0000000180025095e-35 0.97778496146202099 0.77820187807083141 8.7522115707397479
decision_type=2 2 2 2 2 2 2 2 2 2 2 2 2 2 2 2 2 2 2 2 2 2 2 2 2 2 2 2 2 2
left_child=1 2 3 4 10 6 7 8 9 28 11 12 -1 -14 -12 16 17 -13 -11 -8 22 -22 23 -9 -21 -26 27 -27 -6 -3
right_child=-2 29 -4 -5 5 -7 19 20 -10 18 14 15 13 -15 -16 -17 -18 -19 -20 24 21 -23 -24 -25 25 26 -28 -29 -30 -31
leaf_value=-0.032952840787855729 -0.00038640079108852104 -0.0017671577876028884 0.17141985823633743 0.11781369306996708 0.051719069801888465 0.11992120186587572 0.13445219096165542 -0.007712808874997249 0.076699964543960983 0.01317524125223332 0.22598613346335902 0.49678871452671036 0.23436513971034978 -0.019411601856003061 0.02283937131657722 0.0063383086478648156 0.0023557246287378764 0.13438440099646934 0.14760521487240957 -0.057155094119965791 0.019598538296533245 0.14028915406640707 -0.06797212585735736 0.10298453007434978 0.18783749830152144 0.089728436852420212 -0.022275553621164724 0.68511694019070324 -0.050955955006756315 -0.042739914076994998
leaf_weight=59.198189501297747 8212.634197084004 56.785796040483547 2.1555798768313243 3.901614747439452 4.410256833543829 4.5359848850057451 1.4571908050711488 35.795785540256475 30.90978497267497 4.6940750402354734 1.5802666598392523 1.0029281768838727 1.8480422937136598 4.4293931078937021 3.0191175882646348 15.118354016711235 4.4765390501779621 1.1459306631440995 3.7869262833555695 18.279639745742315 50.371930427732877 4.2062646754056905 8.2943106573075038 4.3357772510498753 1.0437733447470261 1.4583519114094059 13.468901198357344 0.11166718445747381 10.746718396127106 28.011362015582563
leaf_count=11170 921490 5266 85 488 190 173 118 1350 880 146 133 55 134 140 104 676 306 134 89 802 1641 115 79 43 78 1206 311 9 443 1040
internal_value=-4.72626e-05 0.00727108 0.0137424 0.0125849 0.0111678 0.0184659 0.016086 0.0244747 0.0489861 0.0127465 -0.00456259 -0.00968827 -0.0244918 0.0552989 0.092637 0.0348886 0.100037 0.303528 0.0732007 -0.0208115 0.0114943 0.0289 -0.00812272 0.00424683 -0.0273957 0.00642885 -0.00616178 0.132075 -0.0210804 -0.0153018
internal_weight=8593.21 380.58 295.783 293.628 289.726 197.907 193.371 157.552 54.5478 23.638 91.8188 87.2194 65.4756 6.27744 4.59938 21.7438 6.6254 2.14886 8.481 35.8195 103.004 54.5782 48.4259 40.1316 34.3623 16.0827 15.0389 1.57002 15.157 84.7972
internal_count=948894 27404 21098 21013 20525 7673 7500 4976 1748 868 12852 12615 11444 274 237 1171 495 189 235 2524 3228 1756 1472 1393 2406 1604 1526 1215 633 6306
is_linear=0
shrinkage=0.1


Tree=217
num_leaves=31
num_cat=0
split_feature=43 28 29 24 40 30 1 10 48 13 3 4 10 24 48 19 6 50 31 42 3 29 43 1 14 37 5 13 3 11
split_gain=2.06458 5.56681 6.83952 4.93829 7.46695 8.01809 7.22052 8.81404 6.0732 5.67275 5.27876 6.35561 5.20444 7.81686 21.345 5.13952 4.96068 7.11714 4.80089 4.79791 4.53963 5.81804 4.51647 6.0043 5.73698 7.14971 4.46963 4.17171 6.14099 4.11607
threshold=0.83338934183120739 0.47727273404598242 0.59709247946739208 0.77551022171974193 0.92907443642616283 0.90542206168174755 0.92677438259124767 0.80778744816780101 0.071445614099502577 0.62731480598449718 0.97894498705863964 0.70051547884941112 0.7560802996158601 0.96019801497459423 0.029411762952804569 1.0000000180025095e-35 2.5000000000000004 7.5000000000000009 6.4588785171508798 0.56465995311737072 0.88762623071670543 0.74045652151107799 0.92581573128700267 0.94166928529739391 17.500000000000004 1.0000000180025095e-35 0.72077924013137828 0.64852941036224376 0.88762623071670543 0.76961538195610057
decision_type=2 2 2 2 2 2 2 2 2 2 2 2 2 2 2 2 2 2 2 2 2 2 2 2 2 2 2 2 2 2
left_child=-1 2 19 4 5 10 7 9 26 15 11 -3 13 -5 -15 -7 17 -14 -9 -2 -13 -22 -18 -24 27 -26 -8 -25 -29 -28
right_child=1 3 -4 12 -6 6 8 18 -10 -11 -12 20 16 14 -16 -17 22 -19 -20 -21 21 -23 23 24 25 -27 29 28 -30 -31
leaf_value=-0.00047157492071729212 0.12910030166854997 -0.060731634092870246 -0.088059512084297423 0.068532620115195397 0.091160501120579274 -0.052535715635239337 0.010850003003789244 -0.071293369140462956 -0.01702061727450754 -0.027908759410375461 0.089904159964155406 0.071610546501871805 0.026036179898917933 0.10052444270815948 -2.0448476712398613 -0.18587980073030769 -0.017244796354036428 -0.40635501774327915 0.020374283973972149 -0.012299149315421547 -0.0098334867202183943 0.096990283178169046 -0.049435744208419743 0.14046570232187461 -0.64709952291851769 -0.031928204685322405 -0.065093350462694224 -0.71473025949771996 0.041550717984248448 0.075528121546120264
leaf_weight=7987.1225161292423 2.5025853710685615 7.199383429819135 12.366541969640819 13.810127957916844 13.590138618077615 6.1555920135724573 27.411910840011842 6.6005970620899452 26.464012029879086 20.832858931142255 17.429302827393258 24.094284700768185 54.908688013931169 0.15860308634546605 0.06553978705778718 5.4494288966525346 170.31934651648226 0.38333043863531102 42.503274600407167 58.370485961593658 23.510002836308562 6.5103474094794356 8.3290700202396675 4.9850978523372822 0.25022932551655575 0.77119538859915338 2.2366583155016988 0.10802349205187312 17.676880665278077 30.008939736464527
leaf_count=855075 149 258 427 5280 8820 151 1167 245 1268 606 5133 894 14042 649 50 56 24411 12 2300 2995 852 247 1328 1997 32 491 132 18 18029 1780
internal_value=-4.49474e-05 0.0055873 -0.0202597 0.00914721 0.0189996 0.0150197 0.00265748 -0.0186696 0.0228504 -0.0591206 0.0413419 0.0275374 -0.000278528 0.0590247 -0.526786 -0.115151 -0.00350777 0.0230385 0.00805222 -0.006486 0.0392807 0.0133328 -0.0107583 0.0236365 0.0492181 -0.182633 0.0405372 0.0596186 0.0369572 0.0657742
internal_weight=8592.12 605.002 73.2396 531.763 259.997 246.407 167.663 81.5418 86.1215 32.4379 78.7433 61.314 271.766 14.0343 0.224143 11.605 257.732 55.292 49.1039 60.8731 54.1146 30.0204 202.44 32.1205 23.7914 1.02142 59.6575 22.77 17.7849 32.2456
internal_count=948894 93819 3571 90248 23909 15089 7705 3358 4347 813 7384 2251 66339 5979 699 207 60360 14054 2545 3144 1993 1099 46306 21895 20567 523 3079 20044 18047 1912
is_linear=0
shrinkage=0.1


Tree=218
num_leaves=31
num_cat=0
split_feature=6 4 31 2 29 8 29 29 47 42 7 5 4 29 30 52 2 32 30 32 29 49 45 40 41 4 47 29 42 15
split_gain=2.07121 12.9236 13.0929 20.2527 15.2142 17.9356 14.1622 13.1101 21.7278 12.6866 12.7656 12.5191 22.0108 18.466 21.5817 15.1943 16.05 19.8365 26.4184 18.1862 37.2137 14.6099 14.5096 17.9431 18.2117 16.5803 13.7116 13.1398 12.0315 11.93
threshold=2.5000000000000004 0.9547502100467683 8.8637833595275897 0.79431912302970897 0.47926239669322973 3.5000000000000004 0.33754192292690283 0.4551824033260346 0.24463266134262088 0.60107529163360607 0.74388790130615245 0.58571431040763866 0.94174206256866466 0.4422652274370194 0.75999674201011669 0.82167318463325512 0.89386734366416942 1.5308482050895693 0.98690816760063182 2.460000872612 0.62398940324783336 5.5000000000000009 0.28972250223159796 0.82891982793807995 0.91545841097831737 0.9547502100467683 0.078607976436615004 0.29218481481075292 0.68237254023551952 0.63182720541954052
decision_type=2 2 2 2 2 2 2 2 2 2 2 2 2 2 2 2 2 2 2 2 2 2 2 2 2 2 2 2 2 2
left_child=1 2 -1 6 -5 -6 -4 -8 -9 10 -10 12 13 14 27 -13 17 18 26 20 -19 -18 23 24 -21 -24 -17 -2 -29 -25
right_child=11 -3 3 4 5 -7 7 8 9 -11 -12 15 -14 -15 -16 16 21 19 -20 22 -22 -23 25 29 -26 -27 -28 28 -30 -31
leaf_value=-0.00031601384453180091 0.042977057832284005 -0.019983443247623335 0.043935593447963286 0.060296101473602495 -0.042954484111072361 0.028722151438305768 -0.02988435913263366 -0.0096570370183452544 0.023187040365285509 0.017135983074351505 0.13150538583986718 0.010447233057484701 0.066574175538892597 -0.042402259392192727 0.064740779980831095 0.093553905799749176 0.0036614347939456886 0.12422831984137689 -0.015496658851139017 -0.066832609863733558 -0.099542635202496149 -0.034082239193336548 -0.060254512448714492 -0.038731676626259377 0.079461937428246199 0.11882038533405588 0.013908260591667927 0.020532382376902882 -0.057798813064322919 0.043596491354384009
leaf_weight=3426.5392638558624 26.705662618549923 267.39628000893208 70.940354246232346 120.17173671785713 41.547049201642949 218.56921311355654 141.22356335031236 301.1043508192306 19.756980410125834 88.612178650058922 24.216144339407037 1025.1363690348853 28.717330582207069 230.27530787671731 40.588765020154824 36.850915624738263 1588.2159344955544 8.304063448969826 286.68366058002903 54.089743354888924 70.753818258555839 109.63452862597387 97.436763997285198 23.017276298785873 10.097917146813414 5.4601227632392684 52.282162786308618 27.099786580530235 70.937591521311788 74.801959507029096
leaf_count=604261 4229 29075 24038 4637 1598 8981 15507 9927 1567 4371 1292 57153 1434 11053 2769 2516 98880 400 12098 1404 2796 17221 9377 732 547 505 4821 4458 7717 3530
internal_value=-3.65943e-05 0.00136915 0.00265143 0.0125605 0.0308688 0.0172736 0.00178023 -0.00342145 0.00519574 0.0389268 0.0828383 -0.00175241 -0.0179593 -0.0240956 0.00140199 0.000245109 -0.00408085 -0.0165948 -0.000712948 -0.0339474 -0.0760382 0.00122423 -0.0213858 -0.00273416 -0.0438177 -0.0507521 0.0468367 -0.0192071 -0.0361463 0.0242243
internal_weight=8587.17 4720.08 4452.68 1026.14 380.288 260.116 645.854 574.913 433.69 132.585 43.9731 3867.09 424.324 395.607 165.332 3442.77 2417.63 719.778 375.817 343.962 79.0579 1697.85 264.904 162.007 64.1877 102.897 89.1331 124.743 98.0374 97.8192
internal_count=948894 705254 676179 71918 15216 10579 56702 32664 17157 7230 2859 243640 31660 30226 19173 211980 154827 38726 19435 19291 3196 116101 16095 6213 1951 9882 7337 16404 12175 4262
is_linear=0
shrinkage=0.1


Tree=219
num_leaves=31
num_cat=0
split_feature=14 13 24 45 33 32 42 41 11 29 43 8 1 27 17 7 1 4 52 43 42 13 10 16 11 49 4 10 40 12
split_gain=2.13681 13.5579 9.58931 7.56473 8.55786 6.36913 7.94057 7.00915 6.34159 5.98775 6.02699 5.23138 4.75422 4.36658 4.32521 4.32448 9.15363 7.64202 6.08018 5.20984 6.07167 8.11186 7.01679 5.09253 4.84567 4.62896 4.52035 4.43713 4.23567 5.13925
threshold=11.500000000000002 0.67333334684371959 0.47452023625373846 0.82335013151168834 6.2272124290466317 9.3015174865722674 0.94494947791099559 0.9547502100467683 0.957820624113083 0.11519536375999452 0.76680690050125133 17.500000000000004 0.83079522848129284 508.50000000000006 3.5000000000000004 0.57019704580307018 0.74306172132492077 0.59207093715667736 0.59594926238060009 0.67962718009948742 0.34851622581481939 0.94201681017875682 0.97158843278884899 0.41428571939468389 0.99825781583786022 1.0000000180025095e-35 0.13446327298879626 0.8107104003429414 0.96039214730262767 0.9190867841243745
decision_type=2 2 2 2 2 2 2 2 2 2 2 2 2 2 2 2 2 2 2 2 2 2 2 2 2 2 2 2 2 2
left_child=-1 -2 3 15 -5 6 8 9 -4 -7 11 -11 -13 -10 -15 23 17 18 19 20 21 -17 -22 25 27 -3 -26 -25 -8 -30
right_child=1 2 5 4 -6 7 28 -9 13 10 -12 12 -14 14 -16 16 -18 -19 -20 -21 22 -23 -24 24 26 -27 -28 -29 29 -31
leaf_value=0.00035999501072616681 -0.071542332163442246 0.17783826938244279 -0.010721782265029053 0.17689396486697617 -0.030468071641014116 -0.048541795625967499 0.10974799455927653 -0.06139128503438377 -0.032170016703005504 0.03460250994081962 -0.0026456713744437872 0.19291166964832546 0.070315007081072231 -0.072193695988505405 -0.23836120308714165 0.020096160588099658 -0.054865145524946229 0.18228735847596905 -0.10482187750161716 0.18552065374631199 0.047680176603197941 0.17759928410089657 -0.082824573949768276 0.022315063870676013 -0.053138714831151984 -0.0081708152527575836 0.041602839004217407 -0.049642402963816751 -0.62142829502330887 0.00051711661825810885
leaf_weight=8049.4639289865736 29.973367598873665 2.9350111153544267 203.06300112818826 6.0436484892561548 2.9674676478243782 7.2909439296199698 7.3915262190530466 8.9856489526573551 64.64868823039069 13.434008996351622 14.178125403588636 5.6138224497553892 7.2459928630851209 14.523391876784446 1.7558216373654421 6.9903492733574257 8.9781100771142501 4.325832312089914 2.6264229946973492 2.7322659182827911 12.628512502298692 6.1440166111278813 6.1147588164894833 11.891247298175584 6.3186012925580171 2.4585706576908706 24.810777777573094 30.675918347740662 0.13841044628861743 3.3132803210883139
leaf_count=921238 2207 101 7606 226 126 519 1975 124 3821 218 239 86 114 864 142 287 371 134 145 55 542 115 190 268 92 85 470 542 194 5798
internal_value=-4.14274e-05 -0.00625298 -0.00226105 0.0200112 0.108607 -0.0110438 -0.0169487 0.019635 -0.0201554 0.0348785 0.0499065 0.0782436 0.123833 -0.0438263 -0.090116 0.0138525 0.0367009 0.0564807 0.0418654 0.052997 0.0416383 0.0937732 0.00510463 -0.000748098 -0.00761278 0.0930493 0.0223723 -0.0295409 0.0670379 -0.0244225
internal_weight=8569.66 520.198 490.224 138.642 9.01112 351.583 294.834 56.7485 283.991 47.7629 40.4719 26.2938 12.8598 80.9279 16.2792 129.63 50.5403 41.5622 37.2363 34.6099 31.8776 13.1344 18.7433 79.0901 73.6965 5.39358 31.1294 42.5672 10.8432 3.45169
internal_count=948894 27656 25449 3749 352 21700 20400 1300 12433 1176 657 418 200 4827 1006 3397 1839 1468 1334 1189 1134 402 732 1558 1372 186 562 810 7967 5992
is_linear=0
shrinkage=0.1


Tree=220
num_leaves=31
num_cat=0
split_feature=45 44 13 11 15 42 15 15 45 27 7 33 7 13 12 45 11 10 12 3 49 33 6 50 42 33 45 3 1 7
split_gain=2.14123 4.12661 4.27503 3.77067 4.1452 4.32883 3.99391 3.43707 3.7626 3.7033 4.33661 3.75523 3.76645 2.7315 5.54441 5.86807 8.59914 2.72297 3.37021 3.09465 3.21565 3.64554 3.09265 4.08703 3.2995 2.99901 2.57349 6.97358 13.2898 9.56553
threshold=0.95565277338027965 0.30742110311985021 0.68990385532379161 0.88937833905220043 0.8825557827949525 0.59359359741210949 0.98952850699424755 0.47765946388244634 0.96657800674438488 182.50000000000003 0.66939890384674083 7.9819889068603525 0.87939393520355236 0.48212005198001867 0.82621711492538463 0.96122467517852794 0.79256790876388561 0.6124536693096162 0.96674564480781566 0.90803381800651561 4.5000000000000009 6.4274587631225595 2.5000000000000004 1.0000000180025095e-35 0.9761769473552705 7.1627221107482919 0.47446011006832128 0.26158231496810919 0.61116337776184093 0.17192118614912036
decision_type=2 2 2 2 2 2 2 2 2 2 2 2 2 2 2 2 2 2 2 2 2 2 2 2 2 2 2 2 2 2
left_child=26 -2 7 -4 -5 6 -6 8 -3 10 -10 -12 -13 -9 -15 16 -16 19 -19 -11 21 22 23 -21 -24 -23 -1 28 29 -28
right_child=1 2 3 4 5 -7 -8 13 9 17 11 12 -14 14 15 -17 -18 18 -20 20 -22 25 24 -25 -26 -27 27 -29 -30 -31
leaf_value=-0.00070297722659009372 -0.0854182223585985 -0.055556372630457207 0.17480546085750301 -0.12021957189428351 0.16963030493215558 -0.078574065535501766 -0.0045157448111098671 -0.070424253123072475 0.26190862125297493 -0.044320456607178337 -0.017140460901814217 -0.0071805505001165358 0.30872640111890459 0.22577451102920826 0.68110556742268646 -0.064437829285811932 0.0078634342183909103 0.094796151966265507 -0.21945518505708203 -0.0023313838720512392 -0.03909550661086806 0.26273459501753854 -0.052221191763561284 0.31252652753538357 0.1344682777309921 0.071301933133302672 -0.073180540931855706 0.00088422788939415741 0.16964154264693085 0.019884118239760589
leaf_weight=6877.1097325639366 7.5882970789193669 11.053778451650031 1.9823482744250203 1.6604009956427015 3.2620705688605085 1.8238087601203004 2.2086089371714479 16.875900947358335 1.1025451698260429 15.615749726942338 3.343912420498782 0.66644686640938722 0.87021504981748876 0.96015322523817115 0.26954671216662962 6.2832764144441171 0.64061396642864565 4.3357958437500193 0.37043085484037863 0.99784303372871519 7.1666232037314321 1.0810798929378496 5.9391437560261693 0.70251858888877905 1.1262091262906322 3.3675465284541133 11.588802985661912 1337.4658022675194 5.7241099628317889 235.07154922370819
leaf_count=427823 1964 3608 132 93 166 53 144 43414 139 8717 321 111 94 413 55 2911 224 1528 30 213 1061 106 452 71 104 222 2656 404095 751 47223
internal_value=-3.76369e-05 -0.0144905 -0.00874687 0.0500109 0.0223851 0.0548453 0.0993245 -0.0165112 -0.00309443 0.00932689 0.0827867 0.0423222 0.171718 -0.0474619 6.43427e-05 -0.0300626 0.207246 -0.00147132 0.0700612 -0.0108235 0.0148416 0.0440937 0.00667596 0.127755 -0.0224631 0.117823 0.000135271 0.00376123 0.0190074 0.0155117
internal_weight=8568.25 101.295 93.7066 10.9372 8.95489 7.29449 5.47068 82.7693 57.7398 46.6861 5.98312 4.88057 1.53666 25.0295 8.15359 7.19344 0.910161 40.7029 4.70623 35.9967 20.381 13.2143 8.76571 1.70036 7.06535 4.44863 8466.96 1589.85 252.384 246.66
internal_count=948894 66346 64382 588 456 363 310 63794 16777 13169 665 526 205 47017 3603 3190 279 12504 1558 10946 2229 1168 840 284 556 328 882548 454725 50630 49879
is_linear=0
shrinkage=0.1


Tree=221
num_leaves=31
num_cat=0
split_feature=43 13 11 27 10 10 32 45 1 7 8 42 49 10 49 7 15 28 43 51 8 1 1 38 27 32 29 45 31 5
split_gain=2.08388 5.1136 6.22929 5.83364 5.47564 4.90988 4.81562 4.01489 4.6646 3.8429 7.44067 7.37724 7.78553 6.25826 6.00442 5.2548 5.91115 5.12951 4.50249 4.4649 4.242 4.25541 8.0093 4.1892 4.20042 4.12423 3.84458 3.75809 4.62323 6.17456
threshold=0.80111765861511242 0.35388994216918951 0.81093534827232372 191.50000000000003 0.86277851462364208 0.71615448594093334 2.460000872612 1.0000000180025095e-35 0.9294118881225587 0.67694497108459484 2147483689.0000005 0.64565756916999828 4.5000000000000009 0.84428429603576671 1.0000000180025095e-35 0.66939890384674083 0.81857365369796764 0.47727273404598242 0.92243826389312755 0.40862707793712622 12.500000000000002 0.91090327501297008 0.78951656818389904 1.0000000180025095e-35 337.50000000000006 3.9326750040054326 0.77073273062706005 0.051076278090476997 9.7596631050109881 0.72077924013137828
decision_type=2 2 2 2 2 2 2 2 2 2 2 2 2 2 2 2 2 2 2 2 2 2 2 2 2 2 2 2 2 2
left_child=-1 2 3 6 -4 -3 -2 8 -6 10 20 14 13 18 23 16 26 -16 -13 -11 21 22 -7 24 -12 -24 -15 -18 29 -29
right_child=1 5 4 -5 7 9 -8 -9 -10 19 11 12 -14 15 17 -17 27 -19 -20 -21 -22 -23 25 -25 -26 -27 -28 28 -30 -31
leaf_value=-0.00057666586609333938 -0.096313761294425315 0.042158697911338958 0.099263404207758713 0.028458324106784495 0.20424335741909633 0.14121875726142999 0.086236121668188129 -0.032771096207247774 0.029664281970315027 -0.20682135138423835 -0.27665568532222679 -0.010385494398978359 0.12390895659884416 0.21701579550998706 0.13434082079610074 0.22954352354458962 -0.0038598149934411571 -0.047459500932505061 -0.12729461641733272 -0.001811513892944483 0.11324834622815666 0.10674078826357253 -0.10313868324303682 -0.02523599058081042 -0.082562383238845585 0.043425901710191672 0.035591591387770467 -0.030744306460794242 0.15875054077536555 0.21489708405295105
leaf_weight=7657.3499099924938 8.2580881015965151 29.9335341824426 17.662905558776401 20.916435014909439 1.8907161566821766 2.8859952914062914 1.7515772034239478 7.8536157016424104 8.0330659771352639 1.0640003368171154 2.3854758369998299 37.668809677677928 6.1549245288624652 2.5311523923446648 2.0691199122229573 1.3247563640034048 28.762582151626702 6.2096375458932016 3.6099448441600535 679.37951284198971 10.438283354560555 5.1949719386066127 5.4788728227758821 2.5433588246814907 2.0935256041993853 2.9556623267599207 2.168931726118899 5.2560330851847521 3.5598697977839038 1.2706920382915994
leaf_count=835245 614 5581 712 1478 47 80 60 364 564 37 128 895 428 103 120 101 2150 233 119 94104 1928 2219 204 34 81 409 143 369 290 54
internal_value=-3.86779e-05 0.00448183 0.03121 -0.00158674 0.0598293 0.00238244 -0.0643696 0.0206492 0.0629257 0.000921537 0.0163628 0.00459407 0.0152543 0.00749178 -0.0597162 0.0333416 0.0273732 -0.00202193 -0.0206095 -0.00213209 0.0633476 0.0318089 -0.00257715 -0.127733 -0.185935 -0.051779 0.133295 0.0145586 0.0670797 0.0170798
internal_weight=8568.66 911.306 66.3664 30.9261 35.4403 844.94 10.0097 17.7774 9.92378 815.006 134.563 107.609 92.3077 86.1528 15.3011 44.874 43.5493 8.27876 41.2788 680.444 26.9538 16.5155 11.3205 7.02236 4.479 8.43454 4.70008 38.8492 10.0866 6.52673
internal_count=948894 113649 3839 2152 1687 109810 674 975 611 104229 10088 5248 4652 4224 596 3210 3109 353 1014 94141 4840 2912 693 243 209 613 246 2863 713 423
is_linear=0
shrinkage=0.1


Tree=222
num_leaves=31
num_cat=0
split_feature=44 45 48 43 49 33 30 1 49 33 44 48 47 48 45 41 3 28 32 40 2 4 6 42 4 30 52 19 29 21
split_gain=2.06132 6.6827 7.03691 10.1499 6.58107 6.73302 10.4609 8.82504 6.95334 8.632 5.73649 6.83735 5.62255 5.28824 7.40011 5.46747 5.22304 5.16764 7.26473 7.48261 8.78106 4.85866 9.97615 8.3567 9.85814 9.83557 11.8023 10.6491 10.7057 8.50818
threshold=0.84534624218940746 0.31453460454940801 0.88944441080093395 0.49999992549419409 4.5000000000000009 8.9894409179687518 0.89529293775558483 0.96192932128906261 1.5000000000000002 8.0847110748291033 0.99803921580314647 0.93764954805374157 0.095306485891342177 0.96881943941116344 0.34188887476921087 0.95293468236923229 0.90070420503616344 0.47727273404598242 4.0349172353744516 0.91331183910369884 0.74646767973899852 0.96511158347129833 4.5000000000000009 0.95553359389305126 0.65485891699790966 0.45385845005512243 0.92031747102737438 1.0000000180025095e-35 0.78849154710769664 1.0000000180025095e-35
decision_type=2 2 2 2 2 2 2 2 2 2 2 2 2 2 2 2 2 2 2 2 2 2 2 2 2 2 2 2 2 2
left_child=21 2 3 -2 5 6 7 13 9 -9 11 12 -8 14 -3 -16 -7 18 -18 20 -20 23 -23 -1 -25 -26 27 -27 -29 -28
right_child=1 4 -4 -5 -6 16 10 8 -10 -11 -12 -13 -14 -15 15 -17 17 -19 19 -21 -22 22 -24 24 25 26 29 28 -30 -31
leaf_value=-0.0005266902508395604 -0.059101644734316783 0.21704506054983891 -0.046308057280325485 0.17747863556786933 -0.021941753696721442 0.022754839913804222 0.050777195232945195 0.041867528979520258 -0.031268395779683288 0.18972310967853087 0.090496589039479727 0.01490840818326163 0.18755471095729448 -0.042542625495376324 -0.0055236682653992345 0.25238799210944374 -0.1001477624579169 -0.0081404032488433548 0.0044433365053280077 0.018401442868864856 0.42345345469968071 -0.01147790254606873 0.030204072523804006 0.088530079633690736 -0.061369168250995469 0.096660637453366283 -0.0097837062919262346 -0.01918408720878137 0.13973596332699034 0.024535618493084478
leaf_weight=6639.7701656753825 3.5929675151783149 1.5902149142057158 42.228079044842161 3.6614904007874429 69.581550896849876 82.782420244663626 55.144487604586175 22.719272850081328 9.6050246885279176 4.7791319774987633 18.20989619079046 97.041086008888669 3.1786506765201912 41.268856895843783 55.457774339834032 0.83431382218259287 1.539201771840452 258.43968626003334 0.7585429554783335 2.1252938971592812 1.4682257473941716 704.52929260282963 62.515535588559942 17.256252855004277 17.776270258249497 30.563459017323112 150.99246081678029 22.350493069163353 5.2310585442755828 138.49470749466673
leaf_count=765068 78 62 871 89 7378 16157 1373 478 333 71 407 2247 133 3463 6183 28 61 3657 166 69 77 81462 7632 2805 1963 3559 23907 1132 141 17844
internal_value=-3.43186e-05 0.00488062 -0.0306778 0.0603058 0.00730246 0.0103999 0.0211155 0.000376362 0.0419794 0.0675643 0.0373956 0.0311718 0.0582317 -0.0151919 0.00430855 -0.00170112 0.00083533 -0.00602936 0.0865785 0.152618 0.280719 -0.000523957 -0.00808075 0.000301454 0.0146709 0.011183 0.0148929 0.0560061 0.0109564 0.00663514
internal_weight=8565.49 776.006 49.4825 7.25446 726.524 656.942 309.829 136.255 37.1034 27.4984 173.574 155.364 58.3231 99.1512 57.8823 56.2921 347.113 264.331 5.89126 4.35206 2.22677 7789.48 767.045 7022.43 382.665 365.408 347.632 58.145 27.5816 289.487
internal_count=948894 43381 1038 167 42343 34965 14778 10618 882 549 4160 3753 1506 9736 6273 6211 20187 4030 373 312 243 905513 89094 816419 51351 48546 46583 4832 1273 41751
is_linear=0
shrinkage=0.1


Tree=223
num_leaves=31
num_cat=0
split_feature=35 16 14 17 39 16 39 39 16 37 16 16 39 16 47 16 12 15 39 43 45 48 21 45 30 29 48 46 14 11
split_gain=2.00057 10.818 12.8655 12.1166 10.2749 19.065 19.6265 12.163 35.0478 26.7347 24.8709 17.5378 11.715 33.9943 14.5318 11.0956 10.9571 16.0111 10.9548 10.6888 8.99152 13.9952 8.47497 8.38427 9.79083 8.09296 7.732 8.42341 7.58051 7.27289
threshold=1.0000000180025095e-35 0.58571431040763866 11.500000000000002 2.5000000000000004 0.35416667163372045 0.31666667759418493 0.26785714924335485 0.88194444775581371 0.38750000298023229 1.0000000180025095e-35 0.44949495792388922 0.26136364042758947 0.53571429848670971 0.64583334326744091 0.22611939907073977 0.23611111193895343 0.78100872039794933 0.82842713594436657 0.21111111342906955 0.42161169648170477 0.21625307202339175 1.0000000180025095e-35 1.0000000180025095e-35 0.61205512285232555 0.88144713640213024 0.68066710233688366 0.084857046604156508 0.46428568661212927 5.5000000000000009 0.8007490634918214
decision_type=2 2 2 2 2 2 2 2 2 2 2 2 2 2 2 2 2 2 2 2 2 2 2 2 2 2 2 2 2 2
left_child=1 3 -3 -1 5 6 15 9 -9 10 11 20 14 -14 19 18 17 -13 -2 25 -6 -22 29 -7 -25 -12 27 -15 -11 -18
right_child=4 2 -4 -5 7 23 -8 8 -10 28 12 16 13 26 -16 -17 22 -19 -20 -21 21 -23 -24 24 -26 -27 -28 -29 -30 -31
leaf_value=0.00016482931051793991 0.052323275016520079 0.041548090170355392 -0.0014229841901528871 -0.094255997287282026 0.12437003646615415 0.10979353713861682 -0.10770600943100275 0.098591547754870432 -0.0023640857698545895 -0.15243041879017744 0.027263636788175449 -0.052507747520721453 -0.10564365518263441 0.039947799090679595 0.003695017863135492 0.098794526377202346 0.020031979209343773 0.094374532592601881 -0.11911376857067819 0.084037984108338556 0.58463679990994455 -0.083689015782835802 -0.093021545261697522 -0.026421749977530024 0.27871868238306735 -0.20146668343921742 0.088215020137153724 -0.10244950742726616 -0.063691136548289881 -0.06119854943328628
leaf_weight=6233.6218121513029 8.2207336274827849 139.56272027632804 139.13662471257339 13.620504658681964 9.0949452314671344 28.925426613765012 14.790311864811427 35.201405066701227 1487.0736900699217 14.654001717665322 4.6647404194436595 20.977545874306998 29.364194969337404 13.421185098966818 111.59343510374083 13.7859738804882 15.426709758370633 11.484182924689319 6.819120081227994 47.007180144624726 0.33493957965401833 4.8566458710793086 58.120831169821031 9.6772052636133576 1.1797137075991475 2.3143670531771932 16.996077564246661 6.01638690882828 28.058659489397542 38.605176351506088
leaf_count=669537 1818 7231 4847 852 226 1736 5083 5439 203633 952 256 6646 1249 711 13097 1584 810 2868 1957 5932 19 3993 2002 2676 40 106 1109 162 1184 1139
internal_value=-3.5307e-05 0.000818923 0.0200954 -4.1031e-05 -0.00276977 0.0316049 -0.0140577 -0.00423596 -2.95668e-05 -0.0190245 -0.0108041 -0.041266 0.0101158 -0.0255793 0.0243003 0.0339925 -0.0517079 -0.000544311 -0.0254069 0.0668929 0.0644319 -0.0405714 -0.0665168 0.081668 0.00673483 -0.0485865 0.0389497 -0.00412753 -0.0941361 -0.0380063
internal_weight=8564.61 6525.94 278.699 6247.24 2038.66 83.3985 43.6161 1955.27 1522.28 432.991 390.279 158.901 231.378 65.7978 165.58 28.8258 144.614 32.4617 15.0399 53.9863 14.2865 5.19159 112.153 39.7823 10.8569 6.97911 36.4336 19.4376 42.7127 54.0319
internal_count=948894 682467 12078 670389 266427 14894 10442 251533 209072 42461 40325 17703 22622 3231 19391 5359 13465 9514 3775 6294 4238 4012 3951 4452 2716 362 1982 873 2136 1949
is_linear=0
shrinkage=0.1


Tree=224
num_leaves=31
num_cat=0
split_feature=13 30 32 1 6 32 43 13 32 29 49 29 32 1 7 32 10 44 44 3 18 29 29 5 42 29 48 31 42 48
split_gain=1.98875 11.2205 22.6641 15.4308 13.5156 14.5238 12.2458 10.877 10.6393 16.6482 15.0788 17.5247 16.6241 13.1598 12.8339 12.1407 10.3985 10.0826 10.766 9.99474 9.97486 9.88187 9.83654 16.4758 15.5134 13.4975 11.3624 18.2883 10.4699 10.2888
threshold=0.18019481003284457 0.74588167667388927 4.8667016029357919 0.84540036320686351 2.5000000000000004 5.4074120521545419 0.41670577228069311 0.10435571894049646 4.110708713531495 0.5219152867794038 1.0000000180025095e-35 0.41845747828483587 1.7195520401000979 0.9147632122039796 0.95505049824714672 3.2679439783096318 0.73921608924865734 0.7429872751235963 0.51468691229820263 0.93582704663276683 1.0000000180025095e-35 0.7316400706768037 0.87203124165534984 0.64583334326744091 0.91068580746650707 0.53146395087242138 0.52696588635444652 6.4274587631225595 0.78086891770362865 0.56888017058372509
decision_type=2 2 2 2 2 2 2 2 2 2 2 2 2 2 2 2 2 2 2 2 2 2 2 2 2 2 2 2 2 2
left_child=1 3 8 7 16 -6 -7 -1 10 13 11 -3 -13 -10 -14 -16 20 18 22 -15 -5 -4 23 -12 25 -25 -27 28 -28 -30
right_child=-2 2 21 4 5 6 -8 -9 9 -11 17 12 14 19 15 -17 -18 -19 -20 -21 -22 -23 -24 24 -26 26 27 -29 29 -31
leaf_value=-0.057735215286093801 0.0010680541804883737 0.19927403305812619 0.085867522549940914 0.0080950708687971325 -0.063825156708497879 0.0084145408571257834 -0.048940556737448238 -0.0031032944018366082 -0.035374848956270376 -0.039800745462365249 -0.0088497157690826632 0.027907238119647529 -0.00046320896159658139 0.30787118151754822 -0.12677829652153391 0.066903841534348127 0.09501663106373498 0.0046853838733919087 -0.024758305244591772 0.055477447085380244 -0.044268323765879143 0.002416596190283568 -0.010018497931186789 0.59861979472008275 -0.06612785763560379 0.047015714152254834 0.56948896593005205 0.059209371478870079 0.51049693982738853 0.15824368024190058
leaf_weight=109.18934139402904 5614.3321933038442 5.1763562414998878 44.965094365961704 365.47001502683406 66.482918641602737 122.79599491416957 53.420211662516522 54.700072633703485 4.8501595123416319 113.93931462567434 52.519162022351338 329.45802200767139 168.87967743830814 3.1950684804251068 15.416905875845261 4.0963691258439203 12.631107100572079 707.32526719895577 346.23261130806895 3.0828163197365939 40.400523503838031 20.732427504332009 253.39463036275538 0.54128292273526213 6.4349317135893207 19.800293570537178 1.121186411324741 7.3151639279531082 1.0471505024288488 3.9837529473370523
leaf_count=87936 574536 224 1290 46455 9742 12627 2189 54213 405 3591 12539 11383 3974 97 372 155 2210 24371 31417 71 25392 441 37099 105 666 3726 150 707 276 535
internal_value=-3.51439e-05 -0.00214286 0.00171802 -0.0120327 -0.00522416 -0.0239985 -0.00897274 -0.0395012 -0.00013678 -0.0283987 0.00170155 0.0161886 0.0143585 0.0883464 -0.00933524 -0.0861191 0.00566356 -0.00371178 -0.0122901 0.183931 0.0028828 0.0595326 0.000180861 0.0280418 0.0761862 0.103273 0.0952137 0.166077 0.293148 0.231563
internal_weight=8552.93 2938.6 2113.51 825.09 661.201 242.699 176.216 163.889 2047.81 125.067 1922.74 523.027 517.851 11.128 188.393 19.5133 418.502 1399.72 692.39 6.27788 405.871 65.6975 346.158 92.7629 40.2438 33.8088 33.2675 13.4673 6.15209 5.0309
internal_count=948894 374358 133594 240764 98615 24558 14816 142149 131863 4164 127699 16108 15884 573 4501 527 74057 111591 87220 168 71847 1731 55803 18704 6165 5499 5394 1668 961 811
is_linear=0
shrinkage=0.1


Tree=225
num_leaves=31
num_cat=0
split_feature=20 4 44 44 48 1 30 2 48 5 14 11 10 15 16 35 10 19 11 14 4 30 43 51 50 39 37 43 16 10
split_gain=1.96496 1.95469 2.17824 1.97618 10.2682 8.00967 7.21095 11.1791 6.83209 14.2512 12.5651 7.82255 17.5422 22.365 17.6914 14.0312 12.1411 11.9091 17.3874 12.9067 14.0542 11.8602 11.9301 15.6249 11.684 14.261 14.3517 16.0748 11.2104 11.1403
threshold=1.0000000180025095e-35 1.0000000180025095e-35 0.80555853247642528 0.05401206016540528 0.18248233199119571 0.50969922542572033 0.90542206168174755 0.87428161501884472 1.0000000180025095e-35 0.58571431040763866 7.5000000000000009 0.64449709653854381 0.75789955258369457 0.44865803420543676 0.23611111193895343 1.0000000180025095e-35 0.55188807845115673 1.0000000180025095e-35 0.70712649822235119 4.5000000000000009 0.47856706380844122 0.9032181203365327 0.50000008940696727 0.95040985941886913 1.0000000180025095e-35 0.73214286565780651 1.0000000180025095e-35 0.39049339294433599 0.52777779102325451 0.63503611087799083
decision_type=2 2 2 2 2 2 2 2 2 2 2 2 2 2 2 2 2 2 2 2 2 2 2 2 2 2 2 2 2 2
left_child=-1 2 -2 4 5 -3 -6 -8 9 -5 11 12 13 29 21 16 -16 24 -19 20 -20 -15 -23 -24 25 -13 -27 -28 -14 -10
right_child=1 3 -4 8 6 -7 7 -9 10 -11 -12 17 28 14 15 -17 -18 18 19 -21 -22 22 23 -25 -26 26 27 -29 -30 -31
leaf_value=-0.10298918195772321 -0.15131320675281379 0.10289758605751553 0.035601705991733665 0.0032714855870398228 0.045342781749439884 -0.0052896261517900584 -0.052274227403551213 0.024826423091828552 -0.00030712559857347583 0.03591610390901092 -0.016120270390720167 0.00045748915479752993 0.057662225224761644 -0.046975801772994513 0.18143136247789654 -0.020417252695364877 0.021967058824355446 -0.024278439904615718 0.0071589129018310481 0.0055852048833981887 0.082628893850047277 -0.062099782057924727 0.068795377867333446 -0.020026578405252422 -0.018586410770067077 0.078272210125972352 0.049237432885638359 -0.0028383961748955893 -0.0052363309259349459 0.042146892986805323
leaf_weight=1.8538095806215995 1.751734938941808 6.8689551721654416 0.96800490162058839 846.94890675597799 70.673280963692378 1829.0369620709389 26.273756923539622 66.16113210592448 2706.4019392356013 158.80444290604646 473.00453662485961 840.9410375518878 79.592697334753666 245.15480306560357 5.0412418782561863 126.37695855329639 90.249524482903325 50.932278094735921 34.588824329464842 64.499349575838096 86.090875674373819 30.781963027020538 30.024769139767159 58.18614358808918 209.45958812484378 44.547925501587088 94.910809593257 157.87188898319801 44.001279544176214 63.254458844046894
leaf_count=1392 248 450 149 31200 4266 129209 722 4821 182997 10767 35615 146371 17374 167225 945 53803 17594 8713 6192 3146 4140 36345 1794 5273 36756 3183 5860 13753 12991 5600
internal_value=-4.6221e-05 -2.38837e-05 -0.0847868 3.10869e-06 -0.0027486 -0.00488485 0.0212965 0.00291128 0.000843982 0.00842594 -0.000533493 0.000922709 -0.00172945 -0.00309225 -0.020844 0.00142955 0.0304033 0.00674843 0.0274654 0.0416972 0.0609979 -0.0344025 -0.00849847 0.0102062 0.00311898 0.00711311 0.0259372 0.0167142 0.0352694 0.000662455
internal_weight=8545.25 8543.4 2.71974 8540.68 1999.01 1835.91 163.108 92.4349 6541.67 1005.75 5535.91 5062.91 3479.07 3355.47 585.815 221.668 95.2908 1583.84 236.111 185.179 120.68 364.148 118.993 88.2109 1347.73 1138.27 297.331 252.783 123.594 2769.66
internal_count=948894 947502 397 947105 139468 129659 9809 5543 807637 41967 765670 730055 501941 471576 282979 72342 18539 228114 22191 13478 10332 210637 43412 7067 205923 169167 22796 19613 30365 188597
is_linear=0
shrinkage=0.1


Tree=226
num_leaves=31
num_cat=0
split_feature=35 16 17 15 39 16 39 39 16 37 16 16 10 10 39 16 47 43 48 12 16 39 51 21 49 2 44 31 31 3
split_gain=1.99119 8.92597 10.2569 9.4291 8.55535 16.8676 17.8227 10.2414 27.8772 22.2556 21.4654 15.0408 11.4982 20.7007 9.67396 28.6892 12.579 10.0553 9.62842 9.21624 9.00596 9.47416 8.78685 7.99646 7.66093 7.57944 7.53101 7.30573 22.6055 21.1299
threshold=1.0000000180025095e-35 0.58571431040763866 2.5000000000000004 0.85201290249824535 0.43650794029235845 0.31666667759418493 0.26785714924335485 0.88194444775581371 0.38750000298023229 1.0000000180025095e-35 0.44949495792388922 0.26136364042758947 0.80778744816780101 0.90163463354110729 0.53571429848670971 0.64583334326744091 0.22611939907073977 0.55904665589332592 0.24100495874881747 0.87367480993270885 0.23611111193895343 0.21111111342906955 0.73746865987777721 1.0000000180025095e-35 2.5000000000000004 0.88548010587692272 0.19089567661285403 8.8637833595275897 7.4612622261047372 0.98529094457626354
decision_type=2 2 2 2 2 2 2 2 2 2 2 2 2 2 2 2 2 2 2 2 2 2 2 2 2 2 2 2 2 2
left_child=1 2 -1 -3 5 6 20 9 -9 10 11 -6 -13 18 16 -16 17 24 19 22 21 -2 23 -14 -12 -15 -7 28 -10 -30
right_child=4 3 -4 -5 7 26 -8 8 27 -11 14 12 13 25 15 -17 -18 -19 -20 -21 -22 -23 -24 -25 -26 -27 -28 -29 29 -31
leaf_value=0.00020859542744237149 0.04697763557212517 0.056898760157521058 -0.088671900913572951 0.0095417244802164722 0.059436455974734639 0.1427469672027564 -0.10499747912322842 0.0887360598719273 -0.00072716211332520442 -0.087946868333987516 0.048874768032774019 -0.081886191255700083 0.30196207411549025 -0.053165976446528498 -0.099378765644298206 0.035539903142866182 0.0030562705744309297 0.099272980167238026 -0.065444234352880673 -0.017378780585699253 0.088699151026473272 -0.11603188294413254 0.043826602638752495 0.085376444903244586 -0.082617375495699225 -0.15988550878548771 0.047503527340959112 0.016390502501277663 -0.061817868484734056 0.059148338539490489
leaf_weight=6215.2516139463678 8.1670279919248951 51.631567669795913 13.010964839517326 226.40955307035802 13.962169021756834 11.485084787513186 14.663844580265502 34.355237403575757 1180.6340476654927 40.997960463193067 14.860194602463709 61.061303729767587 3.1253611618667518 26.714902005296608 28.180267311307489 35.761128608195577 111.65414128543807 30.656773429258465 9.2929370691472268 12.422844866989179 13.791298329356323 6.328089775389345 12.882346646976655 3.7500432670349255 6.3131685767548325 8.8628786176559498 29.955007590914647 181.99940858392438 107.537896046284 16.679855244288774
leaf_count=669537 1818 2982 852 9096 4077 729 5516 5439 129171 2063 718 9364 202 1128 1249 1982 13097 5281 953 441 1584 1957 297 454 295 119 4031 55093 5255 14114
internal_value=-4.69716e-05 0.000805507 2.29223e-05 0.0183358 -0.0027845 0.0283853 -0.0155292 -0.0041392 -0.000320851 -0.0179526 -0.010391 -0.039475 -0.0494742 -0.0237885 0.0090569 -0.0239215 0.0219553 0.0626682 0.0242186 0.050111 0.0308517 -0.0241869 0.0925457 0.18383 0.00966833 -0.0797512 0.0739002 -0.0023786 -0.0049965 -0.0455746
internal_weight=8532.4 6506.3 6228.26 278.041 2026.1 84.3904 42.9503 1941.7 1521.21 420.498 379.5 152.075 138.113 77.0513 227.426 63.9414 163.484 51.8301 41.4735 32.1806 28.2864 14.4951 19.7578 6.8754 21.1734 35.5778 41.4401 1486.85 1304.85 124.218
internal_count=948894 682467 670389 12078 266427 15635 10875 250792 209072 41720 39657 17035 12958 3594 22622 3231 19391 6294 2347 1394 5359 3775 953 656 1013 1247 4760 203633 148540 19369
is_linear=0
shrinkage=0.1


Tree=227
num_leaves=31
num_cat=0
split_feature=46 29 1 33 40 48 28 40 42 4 53 3 7 39 52 29 47 53 30 40 48 46 29 7 47 29 45 27 1 14
split_gain=1.94817 7.34112 9.40005 8.62591 11.5326 7.32157 8.47743 6.77392 7.61589 10.7134 13.7061 11.2197 13.0609 13.9516 21.9079 10.9496 12.4167 8.3746 9.62588 8.23069 8.06985 8.46014 7.43984 7.23728 7.22331 7.09595 15.9264 15.0103 6.62316 5.95043
threshold=1.0000000180025095e-35 0.59175634384155285 0.65693011879920971 8.8637833595275897 0.91922956705093395 0.86121252179145824 0.42261904478073126 0.93127065896987926 0.9294019639492036 0.81284341216087352 0.37980769574642187 0.93582704663276683 0.99107143282890331 0.88194444775581371 0.95904386043548595 0.42540569603443151 0.38788372278213507 0.64583334326744091 0.88942623138427745 0.86706823110580455 0.29334005713462835 0.060606092214584358 0.34256918728351599 0.82650500535964977 0.53860247135162365 0.27906751632690435 0.63531056046485912 453.50000000000006 0.97437036037445079 6.5000000000000009
decision_type=2 2 2 2 2 2 2 2 2 2 2 2 2 2 2 2 2 2 2 2 2 2 2 2 2 2 2 2 2 2
left_child=1 3 -3 4 5 6 -1 8 -2 15 -11 20 13 -13 -15 16 -10 18 -17 -14 28 -22 -18 -23 25 26 -9 -28 -12 -27
right_child=7 2 -4 -5 -6 -7 -8 24 9 10 11 12 19 14 -16 17 22 -19 -20 -21 21 23 -24 -25 -26 29 27 -29 -30 -31
leaf_value=-0.016104250303198848 -0.00083856415356119726 0.11438212601914566 -0.00072165118382579196 0.0048651929172204324 0.07851755804168728 -0.055795168250122845 0.054283727111364102 -0.0077914868960277774 0.22570446063621863 -0.048395786123078273 0.050166531240040703 -0.047492924495727985 0.083449400228626278 -0.051643861507377334 -0.84820191250680477 -0.11269360132000042 0.08839844143600542 0.11508848851779713 0.46359207711093442 -0.1009196500819364 0.093166064405736368 0.11869257513274778 -0.16787297572836105 -0.0052800026685966353 -0.075973988300562234 -0.016482389940683195 0.13094154153263049 0.7989760823484735 0.1447794073741161 0.029482514804672844
leaf_weight=27.906267627408852 5721.7160020829933 7.123579794786564 1767.2806872566334 283.81815241094591 42.757858534547267 12.517572380456839 44.230637798071257 3.382795048353727 7.2865839667902064 33.659540475805443 41.823349769343622 26.516887117279115 13.053697474077127 0.8730890235165123 0.57114211563020945 5.4082467314838123 7.1402253453124995 3.4729932573063707 0.30625766458979331 2.9727953004257861 12.290972817703731 5.0641822997913541 1.3464456850397253 67.13130759674641 17.876151442271293 323.41004463819263 0.86082306144089649 0.5520540205288853 8.989095446537247 30.850683056127309
leaf_count=1081 731004 1329 153362 9425 2621 279 1785 289 416 5137 3921 1334 1043 180 38 2754 1121 618 25 212 320 350 276 5702 976 18675 195 80 836 3510
internal_value=-4.39237e-05 0.00253048 -0.000259552 0.0145691 0.036185 0.0148034 0.027054 -0.000931898 -0.000109625 0.0174215 0.0101562 0.0211489 -0.0227243 -0.0639781 -0.366654 0.0794036 0.129952 -0.00737901 -0.0818087 0.0492503 0.0354127 0.0164728 0.0477399 0.0034161 -0.0139327 -0.0108439 0.109982 0.391963 0.0669042 -0.0124796
internal_weight=8522.19 2185.63 1774.4 411.23 127.412 84.6545 72.1369 6336.56 5959.62 237.907 212.946 179.287 43.9876 27.9611 1.44423 24.9608 15.7733 9.1875 5.7145 16.0265 135.299 84.4865 8.48667 72.1955 376.933 359.056 4.79567 1.41288 50.8124 354.261
internal_count=948894 169882 154691 15191 5766 3145 2866 779012 755287 24283 19073 13936 2807 1552 218 5210 1813 3397 2779 1255 11129 6372 1397 6052 23725 22749 564 275 4757 22185
is_linear=0
shrinkage=0.1


Tree=228
num_leaves=31
num_cat=0
split_feature=43 28 29 52 1 15 10 36 33 12 41 12 49 27 29 30 10 8 42 3 42 4 35 2 44 24 32 29 29 2
split_gain=1.94869 7.89362 8.06525 6.54761 5.48199 5.13291 5.83928 5.60754 4.4284 4.40094 6.08294 5.19897 4.50809 9.65358 4.12221 4.0066 3.64742 3.63282 6.64703 4.01395 4.43311 3.87246 4.87407 4.63966 3.81236 3.68079 3.76475 5.03028 4.89707 7.4247
threshold=0.85967049002647411 0.47727273404598242 0.48273408412933355 0.94609126448631298 0.95997712016105663 0.99719101190567028 0.93700885772705089 1.0000000180025095e-35 8.7522115707397479 0.98469346761703502 0.6789083480834962 0.83889505267143261 4.5000000000000009 270.50000000000006 0.25836472213268286 0.35833546519279486 0.96410486102104198 7.5000000000000009 0.81892699003219616 0.91331183910369884 0.89725548028945934 0.96808147430419933 1.0000000180025095e-35 0.97530487179756176 0.34909194707870489 0.87175834178924572 4.4372484683990487 0.57247027754783641 0.77954727411270153 0.81872946023941051
decision_type=2 2 2 2 2 2 2 2 2 2 2 2 2 2 2 2 2 2 2 2 2 2 2 2 2 2 2 2 2 2
left_child=-1 2 3 8 -4 17 9 -8 -2 11 -11 -7 -12 -14 15 -10 -16 18 -3 20 -20 25 -23 -24 -21 26 27 -19 -29 -30
right_child=1 5 4 -5 -6 6 7 -9 14 10 12 -13 13 -15 16 -17 -18 21 19 24 -22 22 23 -25 -26 -27 -28 28 29 -31
leaf_value=-0.00036952060579699777 0.092710453757357827 0.094830042342585658 -0.10082980737568553 -0.16248782723461344 0.089906581911551445 -0.19894534285223114 0.01920541044596058 -0.068762152912238625 -0.029805527752257047 -1.1019167381303425 -0.034775875668649946 0.085661327345327151 -2.1823815583639514 0.10109250798699745 -0.076065302369951612 0.1346801691931932 0.042514062207336487 0.095161059945888471 -0.064074845654240251 0.039031000665212978 0.061625703009884826 0.014447913595462226 -0.39528147143023523 -0.063097937095035389 -0.56665675840043861 0.063568518869304758 0.081172837648441964 -0.01770241733546055 0.057245915930691928 0.0018644755361146449
leaf_weight=8132.734075884091 5.9536197592096931 15.563342486824693 16.651585771971444 2.1966566451155805 1.6567819080519246 0.68841103782324076 10.641586792411543 22.713373312348267 2.6729643810685983 0.058786341636733463 1.7238502429408979 9.4876399429158464 0.030957069007854332 0.046059900825639488 8.505376181798054 3.3205239602830261 3.7322561212131395 6.2732031481064032 9.4471531740709889 35.983664973735358 3.9908798308861142 2.0280457753979126 0.7763015550299317 0.91729853332799394 0.10422020091937056 13.385294819581757 7.0810482794695409 67.297984652839659 32.125926035088924 98.213138375878771
leaf_count=871492 511 3415 444 136 453 70 11232 487 238 47 2165 1191 80 112 203 41 190 381 272 35955 744 82 95 103 22 1538 766 2844 6499 7086
internal_value=-4.11333e-05 0.00692707 -0.0325743 0.00281569 -0.0835695 0.012141 -0.0191517 -0.0406969 0.0178299 0.0405575 -0.100895 0.0664077 -0.0682184 -0.816753 -0.00662335 0.0613232 -0.0399007 0.0169856 0.0378236 0.0199095 -0.0267438 0.0110394 -0.0901312 -0.215362 0.0372818 0.0127174 0.00949144 0.00700221 0.00420395 0.0155149
internal_weight=8516 383.268 44.6898 26.3814 18.3084 338.578 45.3907 33.355 24.1847 12.0357 1.85965 10.1761 1.80087 0.077017 18.2311 5.99349 12.2376 293.188 65.0893 49.5259 13.438 228.098 3.72165 1.6936 36.0879 224.377 210.991 203.91 197.637 130.339
internal_count=948894 77402 2216 1319 897 75186 15384 11719 1183 3665 2404 1261 2357 192 672 279 393 59802 40408 36993 1016 19394 280 198 35977 19114 17576 16810 16429 13585
is_linear=0
shrinkage=0.1


Tree=229
num_leaves=31
num_cat=0
split_feature=49 44 13 27 45 43 18 45 16 5 40 5 5 51 53 1 7 31 29 43 1 31 1 47 13 6 53 12 29 32
split_gain=1.90854 3.84888 6.91425 5.85247 7.89736 3.61835 3.00598 2.38692 2.37099 1.91765 13.8734 13.1721 18.0913 11.9388 13.3183 13.1145 10.9717 11.3712 10.8817 15.6746 15.5798 13.6094 16.9028 15.7104 11.4283 10.8764 35.2739 28.3968 26.2169 22.229
threshold=27.500000000000004 0.49538400769233709 0.48212005198001867 383.50000000000006 0.72528752684593212 0.61129871010780346 1.0000000180025095e-35 0.3367536067962647 0.44949495792388922 0.32051283121109014 0.32049383223056799 0.11805555596947671 0.12916667014360431 0.65648320317268383 0.19090909510850909 0.89041274785995495 0.83935481309890758 8.4001131057739276 0.24990162253379825 0.64157432317733776 0.5732199251651765 8.1992154121398944 0.82638135552406322 0.46530461311340338 0.92450141906738292 1.5000000000000002 0.36931818723678594 0.70740002393722545 0.18045958131551745 8.6518764495849627
decision_type=2 2 2 2 2 2 2 2 2 2 2 2 2 2 2 2 2 2 2 2 2 2 2 2 2 2 2 2 2 2
left_child=9 5 3 4 -3 7 -7 8 -2 11 -11 -1 -13 14 -14 -15 17 -17 19 21 -20 -16 -23 -24 -22 27 -27 -12 -29 -30
right_child=1 2 -4 -5 -6 6 -8 -9 -10 10 25 12 13 15 18 16 -18 -19 20 -21 24 22 23 -25 -26 26 -28 28 29 -31
leaf_value=0.0014088723613111327 -0.11522529141671144 0.63364706963002815 0.53658539338268318 -0.057253837998725035 -0.10118902501819482 0.074908011153389409 -0.068332389507423555 -0.055118630107139077 -0.30726836379610156 0.14604127211718573 -0.016335527594600115 -0.11976464115451105 -0.074086426685726667 0.02445079682018475 -0.026345678516519047 -0.023680710881853018 -0.057298936070702633 0.092417080460513001 0.17381413103369517 0.1127699455963148 -0.061565896801444309 0.047065044008025955 0.93799425849068929 0.16626361302204651 0.10197145394695527 -0.042541802751663589 0.0010707985774806217 0.157824261204868 0.045368373543741077 -0.034815703343126725
leaf_weight=1638.6028276625316 2.2375099713190161 0.32029587208307919 0.28440109847724659 2.1679123877779602 0.2691492053663751 2.8355544729092799 3.03121065342566 4.1964975933601636 0.90206824196502555 6.5772287266081539 154.64085698466442 16.927337211762733 54.274375116554893 117.41866034178929 46.553916147702694 26.318343960831953 50.216248626171364 12.416593997564631 3.215846420996967 12.971844955900449 67.214421840822524 3.400101359906329 0.46723284372274043 0.60581619097501971 4.5632538206555173 191.52015255559581 5852.1978744643156 17.169044384303561 174.34958481831018 43.125368611305021
leaf_count=328017 347 69 47 990 159 276 82 1743 21 452 17953 10815 54289 19972 30090 4174 5590 700 931 254 23464 1557 94 244 486 47146 389909 424 7678 921
internal_value=-3.35534e-05 -0.0342773 0.0671335 0.0187129 0.29811 -0.0576409 0.000899282 -0.104456 -0.170403 3.19312e-05 0.00088073 -0.00262766 -0.0185058 -0.0142168 -0.0320773 0.00250962 -0.0264535 0.0135348 -0.0156734 0.0146151 -0.0415214 -0.0103373 0.156269 0.502295 -0.051169 0.000732315 -0.000311247 0.0169338 0.0388598 0.0294678
internal_weight=8510.99 16.2446 3.04176 2.75736 0.589445 13.2028 5.86677 7.33608 3.13958 8494.75 6439.58 2055.17 416.564 399.637 193.267 206.37 88.9512 38.7349 138.992 63.9989 74.9935 51.0271 4.47315 1.07305 71.7777 6433 6043.72 389.285 234.644 217.475
internal_count=948894 3734 1265 1218 228 2469 358 2111 368 945160 464483 480677 152660 141845 111409 30436 10464 4874 57120 32239 24881 31985 1895 338 23950 464031 437055 26976 9023 8599
is_linear=0
shrinkage=0.1


Tree=230
num_leaves=31
num_cat=0
split_feature=30 32 3 1 30 4 1 43 12 29 31 48 17 29 15 16 43 14 31 4 37 43 29 8 7 8 7 1 42 29
split_gain=1.92973 14.5392 29.0941 29.6866 21.1181 14.7976 13.7905 13.5739 13.2721 13.1618 12.4923 28.2199 9.87823 10.3576 13.9014 9.05701 21.2754 31.9443 15.4775 12.0587 10.3054 14.8347 9.20062 8.72324 22.1696 33.3251 40.0709 33.262 28.8607 26.9705
threshold=0.93566039204597484 1.5308482050895693 0.88047617673873912 0.89513915777206432 0.92169728875160228 0.77836257219314586 0.88425773382186901 0.45714978873729711 0.87917396426200878 0.80237358808517467 6.4430041313171396 0.6967742145061494 1.5000000000000002 0.89352095127105724 0.4355637133121491 0.44949495792388922 0.59200394153594982 7.5000000000000009 8.3285627365112322 0.68323561549186718 1.0000000180025095e-35 0.8757123351097108 0.51665771007537853 11.500000000000002 0.61620295047760021 6.5000000000000009 0.76417112350463878 0.83079522848129284 0.71834933757781994 0.83420285582542431
decision_type=2 2 2 2 2 2 2 2 2 2 2 2 2 2 2 2 2 2 2 2 2 2 2 2 2 2 2 2 2 2
left_child=1 2 5 -4 8 -1 -7 -8 -5 -6 11 -11 15 14 -14 20 18 -18 19 -17 -2 22 -22 24 -3 26 -26 28 -28 -27
right_child=12 23 3 4 9 6 7 -9 -10 10 -12 -13 13 -15 -16 16 17 -19 -20 -21 21 -23 -24 -25 25 29 27 -29 -30 -31
leaf_value=-0.070108883633882638 -0.00039678150579181156 0.022593851414829565 0.14701135271455815 -0.00080425017201085451 -0.10233226030858356 0.123069934216799 0.13076528867282178 -0.075513970172030154 0.095344953337887797 0.074514801301278619 0.087470871381859813 0.58496611720991354 -0.20192942759452062 0.027085771720518365 -0.032520063634837004 0.087063955698416406 0.083929210637714136 -0.038527183463039183 0.082168992415637951 -0.078753431313394281 0.11259384692145108 0.080272820438640702 -0.036529633474468796 0.0037832171117765617 0.042906663612842365 -0.028682432936872906 -0.015197280514402368 0.00034566165141148713 -0.071296495354543771 -0.1289884487852164
leaf_weight=41.691480283854617 2264.7199183863768 276.75741039563354 23.977499919048569 124.08765929021865 3.1813717967161201 9.3536546702453069 4.171067289284113 13.56266835720089 16.234822373473435 2.9356506088151937 32.045430620004481 1.7162063168361781 5.04847365374735 28.875097617277788 119.45754267651137 5.0081788865827539 73.843955542177355 29.939456244246685 9.7670619510972738 35.286073655090149 4.2432358392979941 12.450020877920904 165.84169265716992 2799.7340755450218 175.08329438704322 262.90295665433041 339.41612287331236 1463.4020318106654 125.65487644961695 29.849752998552503
leaf_count=1947 119137 24961 1320 8522 58 401 832 651 3754 428 2686 39 128 20367 7008 355 43352 7217 705 1627 112 883 4438 408552 19354 59530 84744 106458 18265 1063
internal_value=-3.76378e-05 0.00100559 0.02353 0.0424786 0.0285696 -0.0327212 0.0248239 -0.026996 0.0103199 0.0927854 0.109701 0.262835 -0.00221378 -0.0268749 -0.0393893 -0.000759567 0.0227753 0.048603 -0.0307686 -0.058144 -0.00223907 -0.0250964 -0.0328093 -0.000117823 -0.00420372 -0.00729866 -0.00289931 -0.00705797 -0.0303544 -0.0389099
internal_weight=8500.24 5745.76 272.958 204.179 180.201 68.7789 27.0874 17.7337 140.322 39.8787 36.6973 4.65186 2754.48 153.381 124.506 2601.1 153.845 103.783 50.0613 40.2943 2447.25 182.535 170.085 5472.8 2673.07 2396.31 2103.56 1928.47 465.071 292.753
internal_count=948894 743565 20638 16807 15487 3831 1884 1483 12276 3211 3153 467 205329 27503 7136 177826 53256 50569 2687 1982 124570 5433 4550 722927 314375 289414 228821 209467 103009 60593
is_linear=0
shrinkage=0.1


Tree=231
num_leaves=31
num_cat=0
split_feature=4 8 42 1 7 42 8 42 47 47 7 8 4 3 7 1 30 29 2 52 29 15 7 4 46 45 10 13 16 43
split_gain=2.14193 11.2155 10.967 8.73069 8.48803 21.2877 12.6982 8.35962 8.19023 14.9247 10.9609 16.3925 11.7247 27.4933 19.2104 13.5531 13.1198 15.1266 16.1339 31.1296 10.6782 10.5039 10.4817 11.0732 10.2452 9.70343 9.56905 9.51101 8.975 11.7947
threshold=0.37310734391212469 2147483689.0000005 1.0000000180025095e-35 0.67432832717895519 0.17192118614912036 0.22401432693004611 33.500000000000007 0.31698563694953924 0.80209335684776317 0.75228074193000805 0.56711712479591381 13.500000000000002 0.58885446190834057 0.61633425951004039 0.96039214730262767 0.82638135552406322 0.10329694673419 0.048663847148418433 0.49731181561946874 0.63510736823081981 0.031089915893971923 0.46259328722953802 0.4380482435226441 0.52689418196678173 0.675553858280182 0.31453460454940801 0.58576270937919628 0.29520697891712194 0.43650794029235845 0.59200394153594982
decision_type=2 2 2 2 2 2 2 2 2 2 2 2 2 2 2 2 2 2 2 2 2 2 2 2 2 2 2 2 2 2
left_child=1 3 -3 4 5 6 -1 -6 9 24 11 21 13 15 16 20 28 18 19 -18 -12 26 -13 -24 -2 -25 -10 -23 29 -14
right_child=8 2 -4 -5 7 -7 -8 -9 10 -11 12 22 14 -15 -16 -17 17 -19 -20 -21 -22 27 23 25 -26 -27 -28 -29 -30 -31
leaf_value=-0.11158037250864623 -2.742314115238611e-05 0.14965484676208363 -0.049157856798451693 0.068555570027501359 0.0036696935419927379 0.12057910910571995 0.094940031739889616 -0.02564843993771055 0.066739209719837642 -0.053688100408864015 -0.0091962943434157132 0.064461383916246173 0.020205240331647153 0.15124819987790938 -0.063943607900630015 -0.2031207512343734 1.541761996511813 0.029083890383968275 0.15951649157767669 0.14912419223645626 -0.090496905348280032 -0.043501340414771369 -0.06153356270153048 -0.049611922046828613 0.15033516021876736 0.11442839838215531 0.42458686567227588 0.10684422068061034 0.054524549394749489 -0.075335520568378972
leaf_weight=25.190512816246954 7067.0571241720827 2.8849124315183863 72.549980867758563 17.523548440327431 662.9188081123973 5.9615209566618423 3.3763075902770643 113.97675405736618 1.278570668779252 52.025506288470751 138.88058005465018 24.562197742814533 73.329511240763168 9.5555847337662936 22.636224849102746 4.0864727711896185 0.25324659625448731 12.292757897753289 9.9028344361713589 0.43830796924430615 18.281798033024643 5.0394495340870007 23.740011563528242 6.0438921693275907 4.534382758261926 8.9397137337277837 1.7982471665054616 25.494036777579822 55.796099807895189 15.685371709601894
leaf_count=2383 609405 397 77609 1384 59291 205 328 34888 259 27146 50012 3480 13347 3495 5113 521 140 9272 928 83 24683 1324 9261 375 903 2064 97 1692 7663 1146
internal_value=-3.88999e-05 -0.00463889 -0.0415545 -0.00127953 -0.00278769 -0.0513024 -0.0871718 -0.00063151 0.000509812 -0.00032361 0.0134717 0.0433364 0.00545876 -0.0135618 0.0225276 -0.0233284 0.0341997 0.104556 0.192128 0.659107 -0.0186535 0.0997763 0.0133618 -0.0190504 6.8991e-05 0.0482599 0.275883 0.0820302 0.02308 0.00336994
internal_weight=8486.03 904.382 75.4349 828.947 811.424 34.5283 28.5668 776.896 7581.65 7123.62 458.035 96.8961 361.139 170.804 190.334 161.249 167.698 22.8871 10.5944 0.691555 157.162 33.6103 63.2858 38.7236 7071.59 14.9836 3.07682 30.5335 144.811 89.0149
internal_count=948894 176485 78006 98479 97095 2916 2711 94179 772409 637454 134955 18552 116403 78711 37692 75216 32579 10423 1151 223 74695 3372 15180 11700 610308 2439 356 3016 22156 14493
is_linear=0
shrinkage=0.1


Tree=232
num_leaves=31
num_cat=0
split_feature=1 24 17 44 7 12 12 49 12 3 10 45 7 27 43 27 11 50 24 41 46 51 48 27 32 45 1 44 4 44
split_gain=1.89342 5.5047 5.29324 4.12126 3.51825 4.9036 3.32159 7.10656 7.99404 4.81805 6.53006 3.5509 3.47139 4.22419 5.01708 4.48895 3.4328 4.91846 3.85016 3.92259 3.56893 3.96516 3.31433 8.81374 3.01246 2.68664 2.63672 7.28635 6.90143 5.08394
threshold=0.37510684132575994 0.25679180026054388 3.5000000000000004 0.81160560250282299 0.20169491320848468 0.92074912786483776 0.76961538195610057 4.5000000000000009 0.73710790276527416 0.14415584504604342 0.84656241536140453 0.64366644620895397 0.20169491320848468 478.50000000000006 0.33807621896266943 297.50000000000006 0.78696113824844371 1.0000000180025095e-35 0.11680526658892633 0.21483516693115237 0.73916655778884899 0.17192117124795916 0.36188587546348577 416.50000000000006 7.0801923274993905 0.37127333879470831 0.40857487916946417 0.7429872751235963 0.10668563470244409 0.3034911453723908
decision_type=2 2 2 2 2 2 2 2 2 2 2 2 2 2 2 2 2 2 2 2 2 2 2 2 2 2 2 2 2 2
left_child=1 2 3 6 -5 -6 7 9 11 10 22 -9 -8 15 -15 16 -14 18 -18 20 -20 -22 -1 -24 -17 -3 27 -2 29 -28
right_child=26 25 -4 4 5 -7 12 8 -10 -11 -12 -13 13 14 -16 24 17 -19 19 -21 21 -23 23 -25 -26 -27 28 -29 -30 -31
leaf_value=-0.034812482195318004 0.0039184878872707682 0.17184573762654676 0.18786804626452114 -0.078226817085211037 -0.046117842544197124 0.15902239876253602 -0.11723119850861333 0.84098417185690577 1.1489846606145313 -0.056089686511023688 0.55082874430549211 -0.10020027090274433 -0.098521773722964223 -0.063073368051393922 0.097430393535193144 -0.17358198336995967 -0.069511647508104707 -0.08906089998377692 0.13557072923802921 -0.071589101084087226 0.12527955460266105 -0.039906819471712554 1.4270864488732018 -0.10068690528993694 -0.065757355181723695 -0.0048015980550275344 0.1913948080420311 0.076045213268639861 1.3735435116071562e-05 -0.091367580697959139
leaf_weight=0.86105001359464839 80.755854757186626 2.2348838048765169 1.1760397385805834 1.6799812486187864 1.7772026673646903 3.3839230436715297 5.4318005889654151 0.052966920317885413 0.11861398737528361 3.1434462903348503 0.33717831363901485 0.16482872001279247 4.7455217962342457 3.2521684724015341 4.8546616161474958 3.3010273778854744 3.6701723940932487 5.2973989825914023 4.8225972560758219 2.3384250389281069 2.3026777252671309 3.9388675486989086 0.059472882275258598 0.10343357789315633 12.048228267023658 1.4005428059681433 0.67337519851025618 16.945011713370604 8294.6840045594035 11.411326594392447
leaf_count=472 7322 106 20 258 1057 81 417 49 52 1946 46 261 355 593 113 156 134 159 143 126 92 148 98 169 605 210 39 2911 929388 1368
internal_value=-4.29982e-05 -0.0161346 -0.0224659 -0.0261204 0.0474688 0.0883836 -0.0343945 0.0450755 0.488435 0.0119647 0.169131 0.128692 -0.041264 -0.0331045 0.0330421 -0.0457323 -0.0212704 -0.00488253 0.0212367 0.0460873 0.0709584 0.021035 0.0434425 0.457063 -0.0889462 0.103793 9.58079e-05 0.016428 -9.62846e-05 -0.0756117
internal_weight=8476.97 72.4971 68.8617 67.6856 6.84111 5.16113 60.8445 4.84099 0.33641 4.50458 1.36113 0.217796 56.0035 50.5717 8.10683 42.4649 27.1157 22.3701 17.0727 13.4026 11.0641 6.24155 1.02396 0.162906 15.3493 3.63543 8404.47 97.7009 8306.77 12.0847
internal_count=948894 7866 7550 7530 1396 1138 6134 3093 362 2731 785 310 3041 2624 706 1918 1157 802 643 509 383 240 739 267 761 316 941028 10233 930795 1407
is_linear=0
shrinkage=0.1


Tree=233
num_leaves=31
num_cat=0
split_feature=43 10 11 15 42 45 1 44 32 43 27 50 5 6 42 7 2 14 7 13 13 31 16 12 30 13 32 15 43 24
split_gain=1.84382 5.73121 9.84187 8.65202 8.44077 10.0791 9.18549 7.17529 7.15994 6.83569 6.73536 8.14645 6.41345 7.30885 6.02768 6.67453 5.92772 5.83668 7.10268 7.15897 6.48896 6.64376 8.16269 6.77535 6.27113 5.7287 5.5803 5.9301 5.51753 8.3887
threshold=0.70263326168060314 0.78815656900405895 0.6879490613937379 0.77431482076644909 0.73765182495117199 0.069956511259078993 0.75794735550880443 0.059068709611892707 6.4749226570129403 0.8885696828365327 363.50000000000006 1.5000000000000002 0.2264957278966904 1.5000000000000002 0.8903903365135194 0.88303694128990184 0.64549732208251964 3.5000000000000004 0.61326980590820324 0.48212005198001867 0.38165266811847692 7.9819889068603525 0.16025641560554507 0.78589195013046276 0.72053503990173351 0.63818180561065685 5.4452958106994638 0.92885261774063121 0.52986019849777233 0.31877067685127264
decision_type=2 2 2 2 2 2 2 2 2 2 2 2 2 2 2 2 2 2 2 2 2 2 2 2 2 2 2 2 2 2
left_child=28 12 3 -3 26 6 8 9 -6 10 16 -12 -2 -14 -9 -16 -8 18 -15 24 21 22 -19 -23 -20 -11 27 -4 29 -1
right_child=1 2 4 -5 5 -7 7 14 -10 25 11 -13 13 17 15 -17 -18 20 19 -21 -22 23 -24 -25 -26 -27 -28 -29 -30 -31
leaf_value=-0.0014210266843653664 -0.037940796771024889 0.012140122329559805 0.019378567205037014 0.12960115455140198 -0.037117661871514614 -0.021102408947009859 0.11911797574108159 0.030813403243694949 -0.1871143558796155 0.062136506553318233 0.0099592327482183243 -0.20663226459318512 0.065406706835690526 0.11326951586262649 0.030717642321754009 -0.046740205606780549 -0.018800374403910278 -0.14764659747373743 -0.044295725328607531 0.090824342354545229 0.0073040166109414623 0.1312112858167693 0.0090085176094855356 -0.03141355914995355 0.021805794428000451 0.0062741806406405604 0.03413906371653766 -0.013833825486172235 -0.0055744075626732587 0.0085463208532815162
leaf_weight=3553.6054770355527 25.966363889536296 15.361518505473216 116.88117719039838 10.596694529118393 21.011188405540455 319.52669199577576 3.1494722332936353 129.03350505870185 3.7503627564292392 25.085463953482758 165.80709257738999 1.7549220686414617 25.313504040517728 8.7904459666897292 20.304043705880758 24.607262484933017 296.15287876374896 9.0863388987490925 16.053456782778085 13.489806762216174 356.34968227309037 3.3160841780991168 5.2468345789966397 11.264004854136145 135.44423633883889 68.449409848690266 86.600357496536162 99.548266877140122 1797.4941483121929 1107.5376917445378
leaf_count=516946 3262 1785 6335 1239 2672 17678 236 9201 59 7148 9885 122 1124 316 3191 2870 18266 136 483 1393 26822 199 282 505 6979 31322 5768 7179 61080 204411
internal_value=-4.33403e-05 0.00259521 -0.000913965 0.0600902 -0.00206009 -0.00620291 6.86612e-05 0.0020886 -0.059836 -0.00341855 -0.00836204 0.00769081 0.0106886 0.0128495 0.019831 -0.0117221 -0.0173491 0.0104697 0.0256837 0.0210172 0.00360727 -0.0419543 -0.0903011 0.00557371 0.0148013 0.0212561 0.0126862 0.00410229 -0.000867731 0.000947322
internal_weight=8476.58 2017.94 1407.62 25.9582 1381.66 1078.63 759.106 734.344 24.7616 560.399 466.864 167.562 610.321 584.354 173.945 44.9113 299.302 559.041 173.778 164.987 385.263 28.9133 14.3332 14.5801 151.498 93.5349 303.03 216.429 6458.64 4661.14
internal_count=948894 166457 124956 3024 121932 102650 84972 82241 2731 66979 28509 10007 41501 38239 15262 6061 18502 37115 9171 8855 27944 1122 418 704 7462 38470 19282 13514 782437 721357
is_linear=0
shrinkage=0.1


Tree=234
num_leaves=31
num_cat=0
split_feature=45 36 42 7 8 48 12 50 44 41 27 33 33 16 15 13 45 8 48 31 49 29 2 42 10 32 4 1 33 44
split_gain=1.86946 5.29384 5.11403 6.26783 7.60395 5.20192 5.07044 7.19092 13.3853 4.97798 6.07315 6.16175 4.59358 4.70394 4.65334 8.89075 4.78537 6.92468 3.70204 3.42654 3.36494 3.31775 3.05298 5.57156 11.7423 17.5716 3.72899 7.73371 2.96533 2.95246
threshold=0.93734034895896923 1.0000000180025095e-35 0.96362432837486278 0.78647416830062877 5.5000000000000009 0.91989305615425121 0.94088524580001842 1.0000000180025095e-35 0.64036917686462413 0.91715687513351452 717.50000000000011 6.3919711112976083 5.4186272621154794 0.64583334326744091 0.26145105063915258 0.033908046782016761 1.000000059604645 3.5000000000000004 0.94925978779792797 6.1858837604522714 1.0000000180025095e-35 0.93141421675682079 0.23606810718774798 0.30901855230331426 0.86026120185852062 6.1384429931640634 0.23132664710283282 0.50360003113746654 5.4129986763000497 0.18199831992387774
decision_type=2 2 2 2 2 2 2 2 2 2 2 2 2 2 2 2 2 2 2 2 2 2 2 2 2 2 2 2 2 2
left_child=-1 2 3 4 5 6 7 8 -2 19 11 20 13 14 15 -3 28 -18 -13 -4 -11 22 23 26 25 -25 -6 -28 -16 -5
right_child=1 12 9 29 21 -7 -8 -9 -10 10 -12 18 -14 -15 16 -17 17 -19 -20 -21 -22 -23 -24 24 -26 -27 27 -29 -30 -31
leaf_value=0.00015359239465121584 0.19831763101882172 -0.10006906011090495 0.055148550459849566 -0.15543769987335823 0.012788201794683741 -0.10188648974809177 0.08509544342595371 0.049994799788286165 1.2160959525622275 0.088728045345928111 0.28624273960236141 -0.0072652282652010255 -0.073269654845664237 0.31644638613790799 -0.11053886325867933 1.5770091969514872 2.0528766252418662 -0.10031832687041989 0.22947550630223584 0.35888751037249467 -0.058330437896682387 0.32156253510534238 -0.0068620306639971488 -0.1011041744979105 -0.13754064749999936 1.625971555707967 -0.025587386551326266 0.48386546106809397 0.12371583286839111 -0.02969204097788157
leaf_weight=8332.7023463099831 0.26418079456925514 0.077631340391238868 0.66366504245706781 1.9373681481392839 7.256290861343583 0.3844628368897246 0.55544399272184819 0.25825607224032865 0.25293272226008412 1.9942856878478723 0.88165490718893202 1.0429283395842515 19.996617581231021 0.56097521010087792 1.9821512394464669 0.053322964780818438 0.026783882479321508 0.033764849192266411 1.8015145290701182 0.84341785027936567 7.0791487771821267 0.33455224567296582 37.890857383630191 0.10372545446080117 0.21513673552544788 0.1363464346377441 0.66479294595501393 0.54002772856074444 0.7429078794648375 51.576784008166214
leaf_count=859268 60 123 190 117 1330 96 18 112 142 90 102 186 43246 17 3304 76 43 135 93 67 1301 36 18038 46 11 147 219 115 232 19934
internal_value=-3.90489e-05 -0.0114925 -0.0027751 -0.0106016 0.0152949 0.222115 0.315716 0.480924 0.696138 0.0532275 0.0329866 0.0142513 -0.0548221 0.0512553 0.000248171 0.582816 -0.027139 0.852153 0.142673 0.225132 -0.0260079 0.00776965 0.00552683 0.0581746 0.398978 0.879771 0.0398394 0.202761 -0.0466762 -0.0342444
internal_weight=8472.85 140.152 116.678 102.371 48.857 1.71528 1.33081 0.77537 0.517114 14.3066 12.7995 11.9179 23.4742 3.47754 2.91656 0.130954 2.78561 0.0605487 2.84444 1.50708 9.07343 47.1417 46.8072 8.91632 0.455209 0.240072 8.46111 1.20482 2.72506 53.5142
internal_count=948894 89626 42450 40421 20370 428 332 314 202 2029 1772 1670 47176 3930 3913 199 3714 178 279 257 1391 19942 19906 1868 204 193 1664 334 3536 20051
is_linear=0
shrinkage=0.1


Tree=235
num_leaves=31
num_cat=0
split_feature=5 3 5 5 51 53 1 13 4 51 1 12 8 4 8 53 53 42 41 32 29 42 45 24 47 15 7 8 33 32
split_gain=1.86362 11.1346 10.6219 16.3068 10.3839 11.1468 10.697 10.193 11.9287 26.3782 13.4979 13.4824 12.2208 12.0283 17.2082 12.8901 13.9136 12.8609 13.363 11.7427 11.9908 12.5616 11.842 16.4311 13.0003 11.5754 11.3331 21.1478 14.6832 13.2798
threshold=0.32051283121109014 0.53889366984367382 0.11805555596947671 0.12916667014360431 0.65648320317268383 0.19090909510850909 0.89041274785995495 0.045983087271451957 0.65261757373809826 0.70997890830039989 0.7542615830898286 0.60476461052894603 12.500000000000002 0.45035210251808172 2147483689.0000005 0.21111111342906955 0.19090909510850909 0.74352160096168529 0.69860392808914196 8.3285627365112322 0.40547171235084539 0.90521115064620983 0.22976970672607425 0.64431041479110729 0.65776315331459057 0.47765946388244634 0.61620295047760021 15.500000000000002 6.1384429931640634 6.4019715785980233
decision_type=2 2 2 2 2 2 2 2 2 2 2 2 2 2 2 2 2 2 2 2 2 2 2 2 2 2 2 2 2 2
left_child=2 -2 7 -4 5 -5 -6 -1 10 -10 13 25 -12 14 -9 16 26 -17 -19 20 -13 -22 24 -24 -21 -11 27 -15 -29 -28
right_child=1 -3 3 4 6 -7 -8 8 9 11 12 19 -14 15 -16 17 -18 18 -20 22 21 -23 23 -25 -26 -27 29 28 -30 -31
leaf_value=-0.096461017742576205 0.082597145128006588 0.00057721383282840686 -0.11766298747446269 -0.070292406858092987 0.02207728727255542 -0.015324960416991447 -0.023946282169517788 -0.00088172066616008327 0.059935729666463169 0.14261279892666742 -0.11056671885668437 0.037215127412054558 -0.019461050945998908 0.11017001154266809 -0.046222128069593443 -0.091329968362379776 0.20949642066466101 0.15190252376940186 -0.014742445061509261 -0.17031242505031388 -0.12951230317938547 -0.012047599424502476 -0.087948676326869396 -0.37838906150133134 0.06700034713039825 0.0081518378167482006 0.038945152797830555 0.10619566836437629 -0.037658350739613697 -0.019090783670646538
leaf_weight=10.67699070261301 16.594197584398898 6412.8410525301961 15.512468054698727 50.584202443004415 117.77648334211881 136.29973282639617 88.410287493438773 886.85858992735621 105.05748206861972 10.562748873069724 19.847945458867798 44.159066370570144 57.025770230018225 37.44552290941283 92.431650854619875 19.084319142120194 4.1688613212209011 5.5828592291063606 34.846675375531959 3.4401675040717254 10.551898482044633 66.347010237002905 7.5914569203159754 2.6201058990991442 7.0166717690590303 16.255335651029327 79.324969713119117 9.8270595393778404 25.52541407355011 78.390517564755783
leaf_count=20070 1431 466047 10822 54328 20005 57310 10486 116617 11621 2459 1928 2940 5047 3034 98550 9779 490 239 4707 241 559 8209 544 143 964 7542 8466 993 4740 18583
internal_value=-4.71596e-05 0.000788905 -0.00267802 -0.0170996 -0.0131309 -0.0302031 0.00234296 0.000926717 0.00156701 0.0206073 -0.00229082 -0.00390701 -0.0429835 0.000165588 -0.00516124 0.017897 0.0284379 -0.0236692 0.00826933 -0.0162101 -0.00431642 -0.0281658 -0.0858732 -0.162471 -0.0110725 0.0611115 0.0251634 0.0577999 0.00232929 0.0100991
internal_weight=8472.66 6429.44 2043.22 408.583 393.071 186.884 206.187 1634.64 1623.96 273.602 1350.36 168.544 76.8737 1273.49 979.29 294.196 234.682 59.5139 40.4295 141.726 121.058 76.8989 20.6684 10.2116 10.4568 26.8181 230.513 72.798 35.3525 157.715
internal_count=948894 467478 481416 152951 142129 111638 30491 328465 308395 35222 273173 23601 6975 266198 215167 51031 36306 14725 4946 13600 11708 8768 1892 687 1205 10001 35816 8767 5733 27049
is_linear=0
shrinkage=0.1


Tree=236
num_leaves=31
num_cat=0
split_feature=49 6 10 12 11 30 43 18 33 43 33 33 6 42 13 11 44 12 48 13 1 36 39 35 1 24 13 47 1 40
split_gain=1.83734 3.84796 2.93461 4.34608 3.24404 2.42955 2.3555 2.32494 2.46642 4.5941 5.82033 3.66471 2.99543 3.81727 2.18 3.13971 4.01213 2.47389 2.46451 2.40863 2.21542 2.12655 2.07138 1.96809 8.19301 14.5254 12.3542 17.5285 14.4257 22.0351
threshold=19.500000000000004 2.5000000000000004 0.90416893362998974 0.71569290757179271 0.91905540227890026 0.45706756412982946 0.72408923506736766 1.0000000180025095e-35 6.0427806377410898 0.57900178432464611 6.0894887447357187 5.6573956012725839 1.5000000000000002 0.95553359389305126 0.29520697891712194 0.80776774883270275 0.26423193514347082 0.90574499964714061 0.13609755039215091 0.53452381491661083 0.93684458732604992 1.0000000180025095e-35 0.88194444775581371 1.0000000180025095e-35 0.89986109733581554 0.48000000417232519 0.76696833968162548 0.64384192228317272 0.83467578887939464 0.84889996051788341
decision_type=2 2 2 2 2 2 2 2 2 2 2 2 2 2 2 2 2 2 2 2 2 2 2 2 2 2 2 2 2 2
left_child=23 2 3 7 -4 -3 -7 8 11 10 -10 12 13 -2 18 16 20 21 -5 -19 -16 -17 -18 -1 25 -25 27 28 29 -27
right_child=1 5 4 14 -6 6 -8 -9 9 -11 -12 -13 -14 -15 15 17 22 19 -20 -21 -22 -23 -24 24 -26 26 -28 -29 -30 -31
leaf_value=0.00090970219980061851 0.037052485719072097 0.11584620427819788 -0.11188721641647736 0.047904028781620776 0.025495750194805173 -0.10569888337361616 0.071109356772755691 -0.11617069081972919 0.43485984837084568 0.24272943444515482 -0.061843955309361813 -0.13762099617113199 -0.041090438242978956 0.5302996724053044 0.21501313621981072 0.054831435735257186 -0.08388211043669952 0.18926149510137313 -0.12406830570442624 0.020739357255013826 0.075969430533713286 -0.094713070116086429 0.13909547636509523 -0.00022835547532687987 0.0092154460122227232 -0.089787674002256665 0.0021742973668588371 0.027029896537876758 -0.017006952381590015 0.0056489177682281597
leaf_weight=6435.9203045450822 0.45335619603861421 0.61639857557383848 4.695398847157775 1.752366675846136 2.7112565250608895 8.1625933087616396 0.83011813475968743 2.9270081011818538 0.26031142076681213 0.91822490718914185 2.51702717920125 2.7103510850527073 1.6001292774826652 0.23993974330187484 2.7275920959218629 1.490576001629959 1.3349694999878918 1.1860628901049493 1.5889176388923258 2.9765687835242716 1.9761355083610395 2.6263789517979603 0.60561773017980147 1116.2337628883715 447.01192462046492 99.959225662962126 139.20736091362596 39.827848975815868 104.95373005813599 31.917574406284984
leaf_count=674566 230 126 393 90 317 2024 145 2995 157 22 794 699 495 57 78 121 333 56 162 221 133 207 32 125264 104739 2644 17197 2099 7146 5352
internal_value=-4.83685e-05 -0.0197848 -0.00524715 0.00871552 -0.0615972 -0.0762131 -0.0893777 -0.0390776 -0.0131386 0.0488197 -0.0152894 -0.0588982 0.0341358 0.207758 0.0391373 0.0554841 0.106686 0.0143952 -0.0338759 0.0687565 0.156598 -0.0405693 -0.0142953 6.16466e-05 -0.00269617 -0.00617155 -0.0221238 -0.03435 -0.0446722 -0.0666896
internal_weight=8461.94 46.9073 37.2982 29.8915 7.40666 9.60911 8.99271 11.6263 8.69934 3.69556 2.77734 5.00378 2.29343 0.693296 18.2652 14.9239 6.64431 8.27959 3.34128 4.16263 4.70373 4.11695 1.94059 8415.03 1979.11 1532.1 415.866 276.658 236.831 131.877
internal_count=948894 9887 7592 6882 710 2295 2169 5449 2454 973 951 1481 782 287 1433 1181 576 605 252 277 211 328 365 939007 264441 159702 34438 17241 15142 7996
is_linear=0
shrinkage=0.1


Tree=237
num_leaves=31
num_cat=0
split_feature=17 48 24 47 29 30 32 29 42 53 32 7 33 8 48 2 28 53 41 31 52 3 6 42 41 3 30 40 41 31
split_gain=1.81995 3.74625 2.04435 2.40059 1.84306 30.7696 12.3663 16.6057 12.2995 13.8443 10.7573 11.3743 12.9071 10.5508 14.0398 8.78201 11.029 24.2268 17.3176 15.4993 14.3074 17.2989 16.1092 13.929 13.0857 29.4922 21.9318 20.0773 18.8069 16.4424
threshold=5.5000000000000009 0.054023742675781257 0.73779934644699108 0.49751713871955877 0.32430708408355718 0.55493307113647472 5.3134491443634042 0.28149582445621496 0.76277059316635143 0.36931818723678594 10.106236934661867 0.87939393520355236 6.8354814052581796 2147483689.0000005 0.86121252179145824 0.40224720537662512 0.4083333313465119 0.42261904478073126 0.74646767973899852 8.0320305824279803 0.76028168201446544 0.87007671594619762 1.5000000000000002 0.61167800426483165 0.6900656819343568 0.84561213850975048 0.52160614728927623 0.67769271135330211 0.8263767957687379 6.1231169700622567
decision_type=2 2 2 2 2 2 2 2 2 2 2 2 2 2 2 2 2 2 2 2 2 2 2 2 2 2 2 2 2 2
left_child=4 2 3 -2 5 6 7 8 -1 13 11 12 -7 14 -10 -6 19 18 -18 -17 21 22 -21 -24 25 29 -26 28 -28 -19
right_child=1 -3 -4 -5 15 10 -8 -9 9 -11 -12 -13 -14 -15 -16 16 17 24 -20 20 -22 -23 23 -25 26 -27 27 -29 -30 -31
leaf_value=0.010670986920899135 -0.090171912888927702 -0.12876494743753022 0.067931101701881616 0.036029184960629186 0.049639675571736895 -0.0090318376482103509 -0.0023044025050559694 -0.088580581054504448 -0.015888923648342743 -0.015590757024758871 0.28750602616830118 0.095025410658434936 0.069989118056230315 0.13581223134946716 0.53086799440993881 -0.036280133316314113 0.44328820976799294 0.087688015580907969 0.093323574219993155 0.0011420250871984942 0.024510088597917114 0.053858083769130205 -0.0051621151667448394 -0.086777872748645249 -0.062849225816857507 -0.0043224740413106951 -0.060255167347848672 -0.00028217308091008948 0.078299277136129303 0.026003275531758865
leaf_weight=56.985474690377714 3.5366881513291428 3.3468075738965117 2.7022319034513202 2.6267427576822229 34.254342646112491 44.668192132066906 1924.0733452456359 10.588311445075304 8.7316354797749192 12.040229992457169 1.9022293808775419 35.690970608582575 38.47410665722964 29.95653887592016 0.49634434841573316 206.86980970689638 1.6184855767387478 53.324315190622656 11.189661877951947 89.201336806449945 129.994634199762 29.127760845000012 32.024772105904049 60.25423571025749 58.396953154633593 411.24601324410651 90.415583660402262 4839.5659073271145 10.987097990853725 227.88167834040905
leaf_count=14862 144 162 370 75 3441 4424 448451 4195 1599 1060 114 3051 3390 2026 108 38660 136 3383 771 10327 5821 2290 4425 7100 8180 28628 5940 333421 855 11485
internal_value=-4.51412e-05 -0.0386209 -0.0045913 -0.0363873 1.06111e-05 0.00252801 -0.000371125 0.0309404 0.0426355 0.0781947 0.051582 0.0478055 0.0275351 0.107012 0.0135194 -0.000855816 -0.00113247 0.000168664 0.137546 -0.0146902 -0.00157731 -0.0176794 -0.0291612 -0.0584537 -0.000140474 0.0127431 -0.00192495 -0.00120489 -0.0452426 0.0377004
internal_weight=8462.17 12.2125 8.86566 6.16343 8449.96 2163.61 2042.87 118.799 108.21 51.2247 120.735 118.833 83.1423 39.1845 9.22798 6286.35 6252.1 5704.63 12.8081 547.473 340.603 210.608 181.48 92.279 5691.82 692.452 4999.37 4940.97 101.403 281.206
internal_count=948894 751 589 219 948143 483280 472301 23850 19655 4793 10979 10865 7814 3733 1707 464863 461422 392799 907 68623 29963 24142 21852 11525 391892 43496 348396 340216 6795 14868
is_linear=0
shrinkage=0.1


Tree=238
num_leaves=31
num_cat=0
split_feature=31 31 2 31 35 31 19 29 3 7 30 48 14 31 43 29 43 49 1 8 1 24 36 48 10 14 13 40 29 15
split_gain=1.80942 14.2785 26.6325 11.734 11.9019 9.90798 18.44 15.1309 21.3859 12.8789 10.5847 8.85465 12.8292 8.80315 13.6139 10.1719 9.51407 8.79903 9.40031 8.71868 9.60156 8.40545 8.26977 20.7103 14.5158 15.9147 14.771 10.6793 14.4804 10.2027
threshold=7.404898166656495 6.7324435710906991 0.52689418196678173 6.3153769969940194 1.0000000180025095e-35 8.5607156753540057 1.0000000180025095e-35 0.36744499206542974 0.6900656819343568 0.86576578021049511 0.57143071293830883 0.16000792384147647 4.5000000000000009 8.2617969512939471 0.40068039298057562 0.51249042153358471 0.30856460332870489 3.5000000000000004 0.79437980055809032 9.5000000000000018 0.8857199251651765 0.66091319918632518 1.0000000180025095e-35 0.21222284436225894 0.83771398663520824 4.5000000000000009 0.48212005198001867 0.7432234287261964 0.68066710233688366 0.68824186921119701
decision_type=2 2 2 2 2 2 2 2 2 2 2 2 2 2 2 2 2 2 2 2 2 2 2 2 2 2 2 2 2 2
left_child=1 3 -3 -1 -5 6 9 8 -7 -2 -10 12 -8 17 15 -15 -17 18 -13 -18 -21 -6 24 27 25 26 -9 -24 -29 -25
right_child=5 2 -4 4 21 7 11 22 10 -11 -12 13 -14 14 -16 16 19 -19 -20 20 -22 -23 23 29 -26 -27 -28 28 -30 -31
leaf_value=0.0013546025831821257 -0.0065549722921073202 0.17753844448925854 0.013733371120051111 -0.0077285790486188027 -0.063274956880723113 -0.031464191644023413 0.11568363298180398 -0.0066064623262703714 0.024471233640151316 -0.036963920165627821 0.079298230963166433 -0.068910141481217713 -0.025842369446116554 -0.019636131514182555 -0.038177157263876806 -0.029894975612260028 0.093523645019068236 -0.038017406630477341 0.024790717281463141 0.13660793825354564 0.50087595154918896 0.011114798978180598 -0.018077080438430721 0.055956604503173524 0.021019666378817217 -0.037046925260829588 0.060089117044415642 0.024095133426191628 -0.004522005271500781 0.010936981048818887
leaf_weight=3451.9190627621315 271.46262214464514 10.123091266243135 508.82841609809475 406.04881783489691 72.299971234472196 45.377244709949082 16.740515137775223 1237.1405831163256 84.96859648165173 286.01901125327277 60.130276308565954 11.305691633089735 10.37448528936511 8.9767333818908828 87.848471184352093 2.6839153495493502 3.8128782096027862 29.994725101165386 202.0789594086018 1.4090867523918862 1.4874414583900941 19.228926223637245 252.48602080593992 107.13730169139853 185.41962851383869 174.19243291365274 34.121684030387769 273.74202138600594 499.3946020729345 94.955697210858489
leaf_count=602971 21289 1682 43507 39708 10943 23276 1183 32215 9273 23797 3674 4429 460 2652 1933 386 163 3392 5224 106 66 5822 5269 9561 45438 14443 4471 5655 16904 9002
internal_value=-4.72369e-05 0.00133422 0.0169287 -0.000714839 -0.0150715 -0.00159697 -0.0106072 0.00116366 0.0284537 -0.0221564 0.047192 0.00648395 0.0615343 0.00221422 -0.021806 0.0564836 0.129227 0.0126974 0.0198262 0.19288 0.323669 -0.0476467 -0.000654754 0.0055444 -0.00532145 -0.00870043 -0.0048163 -0.000220963 0.00561037 0.0348036
internal_weight=8451.71 4468.45 518.952 3949.5 497.578 3983.26 934.195 3049.07 190.476 557.482 145.099 376.713 27.115 349.598 106.219 18.3701 9.39332 243.379 213.385 6.70941 2.89653 91.5289 2858.59 1227.72 1630.87 1445.45 1271.26 1025.62 773.137 202.093
internal_count=948894 704633 45189 659444 56473 244261 65080 179181 36223 45086 12947 19994 1643 18351 5306 3373 721 13045 9653 335 172 16765 142958 46391 96567 51129 36686 27828 22559 18563
is_linear=0
shrinkage=0.1


Tree=239
num_leaves=31
num_cat=0
split_feature=44 45 48 42 44 1 30 1 3 42 50 46 21 46 45 45 50 43 44 15 32 39 27 9 14 45 8 7 1 27
split_gain=1.85168 8.62932 7.40246 6.03684 5.95715 5.21168 6.80655 4.43736 4.57783 3.56372 3.54225 4.72467 6.16899 8.23724 6.34739 7.5684 6.63655 5.43616 4.66292 6.42638 7.96811 4.72617 4.32862 3.50577 6.9403 5.50604 7.16051 5.44351 10.0219 4.512
threshold=0.93563184142112743 0.42357672750949865 0.94349294900894176 0.88303691148757946 0.96848726272583019 0.92174866795539867 0.88494676351547252 0.90476569533348095 0.89009657502174389 0.8903903365135194 1.5000000000000002 0.087000548839569106 1.0000000180025095e-35 0.72419708967208873 0.58969247341156017 0.34188887476921087 3.5000000000000004 0.50814667344093334 0.82389539480209362 0.4853654950857163 4.4002461433410653 0.88194444775581371 208.50000000000003 1.0000000180025095e-35 8.5000000000000018 0.22976970672607425 8.5000000000000018 0.33558559417724615 0.48721964657306677 117.50000000000001
decision_type=2 2 2 2 2 2 2 2 2 2 2 2 2 2 2 2 2 2 2 2 2 2 2 2 2 2 2 2 2 2
left_child=10 4 5 -4 -2 -3 -7 -5 -9 -10 23 18 13 -13 15 -15 22 -14 19 20 -12 -21 -17 -1 27 -26 -27 28 -25 -29
right_child=1 2 3 7 -6 6 -8 8 9 -11 11 12 17 14 -16 16 -18 -19 -20 21 -22 -23 -24 24 25 26 -28 29 -30 -31
leaf_value=-0.00027792037285467923 -0.00044103205220001558 0.0021296072755986198 -0.0046232308384248902 -0.084073326073610677 -0.071515351479757225 0.26614626832714322 0.075672472410048097 0.14584337237820275 0.11902681417729091 0.025176470346911162 0.06094166113511873 -0.02605337823869185 -0.08966376408746228 -0.07368205675150484 -0.076352506696476669 0.075673765204749097 -0.034697715634275567 0.030516625428090489 -0.051981423639837189 -0.035085439236395642 0.30965587340120948 0.05651422688081606 0.21601229919730464 -0.11499886443367147 0.0049226036809352693 0.18063448590521144 0.049667792646001047 -0.060516657497048626 0.016534487959506638 0.027625081715722533
leaf_weight=7892.0208303488853 28.464359899575129 4.6183621286857024 105.2967127330794 3.2978672339086179 20.134247171794414 2.6840846685809066 6.2323439170140773 3.5189009669556972 4.2455178811214855 86.121158138266765 7.7292983650843308 83.728215188679087 20.994717652843978 2.6193133668693944 3.2222571877637156 3.919534590930196 2.3444121630345753 4.585918122676957 8.28634019385572 13.262064428737176 1.5457115093613536 9.791486547963359 5.0034935888543259 10.683638532966144 22.312727028203881 4.913787850062362 27.753935492510209 6.7605131096988762 12.653250007075256 41.20861245166634
leaf_count=892718 648 711 8689 245 464 86 188 218 110 2143 446 18887 1501 72 1993 106 194 239 204 2028 116 4582 195 140 3010 85 529 1107 506 6734
internal_value=-4.75031e-05 0.00818568 0.0167512 0.0119651 -0.0298869 0.0883509 0.13301 0.0299383 0.0339431 0.0295857 -0.000313663 -0.0147269 -0.0242598 -0.0131335 0.0500936 0.079434 0.115028 -0.0681187 0.0149451 0.0320994 0.102391 0.0038195 0.154367 -1.34148e-05 0.0165163 0.0432138 0.0693674 -0.00406871 -0.0436815 0.0152029
internal_weight=8449.95 264.614 216.015 202.48 48.5986 13.5348 8.91643 97.1834 93.8856 90.3667 8185.34 167.033 126.418 100.837 17.109 13.8868 11.2674 25.5806 40.6149 32.3286 9.27501 23.0536 8.92303 8018.31 126.286 54.9805 32.6677 71.306 23.3369 47.9691
internal_count=948894 13502 12390 11405 1112 985 274 2716 2471 2253 935392 30563 23187 21447 2560 567 495 1740 7376 7172 562 6610 301 904829 12111 3624 614 8487 646 7841
is_linear=0
shrinkage=0.1


Tree=240
num_leaves=31
num_cat=0
split_feature=45 36 42 7 21 45 27 16 6 8 27 33 16 31 7 32 7 4 29 40 8 2 27 15 13 42 2 6 31 2
split_gain=1.81567 4.6642 3.74565 4.97653 4.59851 5.9052 5.09201 4.33513 5.00423 4.09995 3.65417 3.48384 3.58586 3.17304 3.17231 3.00848 3.45188 3.37739 3.7642 4.47798 3.37705 4.48978 3.07598 2.92837 2.8351 4.85548 2.82963 6.62378 3.01363 2.78503
threshold=0.93734034895896923 1.0000000180025095e-35 0.96362432837486278 0.78647416830062877 1.0000000180025095e-35 0.95565277338027965 265.50000000000006 0.31666667759418493 1.5000000000000002 4.5000000000000009 702.50000000000011 5.4186272621154794 0.64583334326744091 6.2881019115448007 0.94174209237098705 8.0320305824279803 0.48412297666072851 0.52027395367622387 0.042357170954346664 0.56374141573905956 22.500000000000004 0.5793287754058839 161.50000000000003 0.97735819220542919 0.45643940567970281 0.65419578552246105 0.83259591460227977 3.5000000000000004 6.8511075973510751 0.62192189693450939
decision_type=2 2 2 2 2 2 2 2 2 2 2 2 2 2 2 2 2 2 2 2 2 2 2 2 2 2 2 2 2 2
left_child=-1 2 3 9 5 6 -4 8 -7 -2 -6 12 14 -10 -3 16 20 22 19 23 24 -22 -18 -19 25 -11 -20 28 -28 -5
right_child=1 11 4 29 10 7 -8 -9 13 15 -12 -13 -14 -15 -16 -17 17 18 26 -21 21 -23 -24 -25 -26 -27 27 -29 -30 -31
leaf_value=0.00014359931062942884 0.19967898261152733 -0.087493617959849959 0.079974338764324901 -0.072144749411112152 -0.042538546949710682 -0.21888100836941443 0.46271145779040634 0.2860016837747022 0.012247193865255052 -0.088679086347103586 0.17369030488426324 -0.07056017040663036 0.25598907973110563 0.18862959980961713 0.12118539137422468 -0.043572621361037116 0.14705120004262104 -0.040109846435856397 -0.015773580548767391 0.29254202253443007 -0.054091954910931321 0.27167788220740502 -0.08285692556746177 0.26389006035412821 0.12924425513012322 0.28608987529285079 -0.076450909068779188 0.33138935160307664 0.18615149599490716 -0.018543742779688753
leaf_weight=8309.239859402187 1.1429953386354998 1.9208030743070628 0.65663285458867704 12.86383433227388 6.1703193106368417 0.72503778826830956 0.73861137519088516 0.72627899012877595 3.6055545895778778 1.569480706940338 0.89491045593604202 18.782125891372516 0.61520874022971828 1.4222279724781399 1.1735662229011721 9.1523732058053593 0.64268133882979128 1.3547099111701784 14.125252605435437 1.0393863890813007 3.4318502305923171 0.48254734753572837 6.1567095012028403 0.41361327137019532 6.684789829334477 0.44336199159442902 1.5288024932333426 0.83007276145508502 0.61193259148421919 39.333172152889802
leaf_count=859268 158 3151 60 10980 977 264 146 39 394 861 65 43246 17 84 762 7374 98 331 6275 166 1038 96 3196 17 177 48 342 108 85 9071
internal_value=-4.61714e-05 -0.011371 -0.00333761 -0.0101991 0.043421 0.0959737 0.282587 0.0557874 0.0267235 0.0124791 -0.0151501 -0.0530694 0.0354886 0.0621412 -0.00835031 0.00806442 0.0200853 -0.000278553 0.0205077 0.127818 0.0632011 -0.0139327 -0.0611259 0.0309962 0.0979154 -0.00613001 0.00288401 0.091595 -0.00138559 -0.0317536
internal_weight=8448.48 139.239 116.747 101.808 14.9396 7.87434 1.39524 6.4791 5.75282 49.6106 7.06523 22.4917 3.70958 5.02778 3.09437 48.4676 39.3152 26.7032 19.9038 2.80771 12.612 3.9144 6.79939 1.76832 8.69763 2.01284 17.0961 2.97081 2.14074 52.197
internal_count=948894 89626 42450 40421 2029 987 206 781 742 20370 1042 47176 3930 478 3913 20212 12838 10618 7324 514 2220 1134 3294 348 1086 909 6810 535 427 20051
is_linear=0
shrinkage=0.1


Tree=241
num_leaves=31
num_cat=0
split_feature=14 45 21 48 15 45 10 48 29 46 43 10 27 11 29 7 1 42 42 10 32 7 32 33 10 41 44 46 32 16
split_gain=1.82991 6.84856 3.89046 3.17493 5.62163 4.3805 4.30648 3.49318 3.47516 2.5397 2.49613 2.85559 5.00806 8.9615 2.72855 2.30489 3.91026 3.31435 7.66571 4.42336 3.36004 3.21579 7.31837 3.0207 2.86333 2.58115 2.46045 2.37959 2.70777 2.83697
threshold=15.500000000000002 0.3367536067962647 1.0000000180025095e-35 0.014232188463211061 0.97156333923339855 0.0042603313922882089 0.80515348911285411 0.060317486524581916 0.88133811950683605 0.58622363209724437 0.96174919605255138 0.85718435049057018 121.50000000000001 0.92872086167335521 0.77549868822097789 0.88603895902633678 0.66270294785499584 0.71535181999206554 0.63245612382888805 0.79301422834396373 7.0605819225311288 0.75809821486473095 1.0000000180025095e-35 6.3153769969940194 0.81370848417282116 0.7577352523803712 0.01436695456504822 0.054238021373748786 9.5042500495910662 0.76388889551162731
decision_type=2 2 2 2 2 2 2 2 2 2 2 2 2 2 2 2 2 2 2 2 2 2 2 2 2 2 2 2 2 2
left_child=10 3 -3 8 5 7 -6 -5 15 -4 -1 12 13 -12 -14 17 -17 18 20 -19 23 22 -20 -2 -21 -26 -27 -18 29 -29
right_child=1 2 9 4 6 -7 -8 -9 -10 -11 11 -13 14 -15 -16 16 27 19 21 24 -22 -23 -24 -25 25 26 -28 28 -30 -31
leaf_value=5.872450410530643e-05 0.013860751760101764 -0.0082360102059895225 0.14374472563656251 -0.12305777283328533 0.12108259915591502 -0.053883004366635789 -0.04534101089709508 -0.34020630085970138 0.08733168323459406 0.044380499154181276 -1.330486188999318 0.078795110182305589 -0.099588708141959095 -0.00022690120487898216 0.082180018249422102 -0.18582288363881166 -0.073133321769793244 -0.1665907554753952 0.21464569128121172 0.045177809518240623 0.056093782838628287 0.21758132125431626 -0.076523248531283145 -0.1016539855973333 -0.1124560693453889 -0.052319699297039793 0.05527092751820914 -0.068843345356454658 0.097798536702168648 0.055791380530430139
leaf_weight=8324.4969605076676 4.0885960722807813 10.158348706620018 3.7805033518379796 3.9953387423411248 2.7474316607622304 14.382981186634423 3.5820991918226355 0.90943687445542298 3.2645353601274101 8.0488353302935121 0.080542593761492198 8.1701893613426346 1.4819748988593349 0.13641105501301354 1.8652578066157728 1.8218601948465245 8.0333887316555792 2.1997059559289509 1.656313084495195 5.3315680467203519 4.4160745222470714 2.1979415983660147 1.8027941627660764 5.0720647480338812 3.7019491327009737 5.9086164517393609 3.3197469997612643 5.4545790725387615 2.2013007339555761 2.7456111835999764
leaf_count=926062 84 369 99 381 119 598 180 119 1511 186 86 14613 68 128 1937 24 363 83 73 157 116 58 96 117 139 355 283 98 48 344
internal_value=-4.60104e-05 -0.0128114 0.037156 -0.0251791 -0.0548771 -0.0817126 0.0268978 -0.163321 -0.0131446 0.076136 0.000123693 0.0462128 -0.0284757 -0.494077 0.00170259 -0.0186157 -0.0460636 -0.00460897 0.0251945 -0.0326241 -0.0155568 0.122996 0.0628962 -0.0500973 -0.0164873 -0.0419138 -0.0136158 -0.0322516 -0.000677407 -0.0271128
internal_weight=8447.05 110.822 21.9877 88.8339 25.6173 19.2878 6.32953 4.90478 63.2166 11.8293 8336.23 11.7344 3.56419 0.216954 3.34723 59.9521 20.2567 39.6954 19.2338 20.4616 13.5767 5.65705 3.45911 9.16066 18.2619 12.9303 9.22836 18.4349 10.4015 8.20019
internal_count=948894 6000 654 5346 1397 1098 299 500 3949 285 942894 16832 2219 214 2005 2438 877 1561 544 1017 317 227 169 201 934 777 638 853 490 442
is_linear=0
shrinkage=0.1


Tree=242
num_leaves=31
num_cat=0
split_feature=31 31 29 28 31 33 30 46 29 2 47 7 24 30 29 31 1 43 28 1 1 3 47 53 5 29 53 46 41 7
split_gain=1.78129 28.2618 16.1753 17.1756 12.8442 16.7745 12.2089 13.428 12.7619 11.2225 10.037 9.85458 8.5514 8.37422 23.2181 15.2731 15.8358 15.2319 13.9447 20.2205 15.3185 16.6007 13.9036 13.3533 12.7423 12.5914 12.2457 12.133 12.0752 10.405
threshold=5.5235652923583993 5.5152664184570321 0.23543170094490054 0.2264957278966904 5.9426960945129403 5.9176161289215097 0.39783504605293279 0.36365547776222235 0.30251029133796697 0.46234817802906042 0.46768617630004888 0.48749218881130224 0.73779934644699108 0.65326651930809032 0.47926239669322973 8.8637833595275897 0.8092632293701173 0.25430597364902502 0.58571431040763866 0.86844766139984142 0.97784855961799633 0.94174206256866466 0.20612835884094241 0.58571431040763866 0.27922078967094427 0.7840392291545869 0.43650794029235845 0.22222222387790683 0.88792270421981823 0.73123827576637279
decision_type=2 2 2 2 2 2 2 2 2 2 2 2 2 2 2 2 2 2 2 2 2 2 2 2 2 2 2 2 2 2
left_child=1 -1 10 -4 5 11 -7 -8 -9 -6 -2 -5 -3 15 27 16 17 -11 19 -16 22 -22 24 29 -21 -26 -24 -15 -29 -20
right_child=2 12 3 4 9 6 7 8 -10 13 -12 -13 -14 14 18 -17 -18 -19 23 20 21 -23 26 -25 25 -27 -28 28 -30 -31
leaf_value=-0.00092814059242731168 0.065926901457962414 -0.094569754034688591 -0.056687149770202443 -0.10228096839880058 0.039167213171472988 -0.083770387461749085 0.040389923260324978 -0.073229716808685799 0.18312651718768103 0.12826956998278588 0.01355234607771634 0.0065936543114860306 0.12851957542604805 0.037943572051404167 0.014179685268392018 0.0054442989616890359 -0.011596439758976878 -0.05915925321364577 0.38646436354668301 0.18140294382012356 0.079704266358932463 -0.061735166469932115 -0.060794789105420521 0.00062459597241088188 -0.051924786490488851 0.0042294613722304716 0.0089529097628418229 -0.0085108983571374648 0.1783467780434862 0.077189275850124084
leaf_weight=2051.7185743685568 56.895528425092834 39.192135789244276 53.022308632739623 8.5326666491478118 69.203359918480601 7.0644435900940143 124.41112385972519 2.3110641093808217 12.15682581052897 4.5046163233319012 102.52431030262824 323.69136908894825 1.797004974043374 238.51694332713487 180.78065848659116 404.24843590770433 483.969340277622 115.77669702990443 1.2315387077578623 2.5388965532583816 26.687062158664048 12.042966334433002 31.587424060818194 3535.5409199358128 267.06117277554949 46.950898553501247 123.94575671200437 105.13733597742703 3.5759954036766421 9.3207028758588404
leaf_count=441033 7008 7998 26513 1003 6768 1876 10063 559 973 3086 27914 31436 193 13031 9976 29924 44572 19034 69 149 1591 581 3978 228324 10545 2714 7593 9464 266 660
internal_value=-4.03142e-05 -0.0025707 0.000793176 -1.63322e-05 0.000472989 0.0162114 0.0444704 0.0509937 0.142177 -0.000856003 0.0322444 0.00379738 -0.0847893 -0.00135118 0.000463522 -0.00960133 -0.019667 -0.0521399 -0.00157348 -0.0145629 -0.0247351 0.0357242 -0.0296952 0.000959842 -0.0417246 -0.0435286 -0.00521224 0.0253237 -0.00236444 0.113284
internal_weight=8445.94 2092.71 6353.23 6193.81 6140.79 478.167 145.943 138.879 14.4679 5662.62 159.42 332.224 40.9891 5593.42 4584.92 1008.5 604.251 120.281 4237.69 691.595 510.814 38.73 472.084 3546.09 316.551 314.012 155.533 347.23 108.713 10.5522
internal_count=948894 449224 499670 464748 438235 45910 13471 11595 1532 392325 34922 32439 8191 385557 288941 96616 66692 22120 266180 37127 27151 2172 24979 229053 13408 13259 11571 22761 9730 729
is_linear=0
shrinkage=0.1


Tree=243
num_leaves=31
num_cat=0
split_feature=43 45 24 10 32 32 29 32 53 3 42 29 6 29 28 30 14 29 7 42 29 31 30 1 41 4 42 29 41 16
split_gain=1.82407 5.35952 4.80208 5.9279 5.78867 14.04 11.3674 10.4025 7.31773 9.77971 8.74783 8.26284 7.99198 7.75504 10.3855 10.9332 14.8269 10.8922 10.1774 7.56876 7.91422 7.34999 7.07471 7.0049 6.8912 6.42896 6.15421 6.06367 6.01938 5.80132
threshold=0.74777555465698253 0.17673590779304507 0.74392664432525646 0.60159143805503856 3.2679439783096318 4.0349172353744516 0.60265883803367626 4.110708713531495 0.27922078967094427 0.83438819646835338 0.9381377398967744 0.43236060440540319 1.5000000000000002 0.59709247946739208 0.64583334326744091 0.94048127532005321 4.5000000000000009 0.74045652151107799 0.48412297666072851 0.63702240586280834 0.44563008844852453 7.9343340396881112 0.87908327579498302 0.88893690705299389 0.80673456192016613 0.84028983116149913 0.79008567333221447 0.66371718049049389 0.78142958879470836 0.31666667759418493
decision_type=2 2 2 2 2 2 2 2 2 2 2 2 2 2 2 2 2 2 2 2 2 2 2 2 2 2 2 2 2 2
left_child=-1 2 3 -2 8 6 -6 -7 -5 10 11 -10 21 18 15 16 27 22 -14 -20 -21 -11 -18 -9 -25 26 28 -15 -22 -16
right_child=1 -3 -4 4 5 7 -8 23 9 12 -12 -13 13 14 29 -17 17 -19 19 20 25 -23 -24 24 -26 -27 -28 -29 -30 -31
leaf_value=-0.00072176897747060404 0.12594432119720064 -0.025706754271535161 -0.0013303985374338093 0.17882238478461238 0.011913607784063251 -0.10253739694192721 0.1729042218716807 -0.0012324761283608113 0.059287205330871728 -0.061104744717746885 0.055828151095104639 -0.086752234290350921 -0.07758872410138723 0.049643329860657406 -0.0022936456737741129 -0.096198580823654983 -0.09167509546849581 0.088901484998724689 0.15783410438606515 0.13900111658707215 -0.0026977472796322201 0.153883533228031 0.021557375317021902 0.069185290135713853 0.017184219232767924 0.13548644109591967 -0.12145976934467442 -0.097579783138362242 0.11129958670705949 0.027519484699730673
leaf_weight=6960.2907893852653 4.4065744878807882 61.675009327023872 717.79969068642731 2.3631353381933868 7.4132167331990813 7.2157395401809472 10.740143009341407 88.169103257285315 4.4892020798288277 2.0978655015132954 7.0801102901459663 28.283000623312546 6.5270495701333848 3.2726208156964303 176.12562657985109 19.876102945810999 8.3618290839076526 16.076616661306616 6.2812265984102842 6.817339422494114 22.204220671497758 6.5716542222435237 16.223175852803251 40.794886561619933 67.901553675386822 4.3433376856701207 3.3954423687246154 19.273145675768319 5.8528853820462237 103.699052857879
leaf_count=804763 535 3693 98298 104 248 237 717 3881 93 226 5690 596 693 131 4228 299 253 1555 228 736 935 327 476 3971 4208 251 91 460 178 10793
internal_value=-4.47623e-05 0.00314921 0.00440814 0.0103276 0.00959082 0.0228858 0.107161 0.0153894 0.00329388 0.00240538 -0.0449708 -0.0667475 0.00682706 0.00485758 -0.000463178 -0.0315089 -0.0111666 0.024898 0.0396987 0.0553557 0.0402503 0.10186 -0.0169551 0.0197118 0.0367008 0.0214431 0.0056947 -0.0762097 0.0210828 0.00875468
internal_weight=8435.62 1475.33 1413.66 695.856 691.449 222.235 18.1534 204.081 469.215 466.852 39.8523 32.7722 426.999 418.33 362.908 83.0835 63.2074 40.6616 55.4215 48.8945 42.6132 8.66952 24.585 196.866 108.696 35.7959 31.4525 22.5458 28.0571 279.825
internal_count=948894 144131 140438 42140 41605 13262 965 12297 28343 28239 6379 689 21860 21307 18195 3174 2875 2284 3112 2419 2191 553 729 12060 8179 1455 1204 591 1113 15021
is_linear=0
shrinkage=0.1


Tree=244
num_leaves=31
num_cat=0
split_feature=32 42 1 1 42 29 4 3 53 12 2 32 8 30 29 30 43 10 12 12 29 44 18 12 43 42 15 32 41 3
split_gain=1.85324 12.6843 13.8084 13.0712 25.9067 20.055 20.4971 14.4619 16.5583 14.869 13.1727 12.5698 12.3807 11.254 14.0103 16.9351 11.4683 12.5325 12.4708 9.21561 17.7815 13.9947 8.86977 8.81612 8.76463 9.60962 8.66203 8.60356 8.47908 9.15057
threshold=7.4906826019287118 0.98460081219673168 0.97649395465850841 0.87501323223114025 0.7228132188320161 0.33754192292690283 0.72046515345573436 0.69804355502128612 0.27922078967094427 0.75060975551605236 0.91331183910369884 6.8669819831848153 1.0000000180025095e-35 0.74176877737045299 0.47002609074115759 0.61914592981338512 0.33197392523288732 0.89249932765960704 0.72767144441604625 0.69452759623527538 0.40865744650363928 0.382713332772255 1.0000000180025095e-35 0.61631563305854808 0.62390971183776867 0.83935481309890758 0.91440781950950634 6.6263792514801034 0.77836257219314586 0.87226107716560375
decision_type=2 2 2 2 2 2 2 2 2 2 2 2 2 2 2 2 2 2 2 2 2 2 2 2 2 2 2 2 2 2
left_child=11 3 12 4 13 6 -6 19 9 -9 28 27 -3 14 16 22 17 -2 -19 20 21 -5 -16 -24 25 -11 -20 -1 29 -7
right_child=1 2 -4 7 5 10 -8 8 -10 24 -12 -13 -14 -15 15 -17 -18 18 26 -21 -22 -23 23 -25 -26 -27 -28 -29 -30 -31
leaf_value=-0.00045984785322624795 -0.026614336127549383 -0.13979114427332887 0.033237718104544324 0.28805062522614294 -0.088068484571169614 -0.080113218156496691 0.022390845594064256 0.055288273577386332 0.016186526480146898 -0.059732187268915639 0.04963324656129077 -0.022761082979657413 -0.0044452186838228437 -0.14525342486621964 0.07432708142524061 -0.0030378636668804541 0.0067465066783997489 0.33623137602759523 0.087015286851328852 0.048593088187407561 0.69213437670349631 0.013263996231367682 -0.10093686473523296 0.25111480413625115 -0.032344130683111046 -0.21214028965809895 -0.018109590450650696 0.029809160585999608 -0.11859829617742224 0.041707811712770278
leaf_weight=5995.4850066420295 214.84034380925891 18.4219971464554 13.181776749270282 3.2339369340488719 22.548131298063254 25.311548888230391 65.888584758816251 13.076770049252444 635.86543060917757 10.066655289592747 7.7275376208108346 252.36575700519279 10.674985851957898 5.0890330221882314 25.725501547622116 31.108657798340573 829.29293323303114 1.3562730729790917 13.650490062891548 22.700348210166339 0.6091902166881481 4.3417339753932538 0.81566108678816718 5.5605222532976768 29.455405811255332 7.0234307860955587 18.407677623310519 95.397665357557344 40.145066175166903 8.1518153771794442
leaf_count=544317 204389 1123 616 458 7820 2594 11293 2209 29324 439 406 31902 1052 115 1339 1067 65915 136 2150 3243 72 1827 441 212 1497 166 13007 12035 6822 908
internal_value=-4.18434e-05 0.00254514 -0.0516702 0.00366765 -0.00227726 -0.0387334 -0.00577225 0.0144352 0.0114617 -0.038928 -0.074572 -0.000891878 -0.090136 0.00312421 0.00378613 0.0495425 0.00110201 -0.0177534 0.0392186 0.0813933 0.172363 0.130566 0.100496 0.206079 -0.0653976 -0.122367 0.026653 1.42366e-05 -0.0876113 -0.0504371
internal_weight=8427.52 2084.27 42.2788 2041.99 1315.62 169.773 88.4367 726.373 695.488 59.6223 81.336 6343.25 29.097 1145.85 1140.76 63.2103 1077.55 248.255 33.4144 30.8852 8.18486 7.57567 32.1017 6.37618 46.5455 17.0901 32.0582 6090.88 73.6084 33.4634
internal_count=948894 360640 2791 357849 318614 29843 19113 39235 33635 4311 10730 588254 2175 288771 288656 3059 285597 219682 15293 5600 2357 2285 1992 653 2102 605 15157 556352 10324 3502
is_linear=0
shrinkage=0.1


Tree=245
num_leaves=31
num_cat=0
split_feature=20 21 33 8 53 42 31 12 38 15 45 29 47 42 26 13 5 8 43 1 3 3 11 15 24 31 48 6 4 41
split_gain=1.77146 1.72145 8.85871 12.1341 26.0255 16.7859 10.3493 9.97283 15.0861 9.22273 9.65476 9.13999 12.3426 12.0202 8.88354 14.6221 13.3904 14.0242 11.0232 8.42457 8.33025 13.9033 9.73028 13.2398 8.02692 7.8498 9.16204 16.1663 12.3656 8.41532
threshold=1.0000000180025095e-35 1.0000000180025095e-35 6.4967820644378671 31.500000000000004 0.21111111342906955 0.49637681245803839 5.1300344467163095 0.94711413979530346 1.0000000180025095e-35 0.41517429053783422 0.46129783987998968 0.39672353863716131 0.34152302145957952 0.81892699003219616 1.0000000180025095e-35 0.62731480598449718 0.2264957278966904 28.500000000000004 0.48795096576213842 0.63178393244743358 0.7320508360862733 0.26158231496810919 0.73423838615417492 0.71241438388824474 0.6764773726463319 7.5845243930816659 0.20362153649330142 3.5000000000000004 0.92380261421203624 0.63702240586280834
decision_type=2 2 2 2 2 2 2 2 2 2 2 2 2 2 2 2 2 2 2 2 2 2 2 2 2 2 2 2 2 2
left_child=-1 2 3 20 5 -5 -6 8 -7 10 -10 13 -13 -8 16 -16 17 -4 -19 -9 21 -2 23 -22 -23 26 29 -28 -29 -18
right_child=1 -3 14 4 6 7 11 19 9 -11 -12 12 -14 -15 15 -17 25 18 -20 -21 22 24 -24 -25 -26 -27 27 28 -30 -31
leaf_value=-0.10289394590593498 0.014005906030664116 0.0013231105378427302 -0.0071944272243876549 -0.050242543556204944 -0.064183742882198538 0.14283980603329768 -0.0099554220527070525 0.13281986589003672 1.0050409692513702 -0.011625652255519559 0.16045638913224497 -0.0073054244910917311 -0.088071369378323716 0.064931103266662252 0.11263443716552744 0.013560657675002001 0.070494341680943165 -0.080298618898661217 -0.0029991562736607193 0.012669448837063427 -0.011776959920215374 -0.054363670343590964 0.015722222603573168 -0.067600795573746417 -0.28554899413392054 -0.00065360119200527634 -0.011432999219631663 -0.013480228656310673 0.11175795157633416 0.018752240047736398
leaf_weight=1.6743863499723364 36.001319620293771 4455.0059759983187 257.61775420924619 14.733807855636767 31.419545759993071 27.576389992692839 46.959028031413254 6.9612404147264888 0.16984634598338644 11.840938067166915 0.66638798906842567 294.49661326001524 20.220343993964434 39.432715931186522 16.136887502618265 193.83947377406366 35.840257662719523 55.224047214439679 27.702487506343004 36.094850017014323 268.07712823032762 108.96115046440013 95.807138692771332 50.486931598874889 1.5228463894454751 1788.3713136485385 210.03289926646676 12.816049676904184 20.48611990092104 255.60013466743112
leaf_count=1392 3831 465100 82936 10269 8185 3139 5097 240 27 4598 394 32795 3641 2761 2917 10519 2591 75899 2002 1298 20050 28935 11778 14002 58 99723 38260 1584 916 13957
internal_value=-4.62752e-05 -2.58233e-05 -0.00154143 -0.00921114 0.00162963 0.0481481 -0.00891495 0.0655491 0.101332 0.0110411 0.331999 -0.00458565 -0.0124946 0.0242258 0.00137156 0.0211746 -0.000189498 -0.018708 -0.0544759 0.0320952 -0.0194665 -0.039964 -0.0122204 -0.0206241 -0.0575502 0.00252509 0.0131551 -0.00116951 0.0635611 0.0251153
internal_weight=8421.78 8420.1 3965.1 1091.43 530.572 98.0435 432.528 83.3097 40.2536 12.6772 0.836234 401.109 314.717 86.3917 2873.67 209.976 2663.69 340.544 82.9265 43.0561 560.857 146.485 414.371 318.564 110.484 2323.15 534.775 243.335 33.3022 291.44
internal_count=948894 947502 482402 151098 72444 19965 52479 9696 8158 5019 421 44294 36436 7858 331304 13436 317868 160837 77901 1538 78654 32824 45830 34052 28993 157031 57308 40760 2500 16548
is_linear=0
shrinkage=0.1


Tree=246
num_leaves=31
num_cat=0
split_feature=15 11 18 14 48 11 13 14 11 13 15 36 48 10 3 48 42 13 10 16 13 11 15 16 10 21 41 27 1 36
split_gain=1.88233 20.1952 26.6483 12.869 9.54927 9.45469 14.2926 13.5966 11.9075 13.2899 10.6911 23.3757 9.85608 7.62529 7.73774 6.68842 9.97461 6.49588 7.84462 7.72383 7.70903 26.1451 19.2694 7.43618 7.22544 7.18651 6.84746 6.69941 6.4364 10.5431
threshold=0.90797033905982982 0.92338585853576671 1.0000000180025095e-35 8.5000000000000018 0.055908948183059699 0.88937833905220043 0.56385868787765514 6.5000000000000009 0.96311411261558544 0.72902098298072826 0.96444374322891246 1.0000000180025095e-35 0.014232188463211061 0.97436282038688671 0.64425608515739452 0.087301582098007216 0.78867623209953319 0.35388994216918951 0.89714422821998607 0.58571431040763866 0.56385868787765514 0.93946442008018505 0.96444374322891246 0.31666667759418493 0.72095924615859996 1.0000000180025095e-35 0.96808147430419933 433.50000000000006 0.79918688535690319 1.0000000180025095e-35
decision_type=2 2 2 2 2 2 2 2 2 2 2 2 2 2 2 2 2 2 2 2 2 2 2 2 2 2 2 2 2 2
left_child=1 -1 4 -4 -3 6 7 28 17 10 11 -10 -11 -8 -15 16 -9 18 -7 20 21 22 26 -23 -21 -24 -19 -28 -2 -30
right_child=5 2 3 -5 -6 8 13 15 9 12 -12 -13 -14 14 -16 -17 -18 19 -20 24 -22 23 25 -25 -26 -27 27 -29 29 -31
leaf_value=-0.00027527062540958809 -0.014589205144158613 0.025830720719605411 0.1507424836014197 0.0036692058521233563 -0.032823232648814246 0.11376554804655295 0.024980103191829854 -0.06460547292714422 0.0023423936805526771 -0.0014951864230115487 0.0079440928397426693 0.13416833777115553 -0.05788891586028088 0.45505926096277904 0.067597271801039666 -0.09968956518089124 0.10217607268782768 -0.043786693809313257 -0.017758844322461526 0.098038830394167303 -0.033111990445613498 0.089822095262393625 0.070229064656745707 -0.041242511660031754 -0.0058635075374356953 -0.046722151330133098 -0.084808728293253199 -0.42122402392770103 0.029647831965913665 -0.0018167062717098722
leaf_weight=5787.2606104255592 184.56999168716743 170.09490751756493 24.100339226875807 7.8995590075646751 33.170096596444637 8.4231825537281129 230.79107450113042 11.951968641385976 28.546752622143686 462.64788304974445 88.098706070906701 25.437463985188515 33.216590783275024 0.82091827096883152 1.3849630238619282 20.092418425628011 5.1229333442024645 99.02287211705152 9.8235472992200794 6.883539671664038 340.87829874592899 29.476906272770066 22.996363706718515 5.0740853599563698 241.64662704608781 6.8102302611150654 1.5859200461418361 0.94448065070901055 148.80415206821181 374.54296841406358
leaf_count=656431 105802 15627 852 197 2951 380 15343 1128 3693 37409 4406 896 2222 44 194 7242 231 3995 472 991 16622 1070 2254 109 20309 753 200 75 19840 27156
internal_value=-4.99715e-05 0.000892282 0.0296128 0.114436 0.0162592 -0.00242474 0.00513168 -0.00162823 -0.00766083 0.00245321 0.0294169 0.064459 -0.00527285 0.0267487 0.211791 -0.0605835 -0.0145665 -0.0160017 0.0429564 -0.017426 -0.0245075 -0.0068289 -0.0271879 0.0705742 -0.00298572 0.043508 -0.0479376 -0.210377 0.00146706 0.00712966
internal_weight=8412.12 6022.53 235.265 31.9999 203.265 2389.59 978.081 745.084 1411.51 637.947 142.083 53.9842 495.864 232.997 2.20588 37.1673 17.0749 773.566 18.2467 755.319 506.789 165.911 131.36 34.551 248.53 29.8066 101.553 2.5304 707.917 523.347
internal_count=948894 676058 19627 1049 18578 272836 176980 161399 95856 48626 8995 4589 39631 15581 238 8601 1359 47230 852 46378 25078 8456 7277 1179 21300 3007 4270 275 152798 46996
is_linear=0
shrinkage=0.1


Tree=247
num_leaves=31
num_cat=0
split_feature=15 11 13 49 33 32 42 16 33 27 36 27 29 43 33 45 42 3 36 10 43 30 13 43 30 31 27 8 8 7
split_gain=1.73336 13.0052 15.0979 7.33026 9.23537 11.4398 9.34351 7.05071 6.9865 11.0401 6.84191 6.78971 9.52343 7.76509 15.4558 10.9708 8.40529 6.95159 6.7022 14.1975 11.7549 11.1598 11.5048 17.7737 10.435 10.1783 8.95139 9.81545 8.51614 15.1959
threshold=0.82626661658287059 0.872827708721161 0.45227272808551794 1.5000000000000002 6.3919711112976083 6.3625564575195321 0.91945946216583263 0.90454545617103588 8.1403241157531756 708.50000000000011 1.0000000180025095e-35 175.50000000000003 0.79683136940002453 1.0000000180025095e-35 5.7683696746826181 0.6521001160144807 0.9761769473552705 0.19695219397544864 1.0000000180025095e-35 0.59313973784446727 0.38873073458671575 0.77943316102027904 0.063508063554763808 0.48602208495140081 0.7135373353958131 9.5042500495910662 389.50000000000006 2147483689.0000005 16.500000000000004 0.55646631121635448
decision_type=2 2 2 2 2 2 2 2 2 2 2 2 2 2 2 2 2 2 2 2 2 2 2 2 2 2 2 2 2 2
left_child=1 3 10 8 5 -5 -7 -4 9 11 -3 12 13 14 15 -1 -15 -16 20 21 24 -20 23 -23 -10 26 -26 -28 29 -21
right_child=-2 2 7 4 -6 6 -8 -9 18 -11 -12 -13 -14 16 17 -17 -18 -19 19 28 -22 22 -24 -25 25 -27 27 -29 -30 -31
leaf_value=0.41393845742654789 -0.001633861376143236 -0.039467131403885934 0.039782280299324124 0.0021717422388017088 -0.013907095256062091 0.16470809103037287 0.83640911223580316 -0.010098195679518295 0.00086534961389581511 -0.040632252140225519 0.16250051841964963 0.0054961719928257081 0.042948039009684746 0.00056965515486249486 0.35566472008198102 0.10393542756193229 0.14581959318568055 0.01509056500109103 0.014137253634702175 0.11070065376312264 -0.0094734615298703393 0.026101122348705805 0.073785489846038388 0.51004661944454521 0.051982029999849959 0.019150728935082854 0.086489515424417185 0.30704810639555002 -0.0089097670382070112 0.010015481156023952
leaf_weight=1.8492559350914941 3785.7032190702266 1.9664979370681948 74.418865574178199 615.95366275175422 690.69512981686228 1.6316031862966145 0.2371952210087328 45.765182246212134 297.41612110889241 42.835778530980861 11.405877571320161 729.20653654943237 137.89729050860842 204.96683071690404 0.6168860805992179 2.9831390569052019 4.0629851510748258 21.050190198168821 40.155460558283494 16.374054599486954 1085.1913447065399 1.4594198794002289 30.566440803610021 1.5810458902851676 19.114201097676418 79.537906795000708 4.9717284449725394 3.395932909406838 271.98831740087917 177.3056408774637
leaf_count=145 436070 231 4473 108391 68975 685 41 5842 80192 9805 362 86229 4792 15724 53 385 163 2759 16770 3489 31672 364 1136 115 590 2290 107 141 38756 28147
internal_value=-4.77542e-05 0.00125288 0.0320034 0.000336783 -0.00596151 0.00292126 0.249963 0.0207882 0.0029329 0.00917665 0.1328 0.0111117 0.0220773 0.00985788 0.0608539 0.222567 0.00339293 0.0247871 -0.000591907 0.00895874 -0.00405043 0.0497211 0.0922388 0.277753 0.0105008 0.0372784 0.0897433 0.176001 0.00250193 0.0185276
internal_weight=8402.3 4616.6 133.556 4483.04 1308.52 617.822 1.8688 120.184 3174.53 1145.47 13.3724 1102.63 373.427 235.529 26.4995 4.83239 209.03 21.6671 2029.06 539.43 1489.63 73.7624 33.6069 3.04047 404.436 107.02 27.4819 8.36766 465.668 193.68
internal_count=948894 512824 10908 501916 178092 109117 726 10315 323824 120055 593 110250 24021 19229 3342 530 15887 2812 203769 88777 114992 18385 1615 479 83320 3128 838 248 70392 31636
is_linear=0
shrinkage=0.1


Tree=248
num_leaves=31
num_cat=0
split_feature=33 43 29 40 18 3 42 43 41 40 12 16 24 27 13 12 32 5 3 2 13 14 45 5 27 3 41 14 1 46
split_gain=1.90482 4.4066 13.6049 8.95952 8.81642 7.08907 5.88664 5.5084 5.49146 10.9662 5.79597 7.49792 8.79673 8.47383 9.27347 7.76528 6.48655 6.53612 8.13714 6.40159 5.61701 5.70198 5.40046 7.00695 17.0484 11.6982 5.25396 6.36134 5.34691 6.6649
threshold=10.106236934661867 0.48795096576213842 0.20301783829927447 0.96580949425697338 1.0000000180025095e-35 0.78611558675766002 0.95040985941886913 0.37938840687274938 0.92380261421203624 0.95293468236923229 0.9095454514026643 0.44949495792388922 0.6764773726463319 241.50000000000003 0.15894736349582675 0.65035662055015575 8.4771885871887225 0.47727273404598242 0.95293468236923229 0.92031747102737438 0.57417583465576183 6.5000000000000009 0.4580716490745545 0.26136364042758947 123.50000000000001 0.77459678053855907 0.84889996051788341 4.5000000000000009 0.50001096725463878 0.675553858280182
decision_type=2 2 2 2 2 2 2 2 2 2 2 2 2 2 2 2 2 2 2 2 2 2 2 2 2 2 2 2 2 2
left_child=-1 3 4 6 -3 -4 8 -5 9 10 11 12 16 14 15 -13 17 18 22 -19 21 -16 23 24 -2 -26 27 28 -15 -30
right_child=1 2 5 7 -6 -7 -8 -9 -10 -11 -12 13 -14 26 20 -17 -18 19 -20 -21 -22 -23 -24 -25 25 -27 -28 -29 29 -31
leaf_value=-0.00083985466036167681 0.86618854083452712 0.032209925493103905 -0.02217874945461866 -0.18501652634480695 0.12735408863503531 0.0061042917273575435 0.050933076434821679 -0.045344446032397796 -0.039890280121765487 0.473379712721336 -0.018299463748861555 0.17121077813004715 0.26253669086859749 -0.011514104873803889 0.057492201159953141 0.62611881136825009 -0.022292078571590615 -0.0030624051333624047 0.21859512978308776 0.10934334378074557 0.17257940527630478 -0.10194037499498781 -0.0040567490791097094 0.047189297044453175 -0.015620122499832523 0.54415708192693268 -0.14976084230367573 -0.03931994074494935 0.045173513171581497 0.2008987732582832
leaf_weight=6593.9278781090989 0.36031880762323298 79.045968441780133 97.879060622170073 3.6873527926090892 11.107922785136905 936.93070826613712 20.567739022868409 12.054264174614216 38.792088679270819 0.48673361521650704 153.33776067399776 1.6400992320086545 1.255148797557921 13.134944801061918 21.55357015001028 0.48656205216320803 116.13047859750429 216.86909451666725 2.5049560178595121 5.1877265252405769 3.7434532027982632 2.5038042400556142 19.111329421572009 14.11213840023265 1.5420184443937617 0.49258340595406469 2.0523498009933965 15.524250847208348 16.950231547867137 3.2802436268084412
leaf_count=757400 62 3563 2809 176 427 48590 965 247 1135 23 11598 460 32 2554 1628 21 95345 4911 150 79 158 330 5608 652 525 43 91 2034 6242 1036
internal_value=-5.06821e-05 0.00282063 0.00667503 -0.00348765 0.0439327 0.0034291 -0.00173976 -0.0780616 -0.00340378 -0.00109203 -0.00146953 0.00415976 -0.00175896 0.0317932 0.0740261 0.27529 -0.00264049 0.00613093 0.0443834 -0.000436364 0.0586301 0.040899 0.0321315 0.0740291 0.232183 0.119904 0.00698219 0.0135621 0.0381671 0.0704234
internal_weight=8406.25 1812.32 1124.96 687.361 90.1539 1034.81 671.62 15.7416 651.052 612.26 611.773 458.435 377.566 80.8695 29.9275 2.12666 376.311 260.18 38.1233 222.057 27.8008 24.0574 35.6184 16.5071 2.39492 2.0346 50.942 48.8897 33.3654 20.2305
internal_count=948894 191494 55389 136105 3990 51399 135682 423 134717 133582 133559 121961 107407 14554 2597 481 107375 12030 7040 4990 2116 1958 6890 1282 630 568 11957 11866 9832 7278
is_linear=0
shrinkage=0.1


Tree=249
num_leaves=31
num_cat=0
split_feature=44 45 49 48 45 6 43 43 42 44 33 31 31 1 33 31 31 45 31 33 12 10 13 2 3 44 15 11 45 33
split_gain=1.7898 5.68187 4.43318 5.07239 5.01036 6.48268 4.75978 4.79718 6.18682 4.55624 4.08996 5.85061 16.0353 4.72078 4.03608 5.73787 9.29573 4.14223 6.22957 3.89454 3.78394 19.21 21.4852 10.1119 12.5848 20.353 11.0873 11.6895 14.687 9.49015
threshold=0.84534624218940746 0.18328720331192019 4.5000000000000009 0.94925978779792797 0.38846023380756384 3.5000000000000004 0.49028824269771581 0.47549861669540411 0.87026643753051769 0.88888886570930492 6.6913399696350107 6.1384429931640634 6.1940138339996347 0.98299729824066173 8.2617969512939471 6.4274587631225595 6.8831124305725107 0.43078289926052099 6.0219464302062997 9.5042500495910662 0.46349540352821356 1.0000000180025095e-35 0.050641026347875602 0.71516755223274242 0.71892556548118602 0.23501719534397128 0.4853654950857163 0.42131063342094427 0.055669337511062629 8.8637833595275897
decision_type=2 2 2 2 2 2 2 2 2 2 2 2 2 2 2 2 2 2 2 2 2 2 2 2 2 2 2 2 2 2
left_child=20 -2 3 6 -5 -6 7 -3 -9 -10 11 -4 -13 -14 15 17 -17 18 -8 -16 21 29 -23 -24 25 -25 27 -26 -29 -1
right_child=1 2 10 4 5 -7 14 8 9 -11 -12 12 13 -15 19 16 -18 -19 -20 -21 -22 22 23 24 26 -27 -28 28 -30 -31
leaf_value=0.0054614524383348496 -0.11226047015377894 0.014469569670676061 -0.02446836789267165 -0.025959472311278493 -0.003097556260132786 0.029590577455155503 0.12425034053767292 0.033158249822120428 -0.11089294397695658 -0.01042176605023295 -0.045952930845631776 0.46248726338314977 -0.022708654491143135 0.10573851001084152 -0.018989072101990134 0.21354707532979053 0.058359767861358464 -0.043590630298856056 -0.018854373945450319 0.035724986305743139 0.00068481008627767641 -0.086146307356546242 -0.059071556859981236 1.9706225019277761 0.046783522570732428 -0.10027112505034158 -0.024795879102392518 0.92727604877221292 0.17227237015608246 -0.010135996782912906
leaf_weight=875.06227164570009 4.1435664803135515 181.33252239926458 26.287511673005611 62.584085878766928 247.41140440869185 80.381103548512328 6.2032031476846914 10.035179763872295 9.8105170874332561 8.3597266036085767 30.990716175511807 0.90961595589032995 7.3832617882180767 4.671824878663756 18.944711244897917 5.0411172037856913 16.472179680829868 6.7513089684362049 5.9690537276910618 41.52445748745231 5908.4564984955578 58.839239481928644 25.537515223945093 0.085790202123461223 22.652686879752768 0.1062160404981114 31.778165785764486 0.32551289023831387 1.2359154890054922 703.86374385085037
leaf_count=36142 101 16495 2648 1107 14856 1321 167 203 142 108 3541 95 871 455 191 112 226 188 147 407 692671 81333 36364 24 6508 169 25952 30 378 25942
internal_value=-5.14605e-05 0.00452654 0.00515413 0.00755468 -3.20135e-05 0.00491821 0.0170948 0.0085021 -0.0298627 -0.0646684 -0.0187964 0.00264447 0.057619 0.0270697 0.0349381 0.0593949 0.0947241 0.0192307 0.0540744 0.0185833 -0.00051671 -0.00464534 -0.0400705 -0.00689622 0.0168191 0.825024 0.0140476 0.0650252 0.329669 -0.00149168
internal_weight=8403.15 775.207 771.064 700.821 390.377 327.793 310.444 209.538 28.2054 18.1702 70.2429 39.2522 12.9647 12.0551 100.906 40.4369 21.5133 18.9236 12.1723 60.4692 7627.94 1719.49 140.561 81.7218 56.1843 0.192006 55.9923 24.2141 1.56143 1578.93
internal_count=948894 43381 43280 35670 17284 16177 18386 16948 453 250 7610 4069 1421 1326 1438 840 338 502 314 598 905513 212842 150758 69425 33061 193 32868 6916 408 62084
is_linear=0
shrinkage=0.1


end of trees

feature_importances:
name_idf_jaccard=452
joint_retrieval=384
name_jw=369
name_rare_missing=325
name_consonant_ratio=325
addr_tset=306
addr_len_ratio=298
name_len_ratio=279
addr_jw=249
addr_jac=240
name_idf_coverage=237
num_jac=224
name_len_diff=222
name_qratio=217
name_rare_shared=210
name_tset=205
name_jac=185
addr_tsr=175
joint_retrieval_behind_best=175
addr_common_tok=168
addr_tsr_behind_best=164
mapped_name_jaccard=153
expanded_name_jaccard=151
name_common_tok=142
name_exact_count=132
name_x_addr_behind_best=129
numeric_coverage=114
name_x_addr=111
mapped_name_tsr=108
cand_count=89
mapped_name_ratio=89
num_conflict=87
name_tsr=85
name_idf_coverage_behind_best=81
expanded_name_tsr=81
name_information=78
mapped_name_tsr_behind_best=69
expanded_name_ratio=58
house_number_conflict=57
addr_exact_count=56
house_number_equal=48
num_missing=42
is_s3=40
country_eq=24
num_common=23
last_number_equal=19
last_number_conflict=11
name_strong_addr_weak=7
addr_exact=5
addr_strong_name_weak=2

parameters:
[boosting: gbdt]
[objective: binary]
[metric: binary_logloss]
[tree_learner: serial]
[device_type: cpu]
[data_sample_strategy: bagging]
[data: ]
[valid: ]
[num_iterations: 250]
[learning_rate: 0.1]
[num_leaves: 31]
[num_threads: 2]
[seed: 20261002]
[deterministic: 0]
[force_col_wise: 0]
[force_row_wise: 0]
[histogram_pool_size: -1]
[max_depth: -1]
[min_data_in_leaf: 80]
[min_sum_hessian_in_leaf: 0.001]
[bagging_fraction: 1]
[pos_bagging_fraction: 1]
[neg_bagging_fraction: 1]
[bagging_freq: 0]
[bagging_seed: 17238]
[bagging_by_query: 0]
[feature_fraction: 0.95]
[feature_fraction_bynode: 1]
[feature_fraction_seed: 2936]
[extra_trees: 0]
[extra_seed: 2036]
[early_stopping_round: 0]
[early_stopping_min_delta: 0]
[first_metric_only: 0]
[max_delta_step: 0]
[lambda_l1: 0]
[lambda_l2: 0]
[linear_lambda: 0]
[min_gain_to_split: 0]
[drop_rate: 0.1]
[max_drop: 50]
[skip_drop: 0.5]
[xgboost_dart_mode: 0]
[uniform_drop: 0]
[drop_seed: 13090]
[top_rate: 0.2]
[other_rate: 0.1]
[min_data_per_group: 100]
[max_cat_threshold: 32]
[cat_l2: 10]
[cat_smooth: 10]
[max_cat_to_onehot: 4]
[top_k: 20]
[monotone_constraints: ]
[monotone_constraints_method: basic]
[monotone_penalty: 0]
[feature_contri: ]
[forcedsplits_filename: ]
[refit_decay_rate: 0.9]
[cegb_tradeoff: 1]
[cegb_penalty_split: 0]
[cegb_penalty_feature_lazy: ]
[cegb_penalty_feature_coupled: ]
[path_smooth: 0]
[interaction_constraints: ]
[verbosity: -1]
[saved_feature_importance_type: 0]
[use_quantized_grad: 0]
[num_grad_quant_bins: 4]
[quant_train_renew_leaf: 0]
[stochastic_rounding: 1]
[linear_tree: 0]
[max_bin: 255]
[max_bin_by_feature: ]
[min_data_in_bin: 3]
[bin_construct_sample_cnt: 200000]
[data_random_seed: 5353]
[is_enable_sparse: 1]
[enable_bundle: 1]
[use_missing: 1]
[zero_as_missing: 0]
[feature_pre_filter: 1]
[pre_partition: 0]
[two_round: 0]
[header: 0]
[label_column: ]
[weight_column: ]
[group_column: ]
[ignore_column: ]
[categorical_feature: ]
[forcedbins_filename: ]
[precise_float_parser: 0]
[parser_config_file: ]
[objective_seed: 117]
[num_class: 1]
[is_unbalance: 0]
[scale_pos_weight: 1]
[sigmoid: 1]
[boost_from_average: 1]
[reg_sqrt: 0]
[alpha: 0.9]
[fair_c: 1]
[poisson_max_delta_step: 0.7]
[tweedie_variance_power: 1.5]
[lambdarank_truncation_level: 30]
[lambdarank_norm: 1]
[label_gain: ]
[lambdarank_position_bias_regularization: 0]
[eval_at: ]
[multi_error_top_k: 1]
[auc_mu_weights: ]
[num_machines: 1]
[local_listen_port: 12400]
[time_out: 120]
[machine_list_filename: ]
[machines: ]
[gpu_platform_id: -1]
[gpu_device_id: -1]
[gpu_device_id_list: ]
[gpu_use_dp: 0]
[num_gpu: 1]

end of parameters

pandas_categorical:null
