tree
version=v4
num_class=1
num_tree_per_iteration=1
label_index=0
max_feature_idx=14
objective=binary sigmoid:1
feature_names=name_jw name_tsr name_qratio name_jac name_len_ratio addr_jw addr_tsr addr_jac addr_len_ratio num_jac country_eq is_s3 addr_missing num_conflict name_x_addr
feature_infos=[0:1] [0:1] [0:1] [0:1] [0.035714287310838699:1] [0:1] [0:1] [0:1] [0:1] [0:1] [0:1] [0:1] [0:1] [0:1] [0:1]
tree_sizes=3403 3380 3394 3425 3456 3447 3468 3469 3460 3475 3461 3479 3494 3485 3485 3482 3486 3492 3489 3481 3500 3487 3492 3501 3459 3484 3492 3500 3521 3504 3491 3487 3495 3493 3493 3509 3495 3487 3490 3496 3513 3525 3451 3494 3506 3479 3509 3511 3479 3434 3506 3511 3461 3479 3508 3528 3456 3503 3501 3468 3458 3490 3464 3474 3505 3494 3462 3435 3463 3477 3430 3491 3494 3440 3426 3501 3465 3446 3485 3466 3456 3470 3489 3489 3485 3484 3441 3476 3478 3461 3493 3446 3439 3451 3454 3471 3460 3475 3457 3471

Tree=0
num_leaves=31
num_cat=0
split_feature=14 9 1 7 0 14 13 9 14 9 3 9 1 5 3 13 7 2 4 9 0 13 8 0 6 8 3 7 3 5
split_gain=4.65272e+06 470084 106754 79272.9 105452 66263.5 35914 45470.8 32051.7 99055.9 23186.9 21231.8 30686.3 12622.4 22945.8 12418.2 11761.9 11748.7 10615.1 10376 9539.75 7919.17 8502.61 7569.63 7311.13 7180.43 5780.67 5748.15 5628.65 4907.35
threshold=0.5391930639743806 0.43650794029235845 0.91922956705093395 0.61721614003181469 0.72896364331245433 0.63266637921333324 1.0000000180025095e-35 0.10555555671453477 0.46535137295722967 0.43650794029235845 0.94999998807907116 0.91883116960525524 0.88203665614128124 1.0000000180025095e-35 0.5634920895099641 1.0000000180025095e-35 0.2639319002628327 0.49295215308666235 0.31866537034511572 0.76388889551162731 0.93549084663391124 1.0000000180025095e-35 0.54909998178482067 0.75065314769744884 0.97934588789939891 0.80972057580947887 0.095454547554254546 0.87749999761581432 0.080128207802772536 0.86778396368026745
decision_type=2 2 2 2 2 2 2 2 2 2 2 2 2 2 2 2 2 2 2 2 2 2 2 2 2 2 2 2 2 2
left_child=3 2 6 8 17 16 7 -2 13 21 15 12 20 14 -1 -7 -4 18 27 -6 25 22 -10 -11 -8 -3 -27 -5 -19 -15
right_child=1 11 5 4 19 10 24 -9 9 23 -12 -13 -14 29 -16 -17 -18 28 -20 -21 -22 -23 -24 -25 -26 26 -28 -29 -30 -31
leaf_value=-3.7275671552413816 0.78420787392866398 1.1769435514453965 -3.1319876333054895 -2.8783643189502248 -0.70928354435964369 1.1576701739763031 -2.8914984367609833 -2.3245644005910107 0.74652549850878103 -1.9309696034317405 1.9774705215469366 2.0833171610211503 1.9944200301039077 -3.7747589499393759 -2.870015111344649 -1.4564314899994342 0.74929347992715911 -0.76269050294540941 -3.4833824675501779 1.8781754528093186 1.4656957639896122 -3.680677816971393 -2.890776830749286 1.3009185475301619 0.26891530703020106 1.2210820581834927 -1.4251235996224452 -0.041036707146865581 -2.7177989739816772 -3.3647238999226725
leaf_weight=2464.2114597484469 180.79105433821678 39.901150688529015 114.30595594644547 32.385005682706833 50.923150457441807 77.532324150204659 613.27212686091661 255.42285714298487 16.066392503678799 18.966919183731079 315.67812913656235 2705.9134232997894 376.71528738737106 171765.40851486474 981.73981904983521 86.51134429872036 20.757678218185902 62.954028129577637 715.34544129669666 110.6235438734293 65.148338712751865 802.91611723601818 144.64798206835985 116.22282060980797 16.923939444124699 21.43867127597332 139.02348014712334 31.880565464496613 69.940515212714672 659.25178728997707
leaf_count=8857 6807 1487 1283 600 1582 3055 12497 6707 618 372 12459 106809 14860 353134 34839 3297 804 2192 5581 4329 2583 3144 1992 4399 595 850 3973 1150 911 4098
internal_value=-3.62757 0.871679 -1.17484 -3.75467 -2.46989 0.399411 -2.0824 -1.03612 -3.76246 -2.95486 1.22572 1.89929 1.12395 -3.76751 -3.48325 -0.220923 -2.53548 -3.09526 -3.31748 1.06255 -0.1111 -3.48829 -2.52716 0.847489 -2.80663 -0.623796 -1.07158 -1.47084 -1.79164 -3.77319
internal_weight=183073 5029.34 1681.2 178043 1074.05 614.785 1066.41 436.214 176969 1098.82 479.722 3348.14 642.227 175871 3445.95 164.044 135.064 912.506 779.611 161.547 265.512 963.63 160.714 135.19 630.196 200.363 160.462 64.2656 132.895 172425
internal_count=605864 178066 47504 427798 16345 20898 26606 13514 411453 10525 18811 130562 23753 400928 43696 6352 2087 10434 7331 5911 8893 5754 2610 4771 13092 6310 4823 1750 3103 357232
is_linear=0
shrinkage=1


Tree=1
num_leaves=31
num_cat=0
split_feature=14 8 14 3 7 7 6 9 7 2 7 3 13 14 8 0 13 7 7 13 9 0 1 3 3 0 13 7 5 7
split_gain=72972.5 10088.1 13956.5 8962.06 8610.47 5953.21 5180.72 6702.2 5007.79 3958.19 8715.97 4652.13 3914.66 2889.92 16161.3 4822.8 3033.54 8353.86 4927.22 2861.23 1935.97 1874.4 1577.75 1515.08 1304.39 1231.53 1001.68 1237.45 990.544 948.418
threshold=0.41829130053520208 0.24336075037717822 0.28637890517711645 0.43650794029235845 0.17752101272344592 0.43874999880790716 0.46437035501003271 0.14835165441036227 0.15075758099555972 0.61938297748565685 0.61721614003181469 0.11805555596947671 1.0000000180025095e-35 0.46535137295722967 0.46693989634513861 0.87071269750595104 1.0000000180025095e-35 0.61721614003181469 0.32795698940753942 1.0000000180025095e-35 0.64583334326744091 0.7929348647594453 0.86222714185714733 0.60769233107566845 0.44949495792388922 0.9086863398551942 1.0000000180025095e-35 0.061553031206130988 0.79553547501564037 0.2639319002628327
decision_type=2 2 2 2 2 2 2 2 2 2 2 2 2 2 2 2 2 2 2 2 2 2 2 2 2 2 2 2 2 2
left_child=1 2 3 -1 -2 29 7 -6 22 20 11 -11 -4 14 19 24 17 18 23 -8 -7 -13 -5 28 -16 -10 27 -24 -17 -3
right_child=4 5 12 8 6 9 13 -9 25 10 -12 21 -14 -15 15 16 -18 -19 -20 -21 -22 -23 26 -25 -26 -27 -28 -29 -30 -31
leaf_value=-0.13441814911009753 -0.12029298849978542 -0.15129422509332816 6.2300425779313819 0.089774904965962909 0.45356710880452122 -0.087017941646684444 5.9914661125433577 6.2683269738294811 2.1412204217559196 5.014797157307739 0.26457845443493033 0.042510641856525311 0.90171404374610664 0.15245466280412187 0.10262556631776865 0.65917922183363775 0.1678581735558061 0.23487694213421925 4.6005929302774913 0.67099163244894278 0.1747443796006907 3.4015726395064223 0.3600310194265347 3.9640757804451505 0.95383701683282407 6.0234483368004321 -0.13022890685221541 2.9026564222089468 2.9674410015850317 -0.08471597626870242
leaf_weight=2734.7025019675493 2660.8820301108062 140906.1358544901 10.480170704424379 915.6543789524585 11.861448761075737 1436.3283193781972 13.645399920642378 7.1475641205906859 3.5299320183694354 14.567286316305401 132.337995685637 9.9384765401482564 4.4069337658584109 22238.739505227655 596.96965879015625 19.381738781929023 54.081475980579853 53.618355371057987 22.114133842289448 2.7290800437331191 1140.5139273870736 5.9907927326858035 1486.4383115209639 5.2457567267119876 43.453873060643673 3.8368825800716877 96.930619727820158 4.3192335925996295 5.3342172652482978 4984.4230911694467
leaf_count=7160 8023 325059 478 10182 123 4377 620 326 104 538 861 52 125 189658 3065 257 369 386 814 48 8176 194 28777 197 586 175 298 121 146 14569
internal_value=-0.0985835 -0.137681 0.0664644 0.053448 0.135208 -0.144906 0.164672 2.63997 0.258075 0.0741615 0.791395 3.07748 4.65273 0.162631 0.439775 0.344316 1.08158 1.54911 2.90226 5.10472 0.0288384 1.30581 0.246583 1.64876 0.160382 4.16321 0.337017 0.367398 1.15735 -0.14902
internal_weight=179626 153891 5260.3 5245.41 25735.2 148630 23074.3 19.009 2510.71 2739.68 162.835 30.4966 14.8871 23055.3 816.574 800.199 159.776 105.694 52.0758 16.3745 2576.84 15.9293 2503.34 29.9617 640.424 7.36681 1587.69 1490.76 24.716 145891
internal_count=605864 401246 47420 46817 204618 353826 196595 449 39657 14198 1645 784 603 196146 6488 5820 2169 1800 1414 668 12553 246 39378 600 3651 279 29196 28898 403 339628
is_linear=0
shrinkage=0.15


Tree=2
num_leaves=31
num_cat=0
split_feature=14 5 7 3 0 7 14 3 3 7 9 9 3 0 3 3 14 14 9 4 2 4 6 9 7 11 8 14 14 6
split_gain=58462.3 8543.5 5849.17 4819.08 4383.45 3869.43 4143.62 5650.32 3806.27 3187.13 2287.98 1931.03 1661.68 1068.29 1429.66 1678.66 1354.06 1051.31 1408.69 1112.18 962.183 1067.82 1300.19 961.833 872.476 761.758 741.025 10948.7 2930.45 5313.97
threshold=0.44444443285465246 1.0000000180025095e-35 0.35504202544689184 0.41428571939468389 0.76600861549377453 0.43095238506793981 0.41829130053520208 0.10555555671453477 0.44949495792388922 0.17752101272344592 0.64583334326744091 0.38750000298023229 0.31666667759418493 0.76600861549377453 0.36931818723678594 0.11805555596947671 0.5391930639743806 0.5391930639743806 0.91883116960525524 0.69604039192199718 0.25176055729389196 0.31866537034511572 0.96787098050117504 0.91883116960525524 0.94868421554565441 1.0000000180025095e-35 0.35859310626983648 0.35297878086566931 0.41829130053520208 0.39141938090324407
decision_type=2 2 2 2 2 2 2 2 2 2 2 2 2 2 2 2 2 2 2 2 2 2 2 2 2 2 2 2 2 2
left_child=1 3 26 -1 10 6 7 -6 -9 -2 -4 -10 20 14 15 -11 23 -17 -19 -20 21 -12 -23 -16 -14 -24 27 -3 29 -29
right_child=9 2 4 -5 5 -7 -8 8 11 13 12 -13 24 -15 16 17 -18 18 19 -21 -22 22 25 -25 -26 -27 -28 28 -30 -31
leaf_value=-0.13279195069546371 -0.099484499871512158 -0.11479049589195106 -0.11499000552956028 0.1848632400714823 5.4291472534107843 0.23993260968980942 0.26750794038685372 0.52731841377492139 1.2631720256144938 0.10732402971543117 0.12772004015442912 5.7293490488661991 2.0482631895418133 0.15021444319746613 0.27373343708301812 -0.078133404997701245 0.11600826687818186 -0.18273560679376896 0.012660268744275036 -1.1591730640649258 0.022356881147288305 0.37387675420995942 0.88951077909326459 1.2443094424513488 0.34300220549337573 2.3924007794382072 -0.15034201764397606 0.86358056915791537 0.47574202812557875 4.4108867836643215
leaf_weight=1716.4338067658246 1346.8993214853108 3994.1607407275587 2744.326084157452 2873.5505372807384 10.128974564373491 481.52063145488501 44.194353634491563 27.140836311504245 3.4947361052036268 615.42967602051795 267.24519865214825 5.7820607870817184 14.872938701882958 19073.232594251633 50.639527564868331 363.56172629259527 1052.1249756664038 152.07349954918027 23.471703514456749 81.496548265218735 1134.8877967316657 90.499834921211004 18.947481084614992 42.049645716324449 12.36174114793539 12.657558411359789 123222.23510660976 18.035411845892668 19.606671685352921 20.08150820620358
leaf_count=5112 5038 12653 7907 38584 413 3503 337 272 75 3890 1457 253 298 176017 396 944 9983 401 269 459 5541 1190 386 458 66 353 328166 305 325 813
internal_value=-0.098026 -0.135106 -0.142095 0.0660754 0.0192707 0.409254 1.30776 2.29545 1.42386 0.124337 -0.0326806 4.04686 0.112912 0.138389 0.0436496 -0.0682155 0.164428 -0.242292 -0.474478 -0.897142 0.092162 0.295632 0.663133 0.714048 1.27425 1.49141 -0.148267 -0.0851485 1.96592 2.73244
internal_weight=159533 136732 132142 4589.98 4868.06 572.262 90.741 46.5466 36.4176 22801 4295.8 9.2768 1551.47 21454.1 2380.85 1236.03 1144.81 620.603 257.042 104.968 1524.24 389.35 122.105 92.6892 27.2347 31.605 127274 4051.88 57.7236 38.1169
internal_count=605864 408009 364313 43696 22051 4853 1350 1013 600 197855 17198 328 9291 192817 16800 5963 10837 2073 1129 728 8927 3386 1929 854 364 739 342262 14096 1443 1118
is_linear=0
shrinkage=0.15


Tree=3
num_leaves=31
num_cat=0
split_feature=14 5 7 1 7 13 0 4 3 3 4 7 0 11 3 7 14 1 13 3 2 13 7 2 3 9 0 4 13 14
split_gain=49286.2 7717.63 4812.81 3198.19 2501.79 1364.09 1110.79 920.044 1199.57 1636 922.431 836.372 4949.38 1719.87 1273.55 3757.94 1790.05 2567.61 2992.96 846.154 788.98 951.708 1398.81 760.24 718.105 705.059 682.567 669.753 647.356 911.391
threshold=0.44444443285465246 1.0000000180025095e-35 0.43874999880790716 0.74862635135650646 0.19722222536802295 1.0000000180025095e-35 0.92677852511405956 0.62192192673683178 0.11805555596947671 0.43650794029235845 0.81725418567657482 0.21132376790046695 0.75796177983284008 1.0000000180025095e-35 0.080128207802772536 0.35504202544689184 0.41829130053520208 0.7320508360862733 1.0000000180025095e-35 0.31666667759418493 0.65142410993576061 1.0000000180025095e-35 0.62828946113586437 0.7320508360862733 0.38750000298023229 0.73214286565780651 0.67300590872764599 0.50333333015441906 1.0000000180025095e-35 0.35297878086566931
decision_type=2 2 2 2 2 2 2 2 2 2 2 2 2 2 2 2 2 2 2 2 2 2 2 2 2 2 2 2 2 2
left_child=1 3 11 -1 -2 26 7 -6 20 23 25 -3 24 -14 15 16 17 18 -15 -16 -9 -22 -23 -10 -13 -11 27 -4 29 -21
right_child=4 2 5 -5 6 -7 -8 8 9 10 -12 12 13 14 19 -17 -18 -19 -20 28 21 22 -24 -25 -26 -27 -28 -29 -30 -31
leaf_value=-0.10824260955681141 -0.082257906186667354 -0.15054764938359347 0.16773553653763865 0.14369189011965172 0.1853489716988572 -0.1396962168485886 0.15622729787960007 0.021953491920893142 -0.17087147314694212 -0.09970305556733132 0.13095111805638729 -0.14189378456118706 0.0043567658204475643 6.6169391199538108 -0.046853831971683753 0.21293954198434378 0.73310922949630775 0.64724992440839035 1.2562757380582958 1.123309464743351 0.22539728318514712 1.8489418688087944 0.26705028284647803 0.038655683269523691 0.61042108220894065 0.14819862642894135 0.22098539756125843 -0.024210286431840249 -0.024213912808520584 0.41304385874219723
leaf_weight=1792.9222359601408 1393.7674343530089 103290.70086076483 637.2056919336319 3083.6411743946373 1674.273440618068 732.7651780359447 11475.409098982811 456.30971915647388 1057.4850515816361 859.34220573306084 2768.1844757851213 7963.1021258048713 383.20676391758025 7.0374464076012391 99.731490202248096 43.013706846162677 7.802360324189066 4.799985345453023 3.5132846031337976 50.821190454909811 918.09792529046535 20.51183745265007 32.514293417334557 616.94224554300308 28.650423590093851 368.97101716324687 682.37528119049966 1142.1510337814689 52.32449185103178 203.0760365332826
leaf_count=7281 5909 317294 4698 36415 14994 1807 122617 2785 3877 3258 26430 24261 1928 344 442 347 69 40 74 914 8551 350 200 4541 315 4343 4911 4701 325 1843
internal_value=-0.0962533 -0.133769 -0.141585 0.0510654 0.112129 0.0399627 0.125509 0.0853268 0.0617348 0.030798 0.0829473 -0.146756 -0.102493 0.24045 0.43208 1.04231 2.5831 3.52341 4.83189 0.332618 0.184641 0.261084 0.878966 -0.0936713 -0.139197 -0.0252363 0.0934404 0.0445275 0.456206 0.555214
internal_weight=141851 120209 115332 4876.56 21641.8 3194.5 20248 8772.63 7098.36 5670.92 3996.5 112138 8847.08 855.327 472.12 66.1668 23.1531 15.3507 10.5507 405.953 1427.43 971.124 53.0261 1674.43 7991.75 1228.31 2461.73 1779.36 306.222 253.897
internal_count=605864 408009 364313 43696 197855 16117 191946 69329 54335 42449 34031 348196 30902 6326 4398 874 527 458 418 3524 11886 9101 550 8418 24576 7601 14310 9399 3082 2757
is_linear=0
shrinkage=0.15


Tree=4
num_leaves=31
num_cat=0
split_feature=14 5 7 7 3 0 13 3 3 2 2 7 3 2 13 2 3 4 14 4 2 3 9 4 3 7 4 0 4 5
split_gain=41378.6 7104.57 4050.94 2464.74 2396.62 1108.72 992.371 811.015 1658.17 1008.33 631.382 621.791 4655.15 1259.79 1193.18 694.492 623.679 585.146 594.083 506.282 552.985 700.484 505.583 486.404 476.003 436.803 432.221 552.639 452.793 412.606
threshold=0.4347826093435288 1.0000000180025095e-35 0.43874999880790716 0.15075758099555972 0.41428571939468389 0.94000121951103222 1.0000000180025095e-35 0.087121214717626586 0.43650794029235845 0.77836257219314586 0.65142410993576061 0.17519181966781619 0.44949495792388922 0.73746865987777721 1.0000000180025095e-35 0.60495716333389293 0.16025641560554507 0.39314988255500799 0.66591396927833568 0.54027026891708385 0.55612832307815563 0.31666667759418493 0.73214286565780651 0.64051282405853283 0.86607143282890331 0.3390804678201676 0.69604039192199718 0.85185325145721447 0.87138131260871898 0.74645522236824047
decision_type=2 2 2 2 2 2 2 2 2 2 2 2 2 2 2 2 2 2 2 2 2 2 2 2 2 2 2 2 2 2
left_child=1 4 11 29 -1 7 19 10 17 -10 -5 -3 13 -13 15 -14 25 -9 -19 -4 21 -21 24 -17 26 -15 -11 -28 -29 -2
right_child=3 2 6 5 -6 -7 -8 8 9 22 -12 12 14 16 -16 23 -18 18 -20 20 -22 -23 -24 -25 -26 -27 27 28 -30 -31
leaf_value=-0.12741319666347703 -0.12386500047363637 -0.15085268281449252 0.16123972771686795 0.051654494301713823 0.10357262661419343 0.14921356426083299 -0.1369775016095493 0.42042053688542869 0.15534917383929919 0.10283487274667247 0.2440020147290905 -0.13876114710866663 1.2382722443524121 1.0213759309519372 -0.068995786446759036 1.0024782925926363 0.021729672323611022 -0.11083188434516057 0.066574892964672103 -0.061261039360431355 0.17201949103909916 0.57660142329178365 0.12122129024295994 0.37849212785376607 0.28346464819760586 0.25117105072555129 0.13011184566953399 -0.19822009754747227 -0.0077503916316358041 0.24416510198253163
leaf_weight=1390.4596527516842 1204.722863337025 85631.359819584526 927.5139273032546 604.68870401196182 3700.2608464471996 9414.4001339850947 630.47307932749391 57.581365209072828 3321.9161995681934 429.48661922570318 1051.9660949837416 10615.003298602067 26.904970784205943 33.897109806071967 106.76770152337849 31.352250311523676 79.399143131449819 1609.0649026781321 577.00486014783382 1017.6830386500806 389.78229510691017 40.269874384626746 1003.5324624329805 271.63271299940243 116.92985960654914 32.406245792284608 255.47099685389549 635.1472748350352 503.38725946191698 72.675923387520015
leaf_count=5112 4384 303163 6563 3812 38584 111541 1754 531 32737 2636 10455 37876 416 557 602 484 434 7140 4963 4026 2682 343 13652 2741 1279 294 1906 1601 2855 741
internal_value=-0.0940099 -0.132369 -0.141183 0.098952 0.0404821 0.112122 0.0303145 0.0777737 0.0590802 0.0987026 0.173794 -0.146506 -0.113265 -0.132748 0.366855 0.507916 0.305324 -0.0515736 -0.064006 0.0747196 0.0192891 -0.0369815 0.0347833 0.443061 -0.00991996 0.644933 -0.028733 -0.0692684 -0.114007 -0.102926
internal_weight=125783 104925 99834.4 20858 5090.72 19580.6 3005.72 10166.2 8509.52 6265.87 1656.65 96828.7 11197.4 10760.7 436.658 329.89 145.702 2243.65 2186.07 2375.25 1447.74 1057.95 2943.95 302.985 1940.42 66.3034 1823.49 1394.01 1138.53 1277.4
internal_count=605864 405631 361935 200233 43696 195108 15368 83567 69300 56666 14267 346567 43404 39161 4243 3641 1285 12634 12103 13614 7051 4369 23929 3225 10277 851 8998 6362 4456 5125
is_linear=0
shrinkage=0.15


Tree=5
num_leaves=31
num_cat=0
split_feature=14 5 7 7 3 13 0 4 3 3 2 2 2 7 3 2 9 0 14 9 8 2 3 0 2 1 4 1 3 2
split_gain=34747.2 6540.13 3736.83 1919.04 1743.42 1047.87 920.721 736.947 714.023 1109.25 647.076 584.591 552.624 537.68 3654.08 981.644 957.291 516.332 497.378 495.865 439.445 458.114 583.513 651.627 437.027 394.091 315.094 304.746 380.173 373.526
threshold=0.4347826093435288 1.0000000180025095e-35 0.42582418024539953 0.19722222536802295 0.41428571939468389 1.0000000180025095e-35 0.92381352186203014 0.58086311817169201 0.11805555596947671 0.43650794029235845 0.65142410993576061 0.65545505285263073 0.7320508360862733 0.16064515709877017 0.44949495792388922 0.8263767957687379 0.43650794029235845 0.66669553518295299 0.56862422823905956 0.64583334326744091 0.44935679435729986 0.61938297748565685 0.11805555596947671 0.8020712435245515 0.86526826024055492 0.24283373355865481 0.23166368901729587 0.88548010587692272 0.94999998807907116 0.77015757560729992
decision_type=2 2 2 2 2 2 2 2 2 2 2 2 2 2 2 2 2 2 2 2 2 2 2 2 2 2 2 2 2 2
left_child=1 4 13 18 24 17 7 -5 10 12 -9 -11 -10 -3 15 20 -16 25 -2 27 21 -15 23 -23 -1 26 -4 28 29 -13
right_child=3 2 5 6 -6 -7 -8 8 9 11 -12 19 -14 14 16 -17 -18 -19 -20 -21 -22 22 -24 -25 -26 -27 -28 -29 -30 -31
leaf_value=-0.13583230791857764 -0.10831004025239628 -0.1505638233715377 -0.06284005796593746 0.17828248228016422 0.080305848670522331 -0.13366602052586168 0.13294296926583613 0.010852736618381671 -0.14112359243257661 0.20057786740618105 0.22344549729190738 0.033985280508644487 0.037168432598844538 -0.075011168648482077 0.096891102426856987 0.59568808836393417 0.51079805304840709 0.1782042932378245 0.16797057983713093 0.11376634191560221 -0.14258499868885599 2.5362771901642636 0.10470328018124178 0.57041168635655115 0.54150496890514332 -0.017499739206494183 0.21155594912868003 0.11514372500194749 0.59137134528051816 -0.11406768347679656
leaf_weight=1207.2060981346294 1279.3619536422193 72915.438033971004 127.66130673326552 1113.8184435423464 4025.3614372126758 795.81697459518909 10167.716953599826 515.67240617796779 1100.3388400413096 622.75224373210222 858.3300796430558 726.46401369571686 606.89752299897373 199.51018357649446 289.53062030952424 41.283980388659984 222.22162040525291 656.18575838115066 165.58735982142389 1293.0299523281865 9752.3349208375439 4.8869967581704286 59.977096614427865 16.959667645220179 21.820274650119245 1377.5043305438012 358.81348816677928 375.31575275957584 21.4742112159729 811.94747569039464
leaf_count=4546 5341 298637 653 10908 38584 2569 125113 3151 4339 6463 9416 4344 4558 1096 2074 512 2476 4935 1544 18148 39270 128 424 244 566 6114 2803 3768 157 2983
internal_value=-0.0912885 -0.129941 -0.139776 0.0897418 0.0325629 0.016388 0.102942 0.0650301 0.0468335 0.0228983 0.143658 0.0675153 -0.0777434 -0.145977 -0.114389 -0.13425 0.276625 0.063772 -0.076649 0.0418464 -0.137253 0.0475701 0.346459 1.01017 -0.123807 0.0234879 0.139549 -0.00620783 -0.0354056 -0.0441546
internal_weight=111731 92072.5 86818.1 19658.7 5254.39 3315.98 18213.8 8046.04 6932.22 5558.22 1374 3850.98 1707.24 83502.1 10586.7 10075 511.752 2520.16 1444.95 3228.23 10033.7 281.334 81.8238 21.8467 1229.03 1863.98 486.475 1935.2 1559.89 1538.41
internal_count=605864 405631 361935 200233 43696 17074 193348 68235 57327 44760 12567 35863 8897 344861 46224 41674 4550 14505 6885 29400 41162 1892 796 372 5112 9570 3456 11252 7484 7327
is_linear=0
shrinkage=0.15


Tree=6
num_leaves=31
num_cat=0
split_feature=14 8 7 7 3 0 9 9 7 3 2 13 3 2 3 3 3 4 11 0 4 13 6 2 4 3 9 5 7 2
split_gain=29170.1 6091.57 3500.48 1514.67 1499.29 858.294 848.193 639.013 527.698 2558.43 738.049 554.551 507.017 1036.14 506.067 489.802 446.738 433.32 423.931 356.175 348.246 507.266 332.295 324.163 465.529 318.697 455.2 315.849 315.173 314.849
threshold=0.4347826093435288 0.20902306586503985 0.42582418024539953 0.15075758099555972 0.41428571939468389 0.95285052061080944 0.43650794029235845 0.64583334326744091 0.17519181966781619 0.44949495792388922 0.72438782453536998 1.0000000180025095e-35 0.087121214717626586 0.71834933757781994 0.43650794029235845 0.16025641560554507 0.31666667759418493 0.65261757373809826 1.0000000180025095e-35 0.88002020120620739 0.84698995947837841 1.0000000180025095e-35 0.6068190634250642 0.56374141573905956 0.50333333015441906 0.78888890147209179 0.43650794029235845 0.8390769660472871 0.84807693958282482 0.89498749375343334
decision_type=2 2 2 2 2 2 2 2 2 2 2 2 2 2 2 2 2 2 2 2 2 2 2 2 2 2 2 2 2 2
left_child=1 4 8 22 29 7 28 12 -3 10 -10 18 13 -5 -14 -12 23 19 -11 -16 25 -22 -2 24 -8 26 -7 -19 -4 -1
right_child=3 2 6 5 -6 20 16 -9 9 11 15 -13 14 -15 17 -17 -18 27 -20 -21 21 -23 -24 -25 -26 -27 -28 -29 -30 -31
leaf_value=-0.12968808756298361 -0.12250860029499587 -0.15017226823178451 -0.097264897100624872 -0.0014852653137703566 0.063545782917720992 0.33385409028275304 0.12073176314865557 0.10804698064889239 -0.1373972716080982 0.042795638842418438 0.50331923648602206 -0.077348534725622656 -0.064960226341092317 0.35592173849102005 -0.088812042230466307 -0.025067671792384501 0.33117798539936172 -0.019010301859950406 0.40225974212811916 0.19110023809662721 0.14053870555531439 0.032183491942440162 0.15005924986661412 0.21573700935658108 -0.042427647060513295 0.059952877168789463 0.14365346926160516 0.071088649191127617 0.28629817227561538 0.45735116093404321
leaf_weight=1270.1168448934295 947.73059942480177 63572.278633016169 1217.3444057619199 430.73252249136567 4422.5153365740152 542.21819477248937 711.55606365948915 4471.770333987195 7783.637005653698 100.13323064241558 65.072698197909631 107.94641914684325 1266.6034542638808 316.68998939730227 121.93957113474607 100.33707384578884 142.24289525253698 1974.8940445575863 280.8991620585075 634.50344422645867 4151.032193781808 1269.3907525008544 112.59271304681897 245.3586472067982 880.1598935732618 296.77379121538252 592.46092507895082 1572.4838812686503 50.188412586227059 20.894772475585341
leaf_count=5628 4074 301499 4702 2254 39523 4361 4976 61769 36171 518 801 591 5281 2245 591 532 1144 11818 2821 4421 69674 9577 1051 2096 3842 2605 10443 10069 314 473
internal_value=-0.0882898 -0.127289 -0.138625 0.0805576 0.0220301 0.0910231 0.0137268 0.0646572 -0.145494 -0.110249 -0.130734 0.222771 0.0339459 0.149951 0.0183806 0.182801 0.0750789 0.0429076 0.307795 0.145978 0.132541 0.115163 -0.0935654 0.0552494 0.0305107 0.198346 0.234543 0.0209288 -0.0820776 -0.120187
internal_weight=99672.5 80970.7 75257.2 18701.8 5713.53 17641.5 3246.85 10789.6 72010.3 8438.03 7949.05 488.979 6317.85 747.423 5570.42 165.41 1979.32 4303.82 381.032 756.443 6851.88 5420.42 1060.32 1837.07 1591.72 1431.45 1134.68 3547.38 1267.53 1291.01
internal_count=605864 405631 360007 200233 45624 195108 17074 98448 342933 41434 37504 3930 36679 4499 32180 1333 12058 26899 3339 5012 96660 79251 5125 10914 8818 17409 14804 21887 5016 6101
is_linear=0
shrinkage=0.15


Tree=7
num_leaves=31
num_cat=0
split_feature=14 8 7 3 7 13 9 7 8 5 0 3 3 0 7 4 0 6 5 2 9 3 5 4 9 3 2 7 4 9
split_gain=24488.8 5788.47 3317.32 1799.75 1207.72 939.056 865.154 797.886 529.424 503.316 454.37 453.744 508.26 408.078 384.689 382.242 509.154 380.761 354.228 502.385 369.719 347.108 334.957 278.511 273.426 238.014 228.201 224.248 327.318 251.423
threshold=0.4347826093435288 0.31121593713760382 0.37268517911434179 0.41428571939468389 0.098387096077203764 1.0000000180025095e-35 0.64583334326744091 0.10762548446655275 0.9771421253681184 0.8390769660472871 0.75065314769744884 0.43650794029235845 0.11805555596947671 0.93287798762321483 0.17752101272344592 0.48749218881130224 0.8020712435245515 0.9878295660018922 0.85273012518882763 0.56992480158805858 0.43650794029235845 0.36931818723678594 1.0000000180025095e-35 0.59290647506713878 0.53571429848670971 0.38750000298023229 0.44315244257450109 0.57417583465576183 0.61620295047760021 0.29285715520381933
decision_type=2 2 2 2 2 2 2 2 2 2 2 2 2 2 2 2 2 2 2 2 2 2 2 2 2 2 2 2 2 2
left_child=1 3 18 14 -2 10 8 22 9 13 23 12 -8 27 -1 -14 21 -10 -3 -20 -21 -17 -5 26 -11 -25 -4 28 -6 -29
right_child=4 2 5 7 6 -7 11 -9 17 24 -12 -13 15 -15 -16 16 -18 -19 19 20 -22 -23 -24 25 -26 -27 -28 29 -30 -31
leaf_value=-0.12751927290433471 -0.13922050048850149 -0.14746905564113319 0.051986895075002135 0.051263179519651959 0.22805769469070553 -0.13171832159219019 0.14648989937965542 0.34821688058714645 -0.064900411216682247 0.11351683125984939 0.20024522467462799 0.14074095085787583 0.30203234632473402 0.075598864323663514 0.35837621440741613 -0.22183788702905483 0.060810102891780377 0.15524207676868898 -0.070479968849422855 0.07789404269313363 0.94467772064373468 0.13201984010678339 -0.10875245152176019 -0.039523746793517854 -0.20424306329345851 0.41865381884126174 0.28271602902266402 -0.13501399643575149 0.0038489727007751007 0.011265914841819609
leaf_weight=1876.1214203713462 590.01926830876619 60542.490956605398 1049.2725174147636 4510.7500598356128 165.70980217307806 906.02711854502559 752.98455770500004 197.77602803202171 1233.5769927538931 3518.0553699880838 365.10883761296282 5370.2202677680179 78.377434820868075 2662.3598446771502 37.391863444121554 362.20219781622291 498.63959606550634 206.34810523688793 177.12755797244608 23.064283611252904 21.294993668328971 75.347013549879193 314.88562742061913 1188.0755678801797 62.002816919237375 26.070135027635843 106.21122450288385 524.4070750027895 1263.9919349104166 533.15946669131517
leaf_count=10035 2618 331293 6264 38584 1293 3788 10715 2278 6213 28482 3852 102355 1017 24284 413 1360 6711 1516 939 159 308 923 1643 5265 274 165 645 2546 7477 2449
internal_value=-0.0850639 -0.124421 -0.138443 0.00576891 0.0718185 0.00063287 0.079013 0.0529241 0.0509165 0.0648164 0.0444812 0.119044 0.0531224 0.0347854 -0.118024 -0.0161725 -0.0428125 -0.0333529 -0.146776 0.0425738 0.494 -0.160903 0.0408217 0.0204813 0.108014 -0.0296858 0.0731953 -0.00890105 0.0298359 -0.0612687
internal_weight=89239.1 71341.7 64404.7 6936.92 17897.4 3640.77 17307.4 5023.41 10169.6 8729.69 2734.74 7137.77 1767.55 5149.63 1913.51 1014.57 936.189 1439.93 60764 221.487 44.3593 437.549 4825.64 2369.63 3580.06 1214.15 1155.48 2487.27 1429.7 1057.57
internal_count=605864 405631 352678 52953 200233 19979 197615 42505 74534 66805 16191 123081 20726 38049 10448 10011 8994 7729 332699 1406 467 2283 40227 12339 28756 5430 6909 13765 8770 4995
is_linear=0
shrinkage=0.15


Tree=8
num_leaves=31
num_cat=0
split_feature=14 8 7 7 1 9 9 3 7 9 8 0 3 3 3 7 0 4 3 2 4 1 7 0 4 4 0 3 3 0
split_gain=20628.8 5491.76 2815.71 1429.3 1323.21 1234.08 953.784 685.716 678.106 435.251 423.873 391.965 828.228 369.173 472.568 361.019 339.633 386.624 452.696 372.777 320.633 452.919 284 281.503 280.785 445.717 349.447 344.905 420.257 274.528
threshold=0.41829130053520208 0.2927700281143189 0.29520697891712194 0.098387096077203764 0.69804355502128612 0.43650794029235845 0.64583334326744091 0.31666667759418493 0.11269841343164445 0.53571429848670971 0.48342490196228033 0.72103068232536327 0.11805555596947671 0.43650794029235845 0.11805555596947671 0.60434782505035411 0.94815975427627575 0.84698995947837841 0.68333333730697643 0.94360819458961498 0.56711712479591381 0.71892556548118602 0.3390804678201676 0.82154822349548351 0.71547618508338939 0.87138131260871898 0.88002020120620739 0.94999998807907116 0.78888890147209179 0.81112706661224376
decision_type=2 2 2 2 2 2 2 2 2 2 2 2 2 2 2 2 2 2 2 2 2 2 2 2 2 2 2 2 2 2
left_child=1 4 -3 -2 -1 23 9 10 -6 11 -7 -5 15 14 -8 -13 24 18 -18 -19 -16 29 -9 -4 26 27 -14 28 -26 -22
right_child=3 2 5 6 8 7 13 22 -10 -11 -12 12 16 -15 20 -17 17 19 -20 -21 21 -23 -24 -25 25 -27 -28 -29 -30 -31
leaf_value=-0.10988748711556832 -0.13880678623793494 -0.14723256249346348 -0.11692557072363481 -0.059191563089546546 0.036420022791672099 0.5873941376381806 0.14550657764180286 0.7807968383555709 0.38711453726539091 -0.18621069152102102 0.027092305200265867 0.37420479499076414 -0.085213352015454713 0.13581041502584854 0.22678596092378933 0.1282380805591635 0.26267924733896775 -0.015688600946958359 0.073708805551263412 0.093133879987435234 -0.20941192670491476 0.078346287128923817 0.26380837256009543 0.087629219445207227 -0.037021924329746436 0.042630785990754559 0.10083657524389568 0.45913269923512634 -0.23309116449628942 0.027912544081581791
leaf_weight=1641.8228273380046 773.62203164491802 51524.215467643102 1964.4823936214671 745.09864702587947 4856.5400117393583 30.862416756805032 761.79259736696258 29.137637672014534 127.30936899539302 185.54869334120303 1939.617948861327 233.0369321021717 275.07423547375947 4826.0133867560071 113.94247317314148 316.77186480909586 462.27328245202079 1272.1521637476981 744.78451612964272 1597.8624620251358 347.22502348292619 404.31447128672153 133.20014211023226 164.01019863272086 1211.9768764525652 1789.3121702279896 1303.654044453986 27.505855532363057 308.5973760522902 160.29881170298904
leaf_count=9428 4194 325478 9937 3291 40010 444 11292 313 1728 717 11679 1806 1167 102714 1620 2096 3832 9316 4943 21313 1171 5978 1199 1030 5894 12812 7964 228 775 1495
internal_value=-0.081528 -0.122207 -0.137541 0.0606153 0.00690388 -0.0203597 0.0696441 0.0602803 0.0453783 0.041483 0.035868 0.0455895 0.0537706 0.114242 0.0560112 0.232491 0.0428443 0.0748536 0.14608 0.0448976 -0.0104522 -0.0400972 0.356601 -0.101164 0.0162981 -0.00835755 0.0684196 -0.0672912 -0.0768138 -0.134454
internal_weight=80272.1 62411.2 55785.5 17860.9 6625.67 4261.31 17087.2 2132.82 4983.85 10473.6 1970.48 10288.1 9543 6613.59 1787.57 549.809 8993.19 4077.07 1207.06 2870.01 1025.78 911.838 162.338 2128.49 4916.12 3337.39 1578.73 1548.08 1520.57 507.524
internal_count=605864 401246 350080 204618 51166 24602 200424 13635 41738 76154 12123 75437 72146 124270 21556 3902 68244 39404 8775 30629 10264 8644 1512 10967 28840 19709 9131 6897 6669 2666
is_linear=0
shrinkage=0.15


Tree=9
num_leaves=31
num_cat=0
split_feature=6 8 14 0 3 9 9 3 7 8 11 7 3 3 2 0 7 4 3 14 7 1 6 5 2 7 7 1 14 14
split_gain=17536.6 5303.32 2459.71 1312.7 1302.84 854.741 745.412 676.523 672.469 885.418 665.2 654.985 504.146 937.392 432.245 428.418 396.678 370.649 449.081 502.448 337.226 405.869 403.957 295.713 283.924 254.551 248.51 244.264 229.606 225.389
threshold=0.70986834168434154 0.32818463444709783 0.48649846017360693 0.75796177983284008 0.41428571939468389 0.86607143282890331 0.43650794029235845 0.16025641560554507 0.2639319002628327 0.54295176267623912 1.0000000180025095e-35 0.10762548446655275 0.94999998807907116 0.78888890147209179 0.72148048877716076 0.90345191955566417 0.24621212482452395 0.61167800426483165 0.36931818723678594 0.5391930639743806 0.57417583465576183 0.85565474629402172 0.93555310368537914 1.0000000180025095e-35 0.47478812932968145 0.91106721758842479 0.35857143998146063 0.91922956705093395 0.5391930639743806 0.63266637921333324
decision_type=2 2 2 2 2 2 2 2 2 2 2 2 2 2 2 2 2 2 2 2 2 2 2 2 2 2 2 2 2 2
left_child=1 4 8 6 16 7 25 14 -3 24 26 23 13 20 -5 -11 -1 -8 19 -19 22 -22 27 -6 -10 -2 29 -9 -20 -4
right_child=3 2 10 5 11 -7 17 12 9 15 -12 -13 -14 -15 -16 -17 -18 18 28 -21 21 -23 -24 -25 -26 -27 -28 -29 -30 -31
leaf_value=-0.11940491331482812 -0.093305215914705489 -0.14683479488877949 -0.093585475644069452 0.060353751781460151 0.036597446790548556 0.13893616998231778 0.10117192895102389 0.09437615041224974 -0.061550242416603014 -0.11751842187353677 0.12267843854614148 0.27705126050918699 0.14783278801700003 -0.11331326640810417 0.30228874241509146 0.20979321038873563 0.54655022404822906 0.0019423573602993698 0.36907418632340916 -0.21557700708150093 -0.025684739340396695 0.099015946547784853 0.38421884021595715 -0.11080549907599321 0.27517872956604184 0.18148850704541417 0.087108133688513209 -0.018652480733040055 0.079348851670049736 -0.46454821879045693
leaf_weight=1694.2853350767364 1884.8316826443188 44648.977932602516 473.3574180547148 292.92439418192953 4792.2582427095622 3911.0250352704898 1200.9844386633486 2401.6697077276185 76.778945314697921 1584.6722827891354 972.6490970486775 247.4434840405338 880.68735140562057 922.58279715850949 383.93657184299082 95.392358061857522 20.366653139935806 1105.0395143167116 78.454127312637866 304.84902515634894 1951.3079670947045 840.09298911318183 97.680661229416728 327.12788717448711 211.65331959945615 79.028063235804439 169.29298026487231 524.06789944320917 285.55454625934362 39.962635014206171
leaf_count=11294 9907 324257 2283 1809 38584 100784 9381 16244 501 9346 11293 2840 18528 4160 3040 904 289 5151 409 1652 8865 7606 755 1900 2429 497 2414 3585 4658 499
internal_value=-0.0778317 -0.118889 -0.136672 0.0547271 0.00233239 0.0811287 -0.0105238 0.0538728 -0.143052 -0.0572512 0.0430179 0.0386991 0.0411039 0.0271527 0.197587 -0.098934 -0.111495 0.0368242 -0.00674123 -0.0450901 0.0494391 0.0118449 0.0841484 0.0271784 0.185543 -0.0822472 -0.0704897 0.0741301 0.141793 -0.122465
internal_weight=72498.9 55354.2 48272.7 17144.7 7081.48 12206 4938.74 8294.95 46617.5 1968.5 1655.26 5366.83 7618.09 6737.4 676.861 1680.06 1714.65 2974.88 1773.9 1409.89 5814.82 2791.4 3023.42 5119.39 288.432 1963.86 682.613 2925.74 364.009 513.32
internal_count=605864 408833 353926 197031 54907 165376 31655 64592 337437 13180 16489 43324 59743 41215 4849 10250 11583 21251 11870 6803 37055 16471 20584 40484 2930 10404 5196 19829 5067 2782
is_linear=0
shrinkage=0.15


Tree=10
num_leaves=31
num_cat=0
split_feature=7 8 0 14 9 9 3 3 3 14 3 3 14 11 2 7 0 9 14 2 1 8 4 3 7 2 1 4 7 0
split_gain=14918.1 5256.02 2454.28 1224.78 1110.63 924.519 665.511 500.593 413.221 495.719 368.19 707.351 339.424 324.46 320.045 311.156 1136.8 520.262 474.095 305.37 401.662 279.819 261.873 243.107 284.158 281.917 239.712 333.973 236.348 226.736
threshold=0.24621212482452395 0.20902306586503985 0.74315208196640026 0.507215976715088 0.43650794029235845 0.91883116960525524 0.31666667759418493 0.11805555596947671 0.36931818723678594 0.5391930639743806 0.94999998807907116 0.78888890147209179 0.46535137295722967 1.0000000180025095e-35 0.72148048877716076 0.15075758099555972 0.89802512526512157 0.43650794029235845 0.42664526402950292 0.44315244257450109 0.23132664710283282 0.71806526184082042 0.48181217908859258 0.080128207802772536 0.61721614003181469 0.5108746886253358 0.85565474629402172 0.96720427274703991 0.61721614003181469 0.8892832100391389
decision_type=2 2 2 2 2 2 2 2 2 2 2 2 2 2 2 2 2 2 2 2 2 2 2 2 2 2 2 2 2 2
left_child=1 6 4 15 -2 7 -1 14 9 19 11 21 28 -5 -4 -3 -17 -18 -19 20 -6 -9 -21 24 25 -24 -23 -28 -7 -14
right_child=2 3 5 13 8 12 -8 10 -10 -11 -12 -13 29 -15 -16 16 17 18 -20 22 -22 26 23 -25 -26 -27 27 -29 -30 -31
leaf_value=-0.13706394963122873 -0.1057899209510384 -0.14863294925807588 0.061300027930205461 -0.094138156873910306 0.0971319908216218 0.34419395775186584 0.028557499121604504 0.12838355530178253 0.15105784204694508 -0.18445227538164191 0.12225698472518594 -0.096333652938943012 0.046330476838706953 0.11328729617941244 0.27242116772033298 -0.13190880757437512 0.029289211832534988 0.70406623712785499 0.081686249459219304 0.40960641744240034 -0.062257293282100078 0.0089720436808121695 0.05440520476109241 -0.042465559016021164 0.078211254918232942 0.5772305689917685 0.10330479533638366 -0.035160768216594217 0.019559318606092113 0.13926649072762734
leaf_weight=608.93357343971729 3087.9196914909426 35253.415423496626 304.24741059681401 250.75498560070992 493.5958864139393 258.64550357662483 5272.6618927447125 759.78232863626999 456.94026480510365 301.58461695164442 1004.053349878639 938.70652625537969 745.77068920992315 524.75846541300416 344.48313269868959 3565.33556470857 309.5102988940198 57.993145675980486 52.439202619716525 54.101989197544754 1273.6578986011446 3803.8840045752004 39.419316972605884 288.68024486908689 459.06414059177041 56.417521743103862 1689.3380023334175 510.32997810840607 62.690088033676147 2839.7900978717953
leaf_count=4121 19616 296534 2128 1156 3348 2951 41461 6801 6705 1660 21577 4568 18210 5296 3172 28380 2061 763 476 347 6303 19065 345 1182 2414 699 13572 3590 2071 85292
internal_value=-0.0740646 -0.120991 0.0348577 -0.140453 -0.0405611 0.0718876 0.0114104 0.0462931 0.0182745 -0.00217846 0.0368212 0.0256836 0.133172 0.0462182 0.173408 -0.144142 -0.104414 0.129017 0.408527 0.018449 -0.0177397 0.0426188 0.0896932 0.069176 0.127256 0.362184 0.0317648 0.0711803 0.28086 0.119936
internal_weight=65668.9 45895.8 19773.1 40014.2 6511.38 13261.7 5881.6 9354.82 3423.46 2966.52 8706.09 7702.04 3906.9 775.513 648.731 39238.7 3985.28 419.943 110.432 2664.94 1767.25 6763.33 897.683 843.581 554.901 95.8368 6003.55 2199.67 321.336 3585.56
internal_count=605864 380248 225616 334666 42619 182997 45582 74473 23003 16298 69173 47596 108524 6452 5300 328214 31680 3300 1239 14638 9651 43028 4987 4640 3458 1044 36227 17162 5022 103502
is_linear=0
shrinkage=0.15


Tree=11
num_leaves=31
num_cat=0
split_feature=7 8 0 14 13 9 3 3 3 2 4 14 3 3 6 14 8 4 13 6 14 5 1 7 8 3 11 14 2 3
split_gain=12661.6 4959.63 1874.86 1134.53 946.351 861.354 761.721 411.538 393.199 375.476 356.579 327.428 320.16 502.135 283.162 264.778 505.887 249.678 248.16 494.971 330.095 286.913 247.262 243.558 241.508 241.008 232.265 204.321 280.824 207.217
threshold=0.24621212482452395 0.2927700281143189 0.75065314769744884 0.507215976715088 1.0000000180025095e-35 0.86607143282890331 0.31666667759418493 0.16025641560554507 0.36931818723678594 0.71834933757781994 0.58411949872970592 0.5391930639743806 0.94999998807907116 0.78888890147209179 0.77116310596466076 0.38647340238094335 0.46693989634513861 0.64365079998970043 1.0000000180025095e-35 0.75333574414253246 0.63266637921333324 0.75675535202026378 0.87428161501884472 0.43095238506793981 0.98581486940383922 0.5634920895099641 1.0000000180025095e-35 0.5391930639743806 0.44315244257450109 0.080128207802772536
decision_type=2 2 2 2 2 2 2 2 2 2 2 2 2 2 2 2 2 2 2 2 2 2 2 2 2 2 2 2 2 2
left_child=1 6 4 15 8 7 -1 9 10 -4 14 -10 13 24 -2 -3 -17 -18 -14 20 -20 -22 -8 -16 -9 -24 -5 28 -12 -30
right_child=2 3 5 26 -6 -7 22 12 11 -11 27 -13 18 -15 23 16 17 -19 19 -21 21 -23 25 -25 -26 -27 -28 -29 29 -31
leaf_value=-0.13157767223677558 -0.071598033266404126 -0.14756409025211301 0.03173613969064485 -0.085699363235382062 -0.12933943559744782 0.12755827296339434 -0.019776966885657447 0.04523922853745322 0.27877862744449255 0.24706242050739777 -0.090827242968920918 0.04145276522916725 0.16180326812696147 -0.083917904222066589 0.51825044501103812 0.22921520876114146 0.25061374582122992 -0.11749068060020219 -0.11655309964823019 0.12496255547942622 -1.2358833527643405 -0.19415998514239258 0.26408972443598017 0.06770839265513072 -0.044427735037926595 0.038890171638076315 0.09265951809962085 -0.14979281328585337 0.072331469159615469 -0.063910885443109439
leaf_weight=828.26076907082461 376.8565029082838 31618.809268247569 337.92303928360343 235.41153283137828 1756.5636878754012 3495.4709937613643 2013.8055176589405 5854.56893794192 182.77578267187346 395.42166777548846 990.43712189141661 459.96655413880944 669.09273003600538 910.55344199357205 27.693285965360701 105.91722104488872 42.500872457865626 1691.4616014281055 48.969858657568693 170.99115108698606 13.97625892609358 10.357112236320971 110.25198999349959 1073.5964914988726 764.04893883131444 3543.1638926244341 543.65253908094019 406.17059586197138 656.19803641038015 406.95089037111029
leaf_count=6735 2501 308255 2208 1156 12751 107675 14022 38428 1076 3635 5453 7530 16583 4562 411 1209 408 13274 275 4162 262 236 1652 6349 3609 28241 5296 1922 4023 1965
internal_value=-0.0702075 -0.117381 0.0308795 -0.140179 -0.0357343 0.0641944 0.00278703 0.0400565 0.00016096 0.147841 -0.017594 0.108941 0.0306941 0.0205201 0.0406329 -0.144345 -0.0890286 -0.108468 0.11456 -0.0148348 -0.340934 -0.79249 0.0224243 0.0790378 0.0348881 0.0456862 0.0387644 -0.0525844 -0.033358 0.0201808
internal_weight=59741.8 40733.2 19008.6 34237.8 6337.21 12671.4 6495.48 9175.9 4580.65 733.345 3937.9 642.742 8442.56 7529.17 1478.15 33458.7 1839.88 1733.96 913.387 244.294 73.3032 24.3334 5667.22 1101.29 6618.62 3653.42 779.064 2459.76 2053.59 1063.15
internal_count=605864 380248 225616 329598 43981 181635 50650 73960 31230 5843 22624 8606 68117 46599 9261 323146 14891 13682 21518 4935 773 498 43915 6760 42037 29893 6452 13363 11441 5988
is_linear=0
shrinkage=0.15


Tree=12
num_leaves=31
num_cat=0
split_feature=7 8 0 14 13 9 3 8 11 5 7 5 3 14 0 8 11 14 8 3 3 2 6 7 4 4 0 4 4 0
split_gain=10733.1 4696.49 1438.36 1058.05 805.41 769.092 692.608 335.345 288.608 254.145 252.674 244.857 242.658 280.788 250.693 248.97 228.598 204.465 439.177 184.21 181.655 251.927 237.802 199.507 168.963 166.805 166.453 370.022 222.159 173.608
threshold=0.24621212482452395 0.31121593713760382 0.74315208196640026 0.48649846017360693 1.0000000180025095e-35 0.91883116960525524 0.31666667759418493 0.66794872283935558 1.0000000180025095e-35 0.86296862363815319 0.098387096077203764 1.0000000180025095e-35 0.11805555596947671 0.82191780209541332 0.86304691433906566 0.98882645368576061 1.0000000180025095e-35 0.38647340238094335 0.44935679435729986 0.29285715520381933 0.074175827205181136 0.45308175683021551 0.77116310596466076 0.61721614003181469 0.556623935699463 0.57259953022003185 0.91509157419204723 0.80673459172248851 0.66954022645950328 0.93788677453994762
decision_type=2 2 2 2 2 2 2 2 2 2 2 2 2 2 2 2 2 2 2 2 2 2 2 2 2 2 2 2 2 2
left_child=1 6 4 9 8 7 -1 -4 -2 17 11 -8 14 24 -9 -15 -5 -3 -19 20 21 22 -10 -23 -14 -20 27 -26 -28 -30
right_child=2 3 5 16 -6 -7 10 12 19 -11 -12 -13 13 15 -16 -17 -18 18 25 -21 -22 23 -24 -25 26 -27 28 -29 29 -31
leaf_value=-0.12953770504683526 -0.037526629993332936 -0.14755032181211461 0.13110636227482161 -0.09287274754169754 -0.12673549562416181 0.11997958807830551 0.020219812507535184 0.03159060132098962 -0.10517373036408087 0.28859265764553804 0.18430016605883104 -0.11762058780429117 0.097295367119425089 0.11444776948235943 0.235390334590559 -0.042841092792041915 0.067236490579134597 0.26864994131233932 0.36294365112413529 0.12281516494855527 -0.094206310283946326 0.35574570296296437 0.049948230297958897 0.084710647357835581 -0.10400862395244896 -0.1145670959566307 0.10820992942701067 0.01904021278614202 -0.057460356386458869 0.023492340595524894
leaf_weight=808.59500778239453 2292.3000337503618 27175.880171800265 742.88429705302769 290.54374456312507 1537.6407934082672 3188.4608470322164 5326.4227453349158 304.96663633175194 318.24825847148895 30.507863814942539 199.95729477098212 306.65696918172762 429.76136451680213 1073.7475004903972 244.83180878183339 286.93950042687356 648.43177552707493 72.829632417531684 16.654349708463997 463.9292742399266 280.23389563243836 82.923527516890317 737.9686400173232 232.26086451113224 943.65493547916412 1408.9300384251401 539.63722511194646 1317.6578867589124 779.83560400921851 2529.3010485451669
leaf_count=7582 13753 306657 8609 1462 12634 108524 40328 2229 2328 271 2057 2232 2421 17110 2367 2234 5964 879 160 6161 1224 830 4330 1359 3462 12656 3059 7603 3620 21759
internal_value=-0.0661871 -0.113447 0.0273807 -0.13899 -0.0332612 0.0565 0.000562921 0.0344836 -0.000653609 -0.144116 0.0185979 0.012716 0.0259893 0.0192839 0.122345 0.0812789 0.0176945 -0.144576 -0.0906337 0.0392998 0.0158411 0.0383283 0.0032085 0.156019 0.00638512 -0.108989 -9.1797e-06 -0.0323086 0.018968 0.00441492
internal_weight=54612.6 36285.4 18327.2 29643.8 5945.51 12381.7 6641.63 9193.22 4407.86 28704.8 5833.04 5633.08 8450.33 7900.54 549.798 1360.69 938.976 28674.3 1498.41 2115.56 1651.64 1371.4 1056.22 315.184 6539.85 1425.58 6110.09 2261.31 3848.77 3309.14
internal_count=605864 380248 225616 328049 42619 182997 52199 74473 29985 320623 44617 42560 65864 61268 4596 19344 7426 320352 13695 16232 10071 8847 6658 2189 41924 12816 39503 11065 28438 25379
is_linear=0
shrinkage=0.15


Tree=13
num_leaves=31
num_cat=0
split_feature=6 8 14 1 7 13 3 11 9 0 3 13 5 0 7 4 7 14 14 1 8 6 5 5 14 5 0 3 2 9
split_gain=9074.78 4577.03 1277.6 966.13 949.03 902.629 844.956 499.956 424.169 510.583 441.831 420.795 399.426 387.603 323.642 293.357 290.13 261.285 206.113 262.202 196.994 273.457 195.648 190.727 189.526 184.059 342.504 181.807 308.833 179.312
threshold=0.67806348204612743 0.4196979701519013 0.38647340238094335 0.61257407069206249 0.11269841343164445 1.0000000180025095e-35 0.94999998807907116 1.0000000180025095e-35 0.91883116960525524 0.662500560283661 0.78888890147209179 1.0000000180025095e-35 1.0000000180025095e-35 0.82000502943992626 0.29520697891712194 0.70659971237182628 0.20294117927551272 0.41829130053520208 0.5391930639743806 0.80788660049438488 0.9815664291381837 0.99118927121162426 0.93849724531173717 0.73974713683128368 0.46535137295722967 0.8390769660472871 0.86516058444976818 0.080128207802772536 0.68444761633872997 0.38750000298023229
decision_type=2 2 2 2 2 2 2 2 2 2 2 2 2 2 2 2 2 2 2 2 2 2 2 2 2 2 2 2 2 2
left_child=1 3 25 16 12 7 8 14 9 -2 20 -6 -5 15 -4 -10 -1 -13 -17 -20 27 22 -22 -7 -15 -3 -27 28 -11 -12
right_child=6 2 5 4 11 23 -8 -9 13 10 29 17 -14 24 -16 18 -18 -19 19 -21 21 -23 -24 -25 -26 26 -28 -29 -30 -31
leaf_value=-0.13269829333742736 -0.077041471526304015 -0.147265767191017 -0.15416703970206372 0.016889994862482948 0.30917026570381645 -0.12727320924818256 0.13937949281087705 0.14558267713916789 0.074336770491668619 0.018825774453903262 -0.049061611295682539 -0.10230601233864445 -0.11392396026921248 0.29551871247920419 0.10246038925895988 0.019768729354685186 0.16120600319664219 0.48806782744815436 -0.17373122123389412 0.10089357620279746 0.0052346579159480659 0.16663018406318011 -0.13220748284171835 0.041782852931558381 0.10552813758743881 -0.072602378681664623 0.5443547319875699 0.031624577416020393 0.22414348906084733 -0.22168477828245994
leaf_weight=1343.8173980729143 1465.95370907709 23647.230364258867 288.76400242652744 5360.6686852960847 349.25490943038767 1472.8481667577289 1507.7240619249642 679.42172473017126 1319.1552785591921 353.98044731724076 723.45674471370876 107.2320800612215 582.22250522486866 128.89727245841641 179.18178914068267 737.23192295874469 80.075548075779807 20.015594576485455 337.29995804838836 101.84223399497569 502.86862816452049 139.52249443717301 434.28330208919942 167.19782484695315 1415.2073839427903 210.59751369524747 22.399336714181118 5991.3750878395513 308.48993661510758 166.56377200968564
leaf_count=15119 10718 304156 1764 40159 5015 12359 57640 9004 11631 2205 3294 623 5871 2814 2553 3981 767 267 3604 3285 2907 1021 1567 1330 57778 1994 273 37945 3112 1108
internal_value=-0.0621675 -0.105116 -0.134742 -0.00438889 0.0204054 -0.0386433 0.0326398 0.0634088 0.0212471 0.00479774 0.0187148 0.224086 0.00407421 0.0623193 -0.0559015 0.0257707 -0.11617 -0.00944236 -0.02869 -0.110043 0.0302373 -0.0292888 -0.0584571 -0.110038 0.121388 -0.145959 -0.0132907 0.0398694 0.114435 -0.0813673
internal_weight=50144.8 34510.9 26667.6 7843.29 6419.39 2787.41 15633.9 1147.37 14126.1 10086.5 8620.54 476.503 5942.89 4039.63 467.946 2495.53 1423.89 127.248 1176.37 439.142 7730.52 1076.67 937.152 1640.05 1544.1 23880.2 232.997 6653.85 662.47 890.021
internal_count=605864 401254 333433 67821 51935 27010 204610 13321 146970 63877 53159 5905 46030 83093 4317 22501 15886 890 10870 6889 48757 5495 4474 13689 60592 306423 2267 43262 5317 4402
is_linear=0
shrinkage=0.15


Tree=14
num_leaves=31
num_cat=0
split_feature=7 8 2 9 6 14 3 9 8 3 3 2 5 8 2 0 4 0 14 4 4 9 8 6 8 14 8 3 2 0
split_gain=7701.35 4326.28 1234.19 644.557 641.771 635.711 538.064 326.198 269.514 303.43 360.179 231.959 240.641 250.19 210.106 204.771 203.547 199.656 235.023 200.244 210.702 192.739 189.249 223.583 254.586 184.472 250.125 173.162 168.75 191.742
threshold=0.21807064861059192 0.32818463444709783 0.45308175683021551 0.64583334326744091 0.82227864861488353 0.51766735315322887 0.31666667759418493 0.53571429848670971 0.5246713161468507 0.43650794029235845 0.11805555596947671 0.94609126448631298 0.8390769660472871 0.98657658696174633 0.58499065041542064 0.48520343005657202 0.52223318815231334 0.93287798762321483 0.5391930639743806 0.58086311817169201 0.80673459172248851 0.43650794029235845 0.72349074482917797 0.91769802570343029 0.89494904875755321 0.38647340238094335 0.51796472072601329 0.19090909510850909 0.88998895883560192 0.86111742258071911
decision_type=2 2 2 2 2 2 2 2 2 2 2 2 2 2 2 2 2 2 2 2 2 2 2 2 2 2 2 2 2 2
left_child=1 6 4 7 -2 25 -1 11 -5 10 14 12 17 22 16 -6 -10 19 -19 -4 -21 28 -14 -24 -25 -3 -27 -17 -8 -30
right_child=2 5 3 8 15 -7 21 -9 9 -11 -12 -13 13 -15 -16 27 -18 18 -20 20 -22 -23 23 24 -26 26 -28 -29 29 -31
leaf_value=-0.1258045599458249 -0.12041507639458045 -0.14716218408336537 0.072863755736763042 0.26427119562035106 0.094158644862831459 0.031557378628117611 -0.019117573834472924 -0.18227611732976609 0.30674055085556562 0.10929185061041281 -0.032649766258113777 0.093116121791510006 0.17173884288738497 -0.047736280467824674 0.16772428215572016 -0.044238269317019643 -0.024447979640297709 0.22140240337387287 0.015616519197313735 -0.091260960735761065 -0.0092235906372157752 0.22543838629763591 0.019213501081583085 0.29743214027688319 0.074327339479454912 0.14302515668276419 -0.10768455282328349 0.17934771230637295 0.6132623886285008 0.030001263871323389
leaf_weight=698.56569362943992 1908.7160367506385 19762.435334412148 366.47109736409038 179.05793520699626 458.794595267158 477.2247202154249 2546.1534210531972 183.14944182289764 47.816376741975546 2617.6247582361102 974.22192739369348 882.67869807797251 289.29729189019417 622.59987486922182 471.81513966078637 959.20835224585608 329.32067816494964 136.13345440395642 1509.4022460896522 1246.230781383696 1620.2144413916976 94.874037815956399 2207.7424789816141 135.49173794873059 763.87798317614943 96.503424277063459 1240.1403660953511 84.829764961730689 12.73054696084 3298.1628453137819
leaf_count=8421 19388 298783 2506 3165 3325 3816 18448 774 371 100538 11034 19166 3096 2982 11023 5155 2085 1421 10864 6859 11637 1044 13567 1048 4691 1117 12976 1113 112 25339
internal_value=-0.0581523 -0.107039 0.0185329 0.0375332 -0.0626866 -0.139642 -0.00126525 0.0160593 0.0838441 0.0765691 0.0295873 0.0197735 0.0124975 0.039676 0.101008 0.0106331 0.0175427 -0.00989291 0.032641 -0.0315424 -0.0448906 0.0133517 0.0556996 0.0448954 0.107938 -0.143515 -0.0895837 -0.0260716 0.00991625 0.0322439
internal_weight=46221.5 28226.8 17994.7 14583.1 3411.55 21576.3 6650.49 9963.29 4619.86 4440.8 1823.17 9780.14 8897.46 4019.01 848.952 1502.83 377.137 4878.45 1645.54 3232.92 2866.45 5951.92 3396.41 3107.11 899.37 21099.1 1336.64 1044.04 5857.05 3310.89
internal_count=605864 370056 235808 206827 28981 316692 53364 78611 128216 125051 24513 77837 58671 25384 13479 9593 2456 33287 12285 21002 18496 44943 22402 19306 5739 312876 14093 6268 43899 25451
is_linear=0
shrinkage=0.15


Tree=15
num_leaves=31
num_cat=0
split_feature=7 8 2 14 3 6 3 11 4 7 13 8 0 3 6 9 14 6 3 3 8 13 6 9 3 2 3 2 1 14
split_gain=6468.23 4060.5 946.247 634.263 586.351 555.971 442.845 376.6 359.733 327.232 314.707 279.017 274.321 303.066 297.042 230.596 209.753 205.673 186.217 178.891 176.865 176.2 238.464 185.966 166.686 279.956 251.062 405.611 260.478 204.002
threshold=0.21807064861059192 0.32818463444709783 0.45308175683021551 0.4046399593353272 0.94999998807907116 0.85012078285217296 0.31666667759418493 1.0000000180025095e-35 0.52679425477981578 0.080540537834167494 1.0000000180025095e-35 0.66794872283935558 0.91403451561927807 0.81666666269302379 0.71804770827293407 0.89444443583488475 0.5391930639743806 0.78135350346565258 0.11805555596947671 0.31666667759418493 0.5246713161468507 1.0000000180025095e-35 0.4584349393844605 0.087121214717626586 0.11805555596947671 0.59675306081771862 0.43650794029235845 0.72438782453536998 0.86222714185714733 0.46535137295722967
decision_type=2 2 2 2 2 2 2 2 2 2 2 2 2 2 2 2 2 2 2 2 2 2 2 2 2 2 2 2 2 2
left_child=1 6 5 -3 8 19 -1 -5 -4 -9 -6 18 14 15 -13 16 -14 20 -10 -2 -12 22 -11 -24 25 -16 -26 -28 -29 -27
right_child=2 3 4 7 10 -7 -8 9 11 21 17 12 13 -15 24 -17 -18 -19 -20 -21 -22 -23 23 -25 26 29 27 28 -30 -31
leaf_value=-0.12225298744786253 -0.11597936316920733 -0.14582513116414694 0.12948774985702813 -0.13477579437300444 0.15413099343119899 0.017001119483652505 0.01116237017282328 -0.13332346001288284 0.24209880148158025 0.88218962616844387 0.39649178298695598 -0.10281229956331293 0.18210486417733981 -0.14182526356366826 -0.033499225264369388 0.11384733610246592 0.020370485945459156 0.11322133027666907 0.064440048236167183 0.2565960760714821 -0.20739850124641424 0.010889903472168134 0.4051370556053861 0.079270877890622052 -0.063993123282117134 0.24720963159973203 0.092443638142680057 -0.081762466664567088 0.08346947487109331 0.062219496056302427
leaf_weight=617.42160028312355 1844.5762127856706 17372.482214941643 668.77835184539435 578.22308129677549 1218.041968876003 1318.8063416567165 5996.7840233109891 223.05923382099718 157.88217958552286 10.250318460864944 11.959433425217865 732.54342981026275 188.25292349571828 213.76776321977377 564.8534322232008 813.43255643872544 4336.3149490016513 122.43808255344629 833.88463544901151 29.459337858483195 124.6048396024853 360.81550527806394 49.149797312449664 198.71387777850032 1491.9355002243537 177.20062259660335 899.52315454231575 883.15067024924792 283.60240112245083 551.80852876929566
leaf_count=8421 20221 303048 7776 4919 56864 8535 44943 2737 2038 223 116 5838 1444 1639 3198 41485 28411 4087 9069 225 1199 2938 641 2186 8940 2031 10817 8130 4712 9033
internal_value=-0.0540626 -0.102371 0.0162054 -0.137946 0.0327175 -0.057614 -0.00129166 -0.0415663 0.0223889 0.022444 0.122203 0.0164832 0.00969359 0.0333054 -0.0137794 0.0403188 0.0270997 -0.0279474 0.0927221 -0.110123 -0.154514 0.0785818 0.173208 0.143888 -0.000337599 0.0457675 -0.0171027 0.0167542 -0.0415996 0.107185
internal_weight=42873.7 25406.9 17466.8 18792.7 14274 3192.84 6614.21 1420.21 12796.9 841.989 1477.04 12128.2 11136.4 5551.77 5584.62 5338 4524.57 259.002 991.767 1874.04 136.564 618.929 258.114 247.864 4852.07 1293.86 3558.21 2066.28 1166.75 729.009
internal_count=605864 370056 235808 316692 206827 28981 53364 13644 144561 8725 62266 136785 125678 72979 52699 71340 29855 5402 11107 20446 1315 5988 3050 2827 46861 14262 32599 23659 12842 11064
is_linear=0
shrinkage=0.15


Tree=16
num_leaves=31
num_cat=0
split_feature=7 8 2 6 9 14 1 3 11 7 4 8 13 14 14 7 1 3 3 7 5 7 0 0 13 8 2 8 5 6
split_gain=5431.99 3906.68 912.339 637.595 503.148 455.98 356.944 299.615 293.141 272.03 269.827 236.41 214.546 195.523 187.752 180.895 179.779 174.086 173.843 171.605 196.738 162.872 145.168 139.03 138.86 133.883 130.44 126.365 151.981 155.508
threshold=0.19722222536802295 0.31121593713760382 0.47478812932968145 0.77116310596466076 0.91883116960525524 0.4046399593353272 0.57735043764114391 0.63068181276321422 1.0000000180025095e-35 0.0745370388031006 0.60660174489021312 0.68199437856674205 1.0000000180025095e-35 0.82608696818351757 0.46535137295722967 0.11269841343164445 0.27812939882278448 0.31666667759418493 0.19090909510850909 0.37268517911434179 0.84767559170722973 0.61721614003181469 0.83333438634872448 0.72896364331245433 1.0000000180025095e-35 0.98882645368576061 0.58102026581764232 0.44935679435729986 0.74298962950706493 0.61298429965972911
decision_type=2 2 2 2 2 2 2 2 2 2 2 2 2 2 2 2 2 2 2 2 2 2 2 2 2 2 2 2 2 2
left_child=1 6 3 17 11 -3 -1 10 -7 -10 -6 12 -4 -13 21 24 -5 -2 -18 20 -16 -12 -21 -23 -8 -15 -25 -11 -29 -30
right_child=2 5 4 16 7 8 15 -9 9 27 14 13 -14 25 19 -17 18 -19 -20 22 -22 23 -24 26 -26 -27 -28 28 29 -31
leaf_value=-0.12653997810431319 -0.13154365930030867 -0.14628409939463616 0.12346065003644931 0.057702900905800242 0.16970258441444697 -0.14306951002092699 0.0095629878062973 0.1413259649756948 -0.1387257224257247 0.34722439670418442 0.15453830015444572 -0.0023210129621379417 -0.012840700625819644 0.091013303557284791 -0.51428354889817307 0.18681829894474614 -0.060656555269339309 0.25256240952047915 0.12425732981521426 -0.042903825399183658 0.047270410896103995 0.032706631839832495 0.060567680680967274 -1.2451833405367825 -0.11725421069574012 -0.033810106049619038 -0.21339345341428181 0.0052403789546849565 0.55351261341665392 0.11452012512780688
leaf_weight=471.41705544083379 1604.7466635580604 14745.420108846622 764.78230792210888 790.5392234113533 342.19739277439567 422.88657804927789 5650.3646418051794 1156.1999894547198 183.03485296177678 35.829008883913048 375.64559060840838 8550.5589750234794 393.54750655405223 889.83525083772838 31.290810308419168 126.05509623151738 904.89468018640764 26.995289807033259 130.94710692844819 666.88487163232639 25.458344960585237 196.520393894054 562.32568654045463 3.2038257434032884 201.1866975557059 247.00406014546752 19.759496324695647 337.51922334521078 23.306029759114608 82.163224291056395
leaf_count=6630 23186 297447 10353 5531 7834 4417 41580 68568 2582 445 3600 57405 2758 16668 606 1279 5316 237 1451 8793 871 926 27897 114 2012 2205 982 2934 347 890
internal_value=-0.0500186 -0.099288 0.0120557 -0.0570473 0.0288545 -0.139379 -0.000877548 0.079392 -0.0455177 0.0168124 0.0471837 0.0131072 0.0771517 0.00544931 0.0248958 0.00903268 0.00383258 -0.125189 -0.0372805 -0.00734243 -0.262364 0.0945563 0.00443118 -0.00810255 0.00520279 0.0638926 -0.357348 0.0762691 0.0543541 0.211526
internal_weight=39962.5 22279.2 17683.3 3458.12 14225.2 15830.2 6449.02 3379.49 1084.74 661.852 2223.29 10845.7 1158.33 9687.4 1881.09 5977.61 1826.38 1631.74 1035.84 1285.96 56.7492 595.129 1229.21 219.484 5851.55 1136.84 22.9633 478.817 442.988 105.469
internal_count=605864 360563 245301 35721 209580 309062 51501 120191 11615 7198 51623 89389 13111 76278 43789 44871 12298 23423 6767 38167 1477 5622 36690 2022 43592 18873 1096 4616 4171 1237
is_linear=0
shrinkage=0.15


Tree=17
num_leaves=31
num_cat=0
split_feature=6 8 14 1 7 3 13 5 11 13 3 0 3 13 3 2 7 0 1 7 2 14 4 0 4 3 5 14 3 0
split_gain=4557.8 3677.98 765.243 684.871 702.716 512.111 409.017 382.038 287.372 236.941 217.877 223.569 351.368 333.035 218.526 252.476 358.84 285.707 231.517 207.38 207.199 177.275 177.14 250.232 443.402 182.428 171.564 169.348 164.325 196.448
threshold=0.66170939803123485 0.48342490196228033 0.38647340238094335 0.57735043764114391 0.10762548446655275 0.94999998807907116 1.0000000180025095e-35 1.0000000180025095e-35 1.0000000180025095e-35 1.0000000180025095e-35 0.78888890147209179 0.78351536393165599 0.16025641560554507 1.0000000180025095e-35 0.29285715520381933 0.68444761633872997 0.57417583465576183 0.90762534737586986 0.8323970139026643 0.17752101272344592 0.71834933757781994 0.46535137295722967 0.84698995947837841 0.94547370076179515 0.7245689630508424 0.68333333730697643 0.72427511215209972 0.46535137295722967 0.16025641560554507 0.91628670692443859
decision_type=2 2 2 2 2 2 2 2 2 2 2 2 2 2 2 2 2 2 2 2 2 2 2 2 2 2 2 2 2 2
left_child=1 3 -3 19 7 10 8 -5 -4 28 11 13 20 -2 -14 16 27 18 -17 -1 -13 -11 23 24 25 -19 -8 -16 -6 -30
right_child=5 2 6 4 9 -7 26 -9 -10 21 -12 12 14 -15 15 17 -18 22 -20 -21 -22 -23 -24 -25 -26 -27 -28 -29 29 -31
leaf_value=-0.13705730478725622 0.010451900746106722 -0.14467129772075002 -0.070758638835144674 0.0090123617522675867 0.48447120216372952 0.12322208940337104 -0.12874459150315484 -0.11614211584227016 0.10488952452746936 -0.057657107933533118 -0.056957058426222652 0.035603895748026956 -0.10493776424084512 -0.0926500863373967 0.38711971993962024 -0.083797580307327701 0.018234550490917371 0.10369147377535587 0.081987126645033881 0.057384983186573264 0.2023908915509173 0.31980329548081271 0.0025299428959932339 0.1133686000431469 -0.13220370561902578 -0.021899353760773291 0.0378446164839518 0.15582477921262833 0.089133537208052713 0.29067440290993818
leaf_weight=1000.1225319926198 3852.2938365985174 12984.926533034566 355.69524540635757 5590.4149713623347 45.802053141793522 1003.4073880454525 957.41131336521357 608.51090408326127 510.16049840708729 148.26753489859402 953.88668413460255 281.99107652739622 288.2094946266152 862.79808171372861 97.284523575508501 913.52114892471582 459.06011114013381 805.59990460053086 239.14496902469546 140.78790913548437 413.09328821042436 34.511800475418568 2238.2092515965924 1128.6139565557241 335.13706932635978 384.4039744278416 162.73915857635438 265.89018788747489 226.87423881923473 209.12264401733501
leaf_count=20196 29035 293337 3507 40699 660 58356 11578 9950 6574 1111 9035 3601 2412 9291 853 7236 5971 10047 3886 1524 9979 331 32421 18277 1915 3451 1255 2839 2340 4197
internal_value=-0.0459473 -0.0875245 -0.131408 -0.00544688 0.012442 0.0198299 -0.0446931 -0.00327329 0.0327329 0.159028 0.012156 0.0174026 0.0329093 -0.00841437 0.0230182 0.0283886 0.106373 0.0177806 -0.049402 -0.113063 0.134727 0.0136137 0.0336105 0.0598242 0.0202009 0.0631222 -0.104542 0.217782 0.214194 0.185801
internal_weight=37497.9 22975.3 14970.9 8004.41 6863.5 14522.5 1986.01 6198.93 865.856 664.578 13519.1 12565.3 7850.16 4715.09 7155.07 6866.87 822.235 6044.63 1152.67 1140.91 695.084 182.779 4891.96 2653.75 1525.14 1190 1120.15 363.175 481.799 435.997
internal_count=605864 397259 316251 81008 59288 208605 22914 50649 10081 8639 150249 141214 102888 38326 89308 86896 9663 77233 11122 21720 13580 1442 66111 33690 15413 13498 12833 3692 7197 6537
is_linear=0
shrinkage=0.15


Tree=18
num_leaves=31
num_cat=0
split_feature=7 8 14 14 13 3 13 1 9 4 11 7 1 2 8 3 1 3 0 9 3 4 1 0 4 3 3 0 1 9
split_gain=3802.75 3430.44 568.688 425.391 418.796 387.966 326.499 307.642 292.999 249.303 222.22 216.285 204.745 197.735 179.725 189.484 161.254 156.458 147.631 221.301 230.923 257.579 190.29 176.763 254.779 243.37 142.949 140.997 389.29 227.047
threshold=0.19722222536802295 0.34417416155338293 0.3111111074686051 0.3984189778566361 1.0000000180025095e-35 0.94999998807907116 1.0000000180025095e-35 0.79795917868614208 0.19090909510850909 0.50333333015441906 1.0000000180025095e-35 0.0745370388031006 0.27812939882278448 0.52223318815231334 0.68199437856674205 0.11805555596947671 0.91331183910369884 0.31666667759418493 0.91403451561927807 0.89444443583488475 0.68333333730697643 0.94804319739341747 0.76239567995071422 0.95285052061080944 0.75782012939453136 0.21111111342906955 0.095454547554254546 0.95553839206695568 0.87428161501884472 0.38750000298023229
decision_type=2 2 2 2 2 2 2 2 2 2 2 2 2 2 2 2 2 2 2 2 2 2 2 2 2 2 2 2 2 2
left_child=1 7 4 -3 12 9 -7 -1 -9 -4 -5 -12 -2 17 15 -11 -8 -14 -16 20 21 23 -23 24 -20 -26 -15 28 -22 -30
right_child=2 3 5 10 -6 6 16 8 -10 14 11 -13 13 26 18 -17 -18 -19 19 -21 27 22 -24 -25 25 -27 -28 -29 29 -31
leaf_value=-0.058847809544265474 0.038773667454303183 -0.14585033307117387 0.10840504988038376 -0.1376597019878415 -0.13637939028800564 0.14778115582331006 0.33284214407022922 0.012099310894509194 0.30588799317710563 0.24679736430500396 -0.13813719934728214 0.059109645418717771 -0.098270606007322361 0.25393982605863014 -0.012854201936141773 0.046359961528522876 -0.071329229310489725 0.3001836662465977 0.094125024269504518 0.10300022539385983 -0.038010895278721056 0.23215711246096554 -0.049371459744261575 0.12698024798895888 0.21309776427824542 -0.068718715740767322 -0.0045241976816771372 0.0076541801026414049 -0.20472634225751832 -0.68932047098816918
leaf_weight=1607.4513125368358 934.16919175488874 10878.548554548877 604.6468880898301 368.59857634757645 888.75743321189657 908.17201381359337 24.294116921722889 4846.387729040347 77.602830520598218 120.44146060103105 168.7605014203582 483.25540828495286 883.97836376540363 64.796333409001818 5630.6283062940347 892.4545679964134 258.98915530648082 22.743449088127818 744.44445808476303 662.90316178603098 746.54331162013113 57.75518666440621 835.25680224038661 693.50328494887799 78.459161663078703 568.71881133085117 187.37235756337759 964.6774958409369 74.54932801797986 30.717813935130835
leaf_count=17283 7803 293398 7226 5039 16269 57447 138 36181 884 1590 3086 4692 9460 818 54147 9914 5589 198 4704 42207 3435 443 5801 5904 806 2689 1596 6753 257 107
internal_value=-0.0421101 -0.0892183 0.00932873 -0.137163 -0.0501111 0.0220823 0.103926 -0.00187084 0.0167295 0.0144076 -0.0445694 0.00805648 -0.0134798 -0.0556008 0.00971085 0.0701936 -0.0366679 -0.0882761 0.00418579 0.0217662 0.0105349 0.0362442 -0.0311637 0.0651135 0.0342828 -0.0345533 0.0618898 -0.0316157 -0.076089 -0.346135
internal_weight=35309.6 18430.6 16879 11899.2 2981.82 13897.2 1191.46 6531.44 4923.99 12705.7 1020.61 652.016 2093.06 1158.89 12101.1 1012.9 283.283 906.722 11088.2 5457.53 4794.63 2978.14 893.012 2085.13 1391.62 647.178 252.169 1816.49 851.81 105.267
internal_count=605864 360563 245301 306215 36144 209157 63174 54348 37065 145983 12817 7778 19875 12072 138757 11504 5727 9658 127253 73106 30899 20347 6244 14103 8199 3495 2414 10552 3799 364
is_linear=0
shrinkage=0.15


Tree=19
num_leaves=31
num_cat=0
split_feature=7 8 14 6 3 13 8 14 9 9 11 3 11 6 8 6 14 0 7 8 6 7 8 5 8 6 5 8 3 2
split_gain=3166.5 3326.1 600.475 406.909 331.586 328.373 278.755 277.932 211.775 245.699 180.852 164.832 164.762 164.537 218.217 216.661 157.786 202.89 150.632 145.712 238.374 174.05 135.112 132.904 131.594 234.728 128.733 130.499 124.076 136.977
threshold=0.16064515709877017 0.20902306586503985 0.30474716424942022 0.77116310596466076 0.94999998807907116 1.0000000180025095e-35 0.45788761973381048 0.41829130053520208 0.64583334326744091 0.53571429848670971 1.0000000180025095e-35 0.31666667759418493 1.0000000180025095e-35 0.99118927121162426 0.9771421253681184 0.96309912204742443 0.46535137295722967 0.75796177983284008 0.71714287996292125 0.88425403833389293 0.89667445421218883 0.5313725769519807 0.95720389485359203 0.8390769660472871 0.80076336860656749 0.86499059200286876 0.76667019724845897 0.64453628659248363 0.080128207802772536 0.5604878067970277
decision_type=2 2 2 2 2 2 2 2 2 2 2 2 2 2 2 2 2 2 2 2 2 2 2 2 2 2 2 2 2 2
left_child=1 11 3 6 8 -6 -2 -3 9 13 -9 -1 -10 14 15 19 17 -14 22 20 24 -22 -17 -8 25 28 27 -7 29 -4
right_child=2 7 4 -5 5 26 23 10 12 -11 -12 -13 16 -15 -16 18 -18 -19 -20 -21 21 -23 -24 -25 -26 -27 -28 -29 -30 -31
leaf_value=-0.12286412035432165 0.060809803854313838 -0.14365233606749808 -0.068411628191708554 0.01302064734335923 0.14541317296321479 0.10004780289216883 -0.13274865907561254 -0.15537086525423346 0.012316837691717649 -0.18265025395268458 0.019143621833136774 0.0085131931206501293 0.06813356831372222 0.16604428561357212 -0.061026445130150653 0.44060756682208013 0.045174110381021287 0.25046955604450749 0.025810584915229109 -0.018747945363399222 0.30175808702983481 0.077265424893890988 0.14040661313105871 0.018096583175467546 -0.022766873808603334 0.23224763666004733 0.091079955671314841 -0.17023105430482804 0.01093106807391438 0.22103860373402143
leaf_weight=223.28356059524231 219.06477102986719 9682.8526418458205 51.081999180139974 1239.3492311762529 845.84001147365234 53.985552417347208 1485.9348833946278 199.84093979792669 1793.0401901436271 161.26779414480552 403.15455421269871 5705.1835221801884 339.7813368757852 139.04462186433375 1100.0901409278158 50.614238958805799 1140.1393444640562 230.42691162503979 142.5723423329182 3259.2699627162656 94.095843752846122 446.10406352300197 101.13833462400362 144.16982287619612 1617.0091696988675 125.72306118725101 124.52822946105152 157.34092421364039 2034.7739560231857 131.44251890547457
leaf_count=4089 2245 295060 526 8492 57961 447 32276 2810 42878 655 4568 41214 1970 1134 5524 302 39479 3521 988 19075 604 3251 690 1758 9770 1257 3956 1633 16180 1551
internal_value=-0.0383443 -0.0859216 0.00643403 -0.0534847 0.0195224 0.0955874 -0.0980579 -0.137499 0.0125855 0.000912068 -0.0386929 0.00356514 0.0440873 0.00409756 0.00163765 0.0101971 0.0773938 0.141817 0.13652 0.00540552 0.0228986 0.116369 0.240533 -0.119408 0.0101479 0.0328637 -0.0298973 -0.101186 0.0215585 0.140032
internal_weight=33442.1 16214.3 17227.8 3088.52 14139.3 1181.69 1849.17 10285.8 12957.6 9454.23 602.995 5928.47 3503.39 9292.96 9153.92 8053.83 1710.35 570.208 294.325 7759.5 4500.23 540.2 151.753 1630.1 3960.03 2343.02 335.855 211.326 2217.3 182.525
internal_count=605864 347741 258123 44771 213352 63997 36279 302438 149355 61507 7378 45303 87848 60852 59718 54194 44970 5491 1980 52214 33139 3855 992 34034 29284 19514 6036 2080 18257 2077
is_linear=0
shrinkage=0.15


Tree=20
num_leaves=31
num_cat=0
split_feature=6 8 14 13 2 7 3 5 5 13 5 9 5 7 3 11 3 5 0 3 3 7 0 14 14 4 0 3 1 4
split_gain=2598.1 2662.76 985.053 437.54 421.272 433.977 371.632 293.051 223.825 192.339 188.153 264.609 183.159 174.239 164.967 166.187 157.077 149.364 142.691 136.818 127.924 239.618 182.148 139.908 117.014 132.576 147.468 264.226 162.035 125.464
threshold=0.70986834168434154 0.48342490196228033 0.36619828641414648 1.0000000180025095e-35 0.56992480158805858 0.098387096077203764 0.94999998807907116 1.0000000180025095e-35 0.8390769660472871 1.0000000180025095e-35 0.82106253504753124 0.087121214717626586 0.60253643989562999 0.080540537834167494 0.11805555596947671 1.0000000180025095e-35 0.44949495792388922 0.72705471515655529 0.84857690334320079 0.78888890147209179 0.10555555671453477 0.18898809701204303 0.91250488162040722 0.46535137295722967 0.76190474629402172 0.556623935699463 0.83333438634872448 0.16025641560554507 0.19139194488525393 0.93813776969909679
decision_type=2 2 2 2 2 2 2 2 2 2 2 2 2 2 2 2 2 2 2 2 2 2 2 2 2 2 2 2 2 2
left_child=1 4 8 10 16 7 19 -6 -3 20 11 13 -13 -4 -14 -16 -1 -5 -10 24 21 -7 -22 -24 25 -2 28 -28 -27 -26
right_child=6 2 3 17 5 9 -8 -9 18 -11 -12 12 14 -15 15 -17 -18 -19 -20 -21 22 -23 23 -25 29 26 27 -29 -30 -31
leaf_value=-0.12559748153986383 0.04359583082889177 -0.14462862329079518 -0.15585222693125636 -0.12272463193282192 0.0060775437903140871 1.1958066271605272 0.12504694753640699 -0.11805838759013886 -0.026527599497411278 -0.0019650482831739258 0.12526610083633918 0.24534139169718555 0.31067315417924468 0.17747601256586384 -0.19070613797410221 -0.028001259404767682 0.17355144032833356 -0.003019974649714085 0.36150225565959559 -0.045968971934494854 0.060985173464014567 0.25869866537330866 0.31752717555512672 0.032562846893798125 0.069740450932540707 0.33340373283119945 0.14106257662727228 0.0054737811718737319 -0.029265878617997846 -0.0041582652698757133
leaf_weight=706.02789116091844 1831.3291417364089 8457.9208181122085 42.260326716117561 1024.2616536522983 5658.9390082783066 7.2897912589830858 675.32540070265532 462.88890041783452 127.56363727428834 209.56818492431194 331.77457302476978 42.023835808271542 23.567123188520782 213.7598956914153 237.87258458789438 347.72093524801312 41.833012584218523 304.18702491209842 25.602564982080366 887.46258743386716 260.08418526042942 38.902700007786734 160.04160410689451 51.156574493739754 1554.9978793973569 27.967068071942776 353.44936093936849 3800.9090957643348 3117.9023370640352 774.33237153664231
leaf_count=19284 17277 288722 959 17538 41002 136 56030 10679 2089 1767 6400 752 294 2349 2014 4131 465 2231 346 8644 2679 592 2744 1660 31157 297 8476 37705 23616 13829
internal_value=-0.0347831 -0.0704929 -0.117061 -0.0355135 -0.00196881 0.00970359 0.016697 -0.00330873 -0.141374 0.11927 0.0286062 -0.00674339 -0.057539 0.122455 -0.0784337 -0.0940932 -0.108864 -0.0953148 0.0383337 0.0107714 0.168367 0.406587 0.145018 0.248503 0.015165 0.00751003 -0.00154242 0.0170096 -0.0260417 0.0451745
internal_weight=31798.9 18775.2 11178.5 2567.43 7596.73 6848.87 13023.7 6121.83 8611.09 727.043 1238.98 907.205 651.184 256.02 609.161 585.594 747.861 1328.45 153.166 12348.3 517.475 46.1925 471.282 211.198 11460.9 9131.56 7300.23 4154.36 3145.87 2329.33
internal_count=605864 408833 327825 36668 81008 61259 197031 51681 291157 9578 16899 10499 7191 3308 6439 6145 19749 19769 2435 141001 7811 728 7083 4404 132357 87371 70094 46181 23913 44986
is_linear=0
shrinkage=0.15


Tree=21
num_leaves=31
num_cat=0
split_feature=3 7 9 2 2 2 13 3 2 9 14 4 13 6 0 4 4 4 0 6 8 3 1 0 8 6 8 4 3 0
split_gain=2164.8 2238.07 631.9 405.993 285.609 252.52 264.848 246.514 227.208 210.931 205.527 219.542 199.483 919.816 182.835 214.513 283.015 176.957 174.817 172.435 201.772 156.401 179.374 162.981 139.41 208.137 139.941 134.635 211.821 133.351
threshold=0.43650794029235845 0.29520697891712194 0.91883116960525524 0.78705963492393505 0.64051279425621044 0.79580864310264599 1.0000000180025095e-35 0.11805555596947671 0.58499065041542064 0.29285715520381933 0.5391930639743806 0.71902412176132213 1.0000000180025095e-35 0.49238499999046331 0.94547370076179515 0.692928045988083 0.88303694128990184 0.37602458894252783 0.83678606152534496 0.89667445421218883 0.85657143592834484 0.94999998807907116 0.84660631418228161 0.94000121951103222 0.98581486940383922 0.93761447072029125 0.93952456116676342 0.77167919278144848 0.52272728085517894 0.89523917436599743
decision_type=2 2 2 2 2 2 2 2 2 2 2 2 2 2 2 2 2 2 2 2 2 2 2 2 2 2 2 2 2 2
left_child=1 3 4 -1 27 6 7 8 -3 -5 -10 -12 14 -14 15 29 18 -9 -17 -15 -21 22 23 -20 25 -22 -27 -2 -29 -6
right_child=2 5 -4 9 12 -7 -8 17 10 -11 11 -13 13 19 -16 16 -18 -19 21 20 24 -23 -24 -25 -26 26 -28 28 -30 -31
leaf_value=-0.13755496670370793 0.019473813332304728 0.0018549492615788261 0.099220835691883266 -0.031528450546116187 -0.10090704367888531 0.088645931853614565 -0.093598617256793346 0.17040245889157496 0.1655089702438382 0.27970088992939818 -0.27133181391194577 0.070108728553272229 -0.13478487102409745 -0.014135107723454816 0.021782796296249924 0.037322803640833097 0.0063399987057754159 -0.060846380272216082 -0.11938520564516265 0.40861237942939821 0.014391813139279098 0.21775160258055526 -0.21311179577929548 0.021643016003815043 -0.046276802963054767 0.34106615623119124 0.11279900864513082 0.28911280598973205 0.055074316628325716 0.047767844479550112
leaf_weight=7281.5798055303458 311.80418261239538 2140.8031921624206 1446.0011990827006 433.96681569673819 153.52658569254072 579.77592334104702 826.17813518736511 78.442643721355125 421.39419210601773 55.231885908688128 55.087531444616616 183.55245416401885 1431.0000559660839 2470.0643163996283 5475.4973664784511 219.58145278482698 1414.4728639932 1464.493218427524 721.22502413589973 35.670439606532454 458.03258244413882 32.500862102286192 318.3531870796578 247.7009859594109 272.91560180764645 82.432862461544573 226.3757867757231 151.23444280217518 204.89857331482926 1171.5585587138776
leaf_count=269243 3256 13938 98508 9203 976 12286 8309 1165 4290 844 1087 4539 48649 15675 61775 1620 12641 9381 3805 336 2868 358 1342 2398 1233 694 1887 1574 2629 9355
internal_value=-0.0314683 -0.0761725 0.00441353 -0.128668 -0.00448918 -0.00522449 -0.0157514 -0.000945045 0.0255771 0.0036102 0.102519 -0.00870923 -0.00883915 -0.0332773 0.00362865 -0.0196022 -0.0420969 -0.0490897 -0.086604 0.00769232 0.057826 -0.107223 -0.115428 -0.0833321 0.0457917 0.0785586 0.173732 0.0914464 0.15446 0.0305421
internal_weight=30365.4 13520.5 16844.8 7770.78 15398.8 5749.73 5169.95 4343.77 2800.84 489.199 660.034 238.64 14730.9 4976.49 9754.42 4278.92 2953.83 1542.94 1539.36 3545.49 1075.43 1319.78 1287.28 968.926 1039.76 766.841 308.809 667.937 356.133 1325.09
internal_count=605864 334285 271579 279290 173071 54995 42709 34400 23854 10047 9916 5626 165612 71342 94270 32495 22164 10546 9523 22693 7018 7903 7545 6203 6682 5449 2581 7459 4203 10331
is_linear=0
shrinkage=0.15


Tree=22
num_leaves=31
num_cat=0
split_feature=7 8 2 6 14 9 9 3 4 8 6 13 0 4 11 3 5 6 8 6 14 6 5 0 9 5 7 14 8 8
split_gain=1817.94 2595.61 367.825 329.681 266.131 220.528 179.127 164.613 166.341 158.26 153.722 152.606 148.962 142.057 140.418 132.405 123.529 123.265 129.169 151.186 115.775 168.338 109.577 117.539 105.486 150.633 103.437 99.8229 101.95 126.763
threshold=0.15075758099555972 0.26992064714431768 0.44315244257450109 0.75879752635955822 0.41111835837364202 0.64583334326744091 0.53571429848670971 0.63068181276321422 0.59491634368896495 0.75096899271011364 0.82574728131294262 1.0000000180025095e-35 0.43210417032241827 0.20185185223817828 1.0000000180025095e-35 0.240384615957737 0.71532943844795238 0.9878295660018922 0.9771421253681184 0.96309912204742443 0.46535137295722967 0.70986834168434154 0.81745782494544994 0.94815975427627575 0.86607143282890331 0.92980411648750316 0.64852941036224376 0.41829130053520208 0.60065361857414257 0.24336075037717822
decision_type=2 2 2 2 2 2 2 2 2 2 2 2 2 2 2 2 2 2 2 2 2 2 2 2 2 2 2 2 2 2
left_child=1 15 3 -2 -3 6 9 8 -7 10 11 22 13 -5 -6 -1 -16 18 19 -11 -10 -22 23 27 25 -9 -20 28 29 -4
right_child=2 4 5 12 14 7 -8 24 20 17 -12 -13 -14 -15 16 -17 -18 -19 26 -21 21 -23 -24 -25 -26 -27 -28 -29 -30 -31
leaf_value=-0.12976776213043489 -0.11659698184209075 -0.14346799412364034 -0.20373742723306179 -0.26989587070758692 -0.15212986284709459 0.12011107018973251 -0.15851592692390329 0.04649939452601598 0.060057937790419291 -0.0033848619416867033 0.20173705216338453 -0.016801178118147624 -0.025190809071561931 0.13415403760380318 -0.028881723040035383 0.0042318212943329514 0.17831065480149016 0.12948936835908864 0.0042689171450373117 0.10663380701990172 -0.22478946742307659 0.00083012164802474212 0.14936852802589878 0.13605738776280946 0.13194852907915333 -0.43101578699707604 -0.091922207101419587 -0.062247939474193603 -0.070845292609346813 0.15753532834081604
leaf_weight=170.71248762379219 959.60236273892224 6206.6123072000919 24.565005809505237 21.388961303979158 154.87149069458246 382.52518244321982 151.36641295318259 185.08710373289978 787.19476287423458 6418.3350360184559 129.25569324515527 804.17325001792051 1399.755097601912 231.2696878046263 286.16405312973075 5900.5892402898753 83.676675971364602 153.47832587920129 409.15147666214034 293.90478346729651 78.436918480088934 1448.0969961881638 284.76829703316616 213.10127003148227 671.952384855329 16.161635285243392 652.91323113627732 263.98505142511567 90.959250259562396 197.91792438307311
leaf_count=4745 30103 287363 222 123 3304 8215 782 4153 7783 54163 2179 7061 9648 1706 3987 43179 930 1566 3580 2734 1807 40019 4720 3846 68893 139 3218 2395 1208 2093
internal_value=-0.0283682 -0.0706525 0.00490604 -0.0466669 -0.134796 0.0147696 0.00343144 0.046813 0.0284814 0.00589845 0.043506 0.0326241 -0.00605659 0.099949 -0.0322177 0.000464029 0.0179957 -0.00363049 -0.00625851 0.00143246 0.0133324 -0.0107627 0.0695874 0.0408482 0.103417 0.00815169 -0.0548654 0.00571101 0.0629469 0.117646
internal_weight=29072 12802.6 16269.3 2612.02 6731.32 13657.3 10087.9 3569.45 2696.25 9936.51 2008.73 1879.47 1652.41 252.659 524.712 6071.3 369.841 7927.78 7774.3 6712.24 2313.73 1526.53 1075.3 790.529 873.201 201.249 1062.06 577.427 313.442 222.483
internal_count=605864 343508 262356 41580 295584 220776 89767 131009 57824 88985 23724 21545 11477 1829 8221 47924 4917 65261 63695 56897 49609 41826 14484 9764 73185 4292 6798 5918 3523 2315
is_linear=0
shrinkage=0.15


Tree=23
num_leaves=31
num_cat=0
split_feature=3 7 9 2 3 13 2 14 7 8 2 9 9 7 5 0 4 0 1 14 13 8 4 3 0 2 3 2 0 7
split_gain=1508.17 1807.85 414.51 309.781 378.903 342.01 220.31 220.002 215.619 866.932 240.959 204.788 248.671 190.638 186.668 185.224 118.944 117.123 227.69 187.13 240.694 188.312 116.263 240.841 253.255 169.905 111.248 211.981 209.539 167.967
threshold=0.43650794029235845 0.19722222536802295 0.91883116960525524 0.72438782453536998 0.16025641560554507 1.0000000180025095e-35 0.86222714185714733 0.5391930639743806 0.098387096077203764 0.20902306586503985 0.71503761410713207 0.080128207802772536 0.43650794029235845 0.53452381491661083 0.85273012518882763 0.96192932128906261 0.80673459172248851 0.91509157419204723 0.86222714185714733 0.41829130053520208 1.0000000180025095e-35 0.35859310626983648 0.84698995947837841 0.68333333730697643 0.96189683675766002 0.94609126448631298 0.63068181276321422 0.71346470713615429 0.90605938434600841 0.76696833968162548
decision_type=2 2 2 2 2 2 2 2 2 2 2 2 2 2 2 2 2 2 2 2 2 2 2 2 2 2 2 2 2 2
left_child=1 6 8 5 -5 7 -1 11 9 -2 13 14 -13 -10 -3 -6 -15 18 -12 20 21 -19 23 -21 -25 -24 27 -4 29 -29
right_child=2 3 26 4 15 -7 -8 -9 10 -11 17 12 -14 16 -16 -17 -18 19 -20 22 -22 -23 25 24 -26 -27 -28 28 -30 -31
leaf_value=-0.13849498841044686 0.0030469352829967026 0.043946345895670584 0.15008185876768812 0.16972235364498447 -0.032075494068600434 -0.10642355645280295 0.070609831581872728 -0.086876592651765894 0.13355924174791717 -0.13438476168614208 -0.068577056726863914 -0.11135338189822881 0.0085359346307691611 -0.044500047815723767 0.28533608017803475 0.18653418149081524 0.087611996638988179 0.12964411415319924 0.069536352782543179 0.076443896003041037 -0.059542185425826032 0.51639039507127771 -0.042188625748013332 -0.047678795036446252 0.10405563175033218 0.038440492503425502 0.13224115477812295 -0.27344349732796241 0.06543025887425663 0.045420295919978745
leaf_weight=4969.1703313564085 5551.0899250921775 258.74188092723489 253.37620726609794 414.73663918976126 728.98697546796757 1067.2672139551723 116.01434099511243 726.10825138119981 617.58593962955638 1268.7978851554217 1105.4740686137229 452.79851041303482 2774.306452375924 336.34847932867706 99.913856213446707 99.054520453966688 281.80475138733163 67.058767235637788 354.75396354641998 1285.2898051450611 69.740427377866581 49.045978006557561 1736.115086346108 1092.2245864487486 320.01273889373988 889.223801748798 616.77255129339164 102.27433660114184 231.34913298297033 58.392349659465253
leaf_count=252088 38870 3546 8342 11014 7136 20866 2978 6629 5335 57486 6055 4431 22595 1747 811 2191 2438 996 4203 8831 1276 682 13423 5903 2636 23190 69198 2245 15760 2963
internal_value=-0.0253944 -0.0664599 0.00412397 -0.0148053 0.052692 -0.0303996 -0.133724 -0.0115823 -0.00281187 -0.0225214 0.0135711 0.00366462 -0.00828586 0.0746163 0.111192 -0.0059243 0.0157274 0.00274646 -0.0350232 0.0127583 0.160715 0.293017 0.00759246 0.0294624 -0.0132958 -0.0148789 0.0866868 0.0431526 -0.0259602 -0.157556
internal_weight=27993.8 11707.1 16286.7 6621.91 1242.78 5379.14 5085.18 4311.87 15024.6 6819.89 8204.68 3585.76 3227.1 1235.74 358.656 828.041 618.153 6968.94 1460.23 5508.71 185.845 116.105 5322.87 2697.53 1412.24 2625.34 1262.16 645.392 392.016 160.667
internal_count=605864 334285 271579 79219 20341 58878 255066 38012 173071 96356 76715 31383 27026 9520 4357 9327 4185 67195 10258 56937 2954 1678 53983 17370 8539 36613 98508 29310 20968 5208
is_linear=0
shrinkage=0.15


Tree=24
num_leaves=31
num_cat=0
split_feature=2 7 3 3 3 14 9 3 4 2 0 14 3 7 7 7 2 7 9 4 0 4 4 7 8 1 2 0 2 8
split_gain=1221.1 1374.84 462.642 469.992 374.845 326.122 258.668 248.162 207.119 208.74 158.852 154.198 151.89 146.516 220.696 232.332 326.916 186.8 639.972 167.273 135.672 175.34 133.585 130.918 731.654 105.175 140.79 111.434 220.524 200.653
threshold=0.56992480158805858 0.32795698940753942 0.080128207802772536 0.43650794029235845 0.31666667759418493 0.6104828715324403 0.91883116960525524 0.44949495792388922 0.48181217908859258 0.20734438300132754 0.95790389180183422 0.5391930639743806 0.63068181276321422 0.62828946113586437 0.080540537834167494 0.20294117927551272 0.65838223695755016 0.16904762387275699 0.23611111193895343 0.63714733719825756 0.60880184173583995 0.20185185223817828 0.62192192673683178 0.098387096077203764 0.31121593713760382 0.56980517506599437 0.73375529050827037 0.92677852511405956 0.88784062862396251 0.62233561277389537
decision_type=2 2 2 2 2 2 2 2 2 2 2 2 2 2 2 2 2 2 2 2 2 2 2 2 2 2 2 2 2 2
left_child=1 7 13 5 8 10 23 -1 20 -10 -4 -6 -8 14 -2 16 19 18 -18 -16 21 -3 -17 24 -5 -25 -27 28 -28 -29
right_child=2 4 3 6 11 -7 12 -9 9 -11 -12 -13 -14 -15 15 22 17 -19 -20 -21 -22 -23 -24 25 -26 26 27 29 -30 -31
leaf_value=-0.14286831289870786 -0.13168613719988406 -0.19223351299267794 -0.095896091503254774 0.0017541546200819211 0.19382580954923487 0.020613776182102656 0.01511581353082043 0.10764179895400371 0.20107538198607283 -0.06505951255994169 0.11033201604209771 -0.0047364609609134118 0.127813606053578 0.03688741441474367 1.2318722995120748 0.35498478084503732 0.70855925874950343 0.56993370578652236 3.8525808719636521 -0.095260490925622957 0.17767520497713399 0.035815723689339829 0.11026335478910895 -0.18370673446460015 -0.13526437684245426 0.055875763617423739 -0.045942224405239498 0.11713116068618229 0.13177529576788424 0.0045714216353556205
leaf_weight=3749.7348970993771 58.002478656242602 84.946549576241523 2375.5539203207009 5591.2407178543517 281.99612611356133 820.02884517190978 532.64114353980381 91.137401701882482 69.178163394797593 1599.8907271433854 87.120565107674338 127.91182465851307 543.78985105590459 584.79776039184071 2.3971292057540294 57.832004421565216 6.5044417118770088 20.13269975152798 1.8770933031337333 19.682636289275251 128.27880539791659 709.07183165696915 379.67207812120978 63.393199991552137 1039.9509682119824 1278.7327199672436 1698.7002806285454 387.460778035369 173.10997425916139 4436.2656781402184
leaf_count=213269 3341 526 66005 39710 2571 10047 27753 1493 636 11914 1762 1815 68788 10919 121 720 302 189 90 570 1480 5144 5688 314 55618 9882 10731 5963 1685 46818
internal_value=-0.022733 -0.0774867 -0.00414895 -0.00968878 -0.0014219 -0.0613184 0.00107539 -0.136924 -0.0225054 -0.054029 -0.0886005 0.131864 0.0720483 0.0890617 0.144933 0.177805 0.482127 0.817653 1.41268 0.0488221 0.0345423 0.0114183 0.142612 -0.00413275 -0.0197341 0.00873858 0.0102685 0.00155825 -0.0295064 0.0136127
internal_weight=27001 6842.15 20158.9 19028 3001.27 3282.7 15745.3 3840.87 2591.37 1669.07 2462.67 409.908 1076.43 1130.9 546.101 488.098 50.594 28.5142 8.38154 22.0798 922.297 794.018 437.504 14668.9 6631.19 8037.66 7974.27 6695.54 1871.81 4823.73
internal_count=605864 238848 367016 345076 24086 77814 267262 214762 19700 12550 67767 4386 96541 21940 11021 7680 1272 581 392 691 7150 5670 6408 170721 95328 75393 75079 65197 12416 52781
is_linear=0
shrinkage=0.15


Tree=25
num_leaves=31
num_cat=0
split_feature=2 7 7 12 3 3 3 3 2 0 9 4 14 4 3 0 2 4 14 2 4 0 0 3 1 4 8 6 6 5
split_gain=996.597 1246.25 353.408 1139.17 272.228 255.79 216.006 172.185 174.481 164.136 137.472 136.827 134.001 204.177 125.664 118.157 122.148 111.319 111.147 101.306 148.677 100.729 122.235 192.857 107.321 87.5661 87.4539 192.388 93.6808 86.8874
threshold=0.56992480158805858 0.32795698940753942 0.098387096077203764 1.0000000180025095e-35 0.31666667759418493 0.11805555596947671 0.44949495792388922 0.43650794029235845 0.75582656264305126 0.49548429250717169 0.91883116960525524 0.44782213866710668 0.5391930639743806 0.74239632487297069 0.63068181276321422 0.61901772022247326 0.13484848290681842 0.15268065780401233 0.5391930639743806 0.67769271135330211 0.59491634368896495 0.97246813774108898 0.85371854901313793 0.38750000298023229 0.93127065896987926 0.67694497108459484 0.88425403833389293 0.91394290328025829 0.9878295660018922 0.73974713683128368
decision_type=2 2 2 2 2 2 2 2 2 2 2 2 2 2 2 2 2 2 2 2 2 2 2 2 2 2 2 2 2 2
left_child=1 6 3 29 9 12 -1 8 -7 17 26 15 19 -14 -12 16 -11 -3 25 20 -4 22 -10 24 -24 -6 27 -9 -28 -2
right_child=2 4 5 -5 18 7 -8 10 21 11 14 -13 13 -15 -16 -17 -18 -19 -20 -21 -22 -23 23 -25 -26 -27 28 -29 -30 -31
leaf_value=-0.1416576151947028 -0.13582347201064757 -0.37035932479697886 0.23751457610062587 0.0034780835046863984 0.071599004966034663 -0.065151312264256467 0.085421919944511107 0.015258918762671651 0.14420807622384446 -0.42659868438186294 0.015277397246472401 -0.065659581613118842 -0.17427106845912851 0.075001404329354857 0.12211279040704853 0.18203891541454589 0.0099609223879356286 0.050029392254496936 -0.0040263531391987687 0.18632100881714472 0.030083368349735427 0.20319225770509589 0.055830648614656621 -0.13466693331973106 -0.49704382712171924 0.23961712241762545 -0.01182759396559115 0.16403116502989487 0.15680402169889932 0.18279385488205183
leaf_weight=3252.9809265496442 1813.6580593058025 14.467103508301077 98.142225220335604 5706.668058999232 126.18904848850798 1383.9939264953719 97.064750092846225 3895.3314802402001 121.82839049492031 15.129139288095756 515.8399594103621 1415.7832106968854 102.5083796705585 265.22624129345058 476.59328319154065 92.195826139999554 307.9174812596757 696.34901866992004 127.90128756687045 285.94399398384121 374.09871184499934 64.523931172123412 366.93135599495145 213.49734273881768 8.0735919605940563 156.16088462220796 3854.2053663755651 205.91516240313649 75.57686136988923 19.464204446005169
leaf_count=213269 108308 83 1064 41002 1348 16802 1493 40562 1366 73 27446 10683 1548 7919 68694 1254 2118 5489 1815 5288 3012 1557 5346 1558 184 1223 31167 2668 996 529
internal_value=-0.0204944 -0.0724616 -0.00399386 -0.0295673 -0.00140398 0.0116719 -0.135078 0.00481037 -0.0332434 -0.0197036 0.0139147 -0.0434529 0.079819 0.00551511 0.0665826 0.0322614 -0.0104843 0.0414733 0.111977 0.115858 0.0731922 0.0237483 0.00744821 -0.020863 0.0439277 0.164526 0.00740625 0.0227285 -0.0085845 -0.13244
internal_weight=26150.2 6302.14 19848 7539.79 2952.09 12308.2 3350.05 11182.3 2158.85 2541.84 9023.46 1831.03 1125.92 367.735 992.433 415.242 323.047 710.816 410.251 758.185 472.241 774.855 710.331 588.502 375.005 282.35 8031.03 4101.25 3929.78 1833.12
internal_count=605864 238848 367016 149839 24086 217177 214762 198346 26813 19700 171533 14128 18831 9467 96140 3445 2191 5572 4386 9364 4076 10011 8454 7088 5530 2571 75393 43230 32163 108837
is_linear=0
shrinkage=0.15


Tree=26
num_leaves=31
num_cat=0
split_feature=3 7 2 3 2 7 8 2 13 14 9 8 3 0 14 8 2 0 4 14 1 0 4 4 1 0 4 4 6 3
split_gain=820.308 1272.65 310.141 287.43 233.612 210.001 808.094 265.675 150.839 135.459 134.309 127.934 122.065 109.308 108.87 103.6 101.81 123.456 120.21 100.455 99.23 110.81 108.938 89.4185 94.1702 85.9603 228.316 189.188 145.131 143.564
threshold=0.31666667759418493 0.2788888961076737 0.68444761633872997 0.11805555596947671 0.68444761633872997 0.098387096077203764 0.26992064714431768 0.60120481252670299 1.0000000180025095e-35 0.86666664481163036 0.38750000298023229 0.48342490196228033 0.27922078967094427 0.94000121951103222 0.5391930639743806 0.60570150613784801 0.77836257219314586 0.85010933876037609 0.692928045988083 0.46535137295722967 0.60922586917877208 0.84681376814842235 0.66954022645950328 0.74133810400962841 0.66360855102539074 0.93788677453994762 0.84698995947837841 0.83899769186973583 0.70986834168434154 0.94999998807907116
decision_type=2 2 2 2 2 2 2 2 2 2 2 2 2 2 2 2 2 2 2 2 2 2 2 2 2 2 2 2 2 2
left_child=1 4 3 8 -1 6 -2 14 15 11 -6 13 19 16 -7 -3 -9 -18 -19 -4 21 -13 -22 24 -21 27 -27 29 -29 -24
right_child=5 2 12 -5 10 7 -8 9 -10 -11 -12 20 -14 -15 -16 -17 17 18 -20 23 22 -23 25 -25 -26 26 -28 28 -30 -31
leaf_value=-0.13970718073022911 0.0023730419180326393 0.17662428125130694 0.24163299770579816 -0.11166456828234687 -0.045951872665391996 0.13938635887040052 -0.13224149077185349 0.084393110080689629 -0.09337771073196563 0.072938923046863668 0.22372131462795883 -0.19551555510997512 -0.17097501130459264 0.15189711401676051 0.017074699641921286 0.0065134566664730434 0.25004382037317563 0.2200215121535315 -0.21025295025695828 0.18079780062410022 0.038435513291058626 -0.0088027831876082967 -0.08001529826301311 0.11058083177084989 -0.16956295907434613 0.04629761030502428 -0.025687179243589372 -0.072440208989121235 0.02555186773333868 0.25548277360735411
leaf_weight=3110.6727399839742 5813.200471399934 83.310605369966652 107.56265230689314 642.2974697216996 252.41687725775409 497.30070368955057 1212.6788835310144 201.60857334205923 346.7956545658526 638.26550984522328 49.742666084536268 125.2079116118839 36.798325700685382 224.98147684096182 244.11688290466554 2433.194599630544 21.037087234571118 17.20202463955502 96.933269210276194 24.886642349767499 1393.0768183176988 166.78396074438933 1197.3110000825836 395.75188307114877 56.331654381006956 1826.1215743786888 2168.7527300697984 439.95120580933872 1497.8188521768898 29.40243569901213
leaf_count=232642 41800 991 2632 4547 8797 5509 83907 2055 6610 48210 904 1273 201 4256 3759 17881 328 227 820 515 18305 1748 9797 10287 810 25615 46298 4959 19504 677
internal_value=-0.0182365 -0.0597083 -0.00366673 -0.0209784 -0.127476 -0.000681415 -0.0208617 0.0124639 -0.000635561 0.00606794 -0.00155724 0.00153035 0.0940068 0.0709426 0.0991144 0.0121451 0.0168622 -0.0838596 -0.145404 0.110688 -0.00287844 -0.0888664 5.73028e-05 0.0811587 -0.0622066 -0.00741038 0.00721823 -0.0258777 0.00330375 -0.0719739
internal_weight=25351.5 7539.76 4126.93 3505.6 3412.83 17811.8 7025.88 10785.9 2863.3 10044.5 302.16 9406.19 621.331 561.762 741.418 2516.51 336.781 135.172 114.135 584.533 8844.43 291.992 8552.43 476.97 81.2183 7159.36 3994.87 3164.48 1937.77 1226.71
internal_count=605864 286817 44474 30029 242343 319047 125707 193340 25482 184072 9701 135862 14445 7686 9268 18872 3430 1375 1047 14244 128176 3021 125155 11612 1325 106850 71913 34937 24463 10474
is_linear=0
shrinkage=0.15


Tree=27
num_leaves=31
num_cat=0
split_feature=2 6 13 6 3 3 0 6 4 4 4 0 7 7 9 14 9 3 6 9 7 14 4 9 14 1 0 6 8 8
split_gain=674.039 1036.59 210.817 772.527 197.411 176.991 188.372 172.427 143.621 202.814 140.333 133.85 133.276 130.516 205.692 220.126 170.964 125.542 119.48 119.411 164.857 110.163 103.069 229.626 347.518 446.311 196.645 138.151 98.9679 92.6735
threshold=0.56992480158805858 0.66170939803123485 1.0000000180025095e-35 0.48497742414474493 0.31666667759418493 0.11805555596947671 0.94547370076179515 0.82938069105148327 0.66954022645950328 0.99193549156188976 0.50333333015441906 0.88393548130989086 0.91106721758842479 0.0745370388031006 0.087121214717626586 0.45454545319080358 0.23611111193895343 0.41428571939468389 0.99118927121162426 0.43650794029235845 0.17519181966781619 0.47590406239032751 0.85053193569183361 0.41428571939468389 0.63266637921333324 0.91922956705093395 0.98340842127799999 0.59513971209526073 0.58987179398536693 0.98657658696174633
decision_type=2 2 2 2 2 2 2 2 2 2 2 2 2 2 2 2 2 2 2 2 2 2 2 2 2 2 2 2 2 2
left_child=1 17 5 -4 10 21 8 28 11 -10 29 12 -7 -8 -15 -16 -17 -1 -12 -13 -21 -2 -18 24 -24 -26 -27 -25 -5 -3
right_child=2 4 3 7 -6 6 13 -9 9 -11 18 19 -14 14 15 16 22 -19 -20 20 -22 -23 23 27 25 26 -28 -29 -30 -31
leaf_value=-0.13780106280562743 0.12841935355279249 0.060970902198177745 -0.13122914803096447 0.086794176278264829 0.096600566029528684 -0.094235681729427687 0.0065500061955398496 0.030020904165589734 -0.038852613192243861 0.048737352472413037 -0.064495025979436321 0.015690539770386466 0.12966824328952339 0.1483280343715469 0.22114505359414094 -0.27783509557809288 0.071806499095958473 0.035467847992540297 0.060731419747264398 0.8959420330231701 0.10297470575181968 0.022006887498179348 0.12310054382236923 -0.2291722279506338 0.0091813586449337823 -0.53770979024683052 -0.099743741470518441 0.071991774867576866 -0.039829140589691447 -0.031516985239314337
leaf_weight=2501.1569634734224 414.07725623322403 638.6528997446876 1253.8690398263279 150.35071378655266 405.06802180195518 319.84325224623808 4080.5978745913599 2344.200002142461 4419.5506298638302 687.29929616405116 1224.2131302333437 841.2367146401084 73.574399801436812 408.68194688769381 123.04987295970113 44.356753795873828 548.48844923428169 97.765199571476842 199.34509463887662 5.9870109918992958 401.41909987810504 464.37745567411184 97.943134729751364 36.938128634704753 104.0940248966217 84.637571208644658 31.708311927970499 474.67810199200176 1820.883005557349 394.23718558077235
leaf_count=211113 6382 5458 89114 1477 4393 5165 32571 14850 59411 15626 12257 7596 3770 8824 2166 209 17738 1574 1258 238 9517 11461 827 1685 549 1025 2199 59126 15490 2795
internal_value=-0.0161952 -0.0627056 -0.00298965 -0.0275876 -0.0004212 0.00703729 0.00256196 0.0025259 -0.0146564 -0.0270644 -0.0164201 0.0239328 -0.0523626 0.0218166 0.053689 0.0286696 0.012024 -0.131283 -0.0469592 0.0479717 0.114628 0.0721665 0.0213511 -0.0119914 -0.112005 -0.216465 -0.418349 0.0502481 -0.0301713 0.0256698
internal_weight=24692.3 5460.44 19231.8 5569.3 2861.52 13662.5 12784.1 4315.43 6748.91 5106.85 2456.45 1642.06 393.418 6035.17 1954.58 1545.89 1422.84 2598.92 1423.56 1248.64 407.406 878.455 1378.49 829.999 318.383 220.44 116.346 511.616 1971.23 1032.89
internal_count=605864 238848 367016 120931 26161 246085 228242 31817 101323 75037 21768 26286 8935 126919 94348 85524 83358 212687 13515 17351 9755 17843 83149 65411 4600 3773 3224 60811 16967 8253
is_linear=0
shrinkage=0.15


Tree=28
num_leaves=31
num_cat=0
split_feature=2 6 7 8 3 8 13 5 3 14 11 6 3 0 4 14 6 8 9 13 1 4 5 9 9 13 9 1 4 9
split_gain=542.501 926.35 168.8 771.346 145.13 140.817 138.087 104.584 126.446 119.854 105.701 247.75 103.24 90.3783 88.0378 84.8987 84.2527 83.0312 143.898 283.835 93.5266 76.6537 73.9707 111.317 186.543 148.864 134.302 173.774 102.778 94.0315
threshold=0.56992480158805858 0.64019700884819042 0.098387096077203764 0.26992064714431768 0.31666667759418493 0.54909998178482067 1.0000000180025095e-35 0.8431212604045869 0.94999998807907116 0.4347826093435288 1.0000000180025095e-35 0.71804770827293407 0.31666667759418493 0.48890043795108801 0.15268065780401233 0.5391930639743806 0.51736193895339977 0.88107022643089306 0.29285715520381933 1.0000000180025095e-35 0.89825499057769786 0.58086311817169201 0.91764685511589061 0.19090909510850909 0.86607143282890331 1.0000000180025095e-35 0.41428571939468389 0.91922956705093395 0.86602565646171581 0.23611111193895343
decision_type=2 2 2 2 2 2 2 2 2 2 2 2 2 2 2 2 2 2 2 2 2 2 2 2 2 2 2 2 2 2
left_child=1 12 3 -2 6 21 13 10 9 -9 11 -7 -1 14 -3 -6 -5 -13 19 20 -19 -4 29 25 26 -24 27 -25 -26 -11
right_child=2 4 5 16 15 7 -8 8 -10 22 -12 17 -14 -15 -16 -17 -18 18 -20 -21 -22 -23 23 24 28 -27 -28 -29 -30 -31
leaf_value=-0.13985888790749629 0.0016396484863327244 -0.33248626588256908 0.24382044004202497 -0.13826216813123077 0.12633697108237299 -0.10042485891079618 -0.10459621873779361 0.1360547931133935 0.12602879368525946 -0.00033510200492094494 0.010462152727218179 0.031215938815194598 -0.016903991544695879 -0.021234697352910521 0.055025498084826811 -0.018026536314027897 0.057348013287993625 -0.23082464422464091 0.02152836479251951 0.00030559840886574901 0.06666641158822352 0.054958901166096148 0.14249769271991275 -0.0063830119326215903 0.079511885043980476 0.0012325287744542625 -0.16878927533291596 -0.39828320779777815 -0.04262429919863725 0.062273571197313346
leaf_weight=2049.266038628386 5818.8940974751586 13.483614174649118 51.346766257875402 1160.0237777216826 284.04965149732016 808.94329141976777 339.07859101507347 175.27683289025663 239.15511653292924 1113.6650094757788 2983.3791063316748 913.47489608125761 166.10698599159514 1525.7075439112377 608.12044525169767 135.32437794143334 51.75346299080411 230.97562782978639 675.58126081386581 414.70814306521788 26.506386753171682 829.4812730640075 202.2281078833621 358.00690883025527 324.56416887941305 987.12764578266069 294.51339949050453 27.406369572505355 296.76888500526547 1047.3428908673814
leaf_count=203715 42900 67 632 105712 2625 11748 9513 2415 36798 5625 45663 13477 6241 10628 4178 1881 1227 1196 15877 2507 676 12017 2353 1667 22519 4658 2136 246 16242 18725
internal_value=-0.0142387 -0.057576 -0.00257701 -0.0210333 -0.0018717 0.00823595 -0.0156392 0.00366275 0.0195647 0.0142898 -0.00964511 -0.0291838 -0.13064 -0.00159219 0.0466197 0.0797535 -0.129908 -0.00369792 -0.0273614 -0.0764978 -0.2002 0.0659683 0.00970158 -0.00791793 -0.0382354 0.0252521 -0.0925267 -0.0342507 0.0211757 0.0300085
internal_weight=24152.3 5121.14 19031.1 7030.67 2905.76 12000.5 2486.39 11119.6 5066.06 4826.9 6053.57 3070.19 2215.37 2147.31 621.604 419.374 1211.78 2261.25 1347.77 672.19 257.482 880.828 4651.62 2490.62 1301.26 1189.36 679.927 385.413 621.333 2161.01
internal_count=605864 238848 367016 149839 28892 217177 24386 204528 113384 76586 91144 45481 209956 14873 4245 4506 106939 33733 20256 4379 1872 12649 74171 49821 42810 7011 4049 1913 38761 24350
is_linear=0
shrinkage=0.15


Tree=29
num_leaves=31
num_cat=0
split_feature=2 7 3 3 0 14 13 5 9 3 8 7 3 3 2 0 4 3 3 0 3 3 2 0 7 11 2 3 2 1
split_gain=432.886 837.484 137.85 174.632 204.287 144.064 128.717 110.542 106.461 107.616 91.7369 89.6829 88.4317 84.568 83.89 139.998 103.103 79.9773 79.9884 78.9686 115.563 91.7094 107.123 108.974 79.1844 74.1063 73.3061 98.4791 120.271 137.319
threshold=0.56992480158805858 0.24621212482452395 0.11805555596947671 0.43650794029235845 0.97246813774108898 0.6104828715324403 1.0000000180025095e-35 0.88359594345092785 0.91883116960525524 0.63068181276321422 0.54295176267623912 0.19722222536802295 0.44949495792388922 0.31666667759418493 0.71346470713615429 0.90205737948417675 0.70412456989288341 0.074175827205181136 0.19090909510850909 0.78351536393165599 0.38750000298023229 0.29285715520381933 0.68783605098724376 0.86516058444976818 0.61721614003181469 1.0000000180025095e-35 0.71503761410713207 0.60769233107566845 0.94360819458961498 0.84877073764801036
decision_type=2 2 2 2 2 2 2 2 2 2 2 2 2 2 2 2 2 2 2 2 2 2 2 2 2 2 2 2 2 2
left_child=1 7 25 4 5 10 13 12 26 14 -4 -12 -1 17 -10 16 -16 -3 -19 -13 21 -21 24 -24 -23 -2 -5 28 -28 -30
right_child=2 6 3 8 -6 -7 -8 -9 9 -11 11 19 -14 -15 15 -17 -18 18 -20 20 -22 22 23 -25 -26 -27 27 -29 29 -31
leaf_value=-0.14288196421866484 0.016136791017344956 0.0063885863946827603 -0.0095189366541527116 0.028938058593799575 0.17852030207882477 0.0074497423472558513 -0.083540933288742916 1.1305648861461239 0.10371775900494086 0.11101772133199099 -0.14196066666926516 -0.11642835679120851 0.019948559893646488 0.072920954030089399 0.11501775542909602 0.045716649751115002 -0.2047591004888977 -0.15092211401610459 0.017616536442027698 -0.066392700201904589 -0.13609608123240244 0.30487755988456594 -0.23799860837498688 0.068286233938910992 0.044204405997149386 0.094645900505536423 -0.034890776828456392 0.0027208174529210834 0.41414583902826779 0.030963483205506431
leaf_weight=1694.502402902257 647.04898224831595 2002.5559859661153 423.36517779401038 1505.8979391431512 92.341546329451376 739.55265917163342 406.31388814753154 1.5526065712328989 140.30955231131122 384.12468974165529 478.76519524885225 370.97451315971557 78.521990127395838 377.04126955364336 27.945714408531785 210.04082417503378 120.53873012037366 154.40411587071139 107.45205390406772 182.64690690208226 160.51916749344673 58.124780763289891 35.957608534023166 95.69958512717858 47.767497947439551 464.87392040893064 3475.919006038981 8768.5547643567334 22.314472587720957 369.22126056317938
leaf_count=203134 12763 15967 11905 17695 2380 8515 11726 32 6785 68788 46394 2899 1295 4245 1554 16035 3379 1172 1277 1604 872 628 146 825 434 10389 35321 113180 255 4270
internal_value=-0.0125444 -0.0526421 -0.00227135 -0.0054878 -0.0407178 -0.0485241 -0.00494335 -0.134563 0.000809602 0.0513415 -0.070854 -0.0890071 -0.135671 0.00714669 0.00538817 -0.0330933 -0.144575 -0.00380521 -0.0817627 -0.0623678 -0.0278327 0.013525 0.0749721 -0.0153649 0.187289 0.04896 -0.00234539 -0.0060736 -0.0260129 0.0528019
internal_weight=23644.8 4822.34 18822.5 17710.6 2685.71 2593.37 3047.77 1774.58 15024.9 882.96 1853.82 1430.46 1773.02 2641.45 498.835 358.525 148.484 2264.41 261.856 951.69 580.716 420.196 237.549 131.657 105.892 1111.92 14141.9 12636 3867.45 391.536
internal_count=605864 238848 367016 343864 76602 74222 34387 204461 267262 96541 65707 53802 204429 22661 27753 20968 4933 18416 2449 7408 4509 3637 2033 971 1062 23152 170721 153026 39846 4525
is_linear=0
shrinkage=0.15


Tree=30
num_leaves=31
num_cat=0
split_feature=5 2 6 13 7 8 5 5 9 7 8 7 3 3 6 8 7 8 9 14 1 9 8 7 14 14 14 9 7 8
split_gain=345.953 648.393 305.251 170.424 464.68 160.951 131.443 123.841 130.061 141.226 138.537 113.398 106.879 104.649 102.774 117.584 67.1892 153.334 143.463 178.002 239.519 155.732 103.27 121.143 108.461 105.267 102.595 169.19 236.481 100.991
threshold=0.82333505153656017 0.55612832307815563 0.71804770827293407 1.0000000180025095e-35 0.053342817351222045 0.69582608342170726 0.73974713683128368 0.77317622303962719 0.29285715520381933 0.79057019948959362 0.82063376903533947 0.1012820526957512 0.94999998807907116 0.31666667759418493 0.72507309913635265 0.55985075235366832 0.098387096077203764 0.44935679435729986 0.074175827205181136 0.5391930639743806 0.88203665614128124 0.29285715520381933 0.48342490196228033 0.17519181966781619 0.26584160327911383 0.5588456690311433 0.46535137295722967 0.38750000298023229 0.36515152454376226 0.72104203701019298
decision_type=2 2 2 2 2 2 2 2 2 2 2 2 2 2 2 2 2 2 2 2 2 2 2 2 2 2 2 2 2 2
left_child=1 2 13 7 -5 -2 14 16 9 10 -9 -8 -7 -1 15 -6 17 -3 19 29 -21 -20 23 24 -23 26 -24 -28 -29 -18
right_child=5 3 -4 4 6 12 11 8 -10 -11 -12 -13 -14 -15 -16 -17 18 -19 21 20 -22 22 25 -25 -26 -27 27 28 -30 -31
leaf_value=-0.13838139113704775 0.11060917022275736 0.0016252134759436809 -0.02091862074941124 -0.1472217492253394 0.017479372699918182 0.00729240976588538 0.47979093218932417 0.05384066954068429 -0.011651341012778624 0.038797488300068197 -0.20722743346416772 0.033518619258956807 0.11297617744422901 -0.0053336480987389023 0.017406470767517414 -0.10140730374731328 0.079307867736971308 -0.12186632118280126 -0.094727576273854919 -0.089454349065075975 0.14722228924543643 0.076139375604900236 0.011597347657339854 0.042000191914847336 0.39689904520376323 0.041109027387132104 0.085394594313120062 -0.34582150354348901 -0.031131592725334251 0.25531077761266896
leaf_weight=1613.0902403185028 382.3791174623766 5809.0869404352852 923.90866143230232 711.21393003754201 266.19810655864421 6755.3402442794577 13.023587907257022 55.384183143381961 934.98741879602312 105.15420282399282 262.47905825928319 785.44725361152086 222.39438595168758 144.96956235206744 525.80384858185425 630.60805605570204 138.30793236811223 235.39533995167585 298.59013610240095 211.90864310739562 176.20724752685055 46.544192754285177 392.34368939956767 263.93989256506734 48.367192323188647 816.09812638291623 77.005398165434599 98.074733472662047 118.82881216320675 156.19594758874155
leaf_count=200880 8153 43998 8491 79431 4358 95195 236 805 19105 1385 1781 5500 36890 5500 3393 16917 1564 20773 3012 1702 4369 567 6260 4363 609 25758 487 874 1658 1850
internal_value=-0.0110232 -0.0234963 -0.0907251 -0.0098132 -0.0416989 0.0158534 -0.0079093 -0.000686886 -0.0428755 -0.11189 -0.161739 0.0407976 0.0106608 -0.12741 -0.0352471 -0.0661183 0.00575994 -0.00318402 0.0247796 0.084722 0.0179985 0.00583429 0.0219673 0.0942626 0.2396 0.00469884 -0.0386005 -0.10561 -0.173421 0.172654
internal_weight=23219.3 15859.2 2681.97 13177.2 2932.29 7360.11 2221.08 10244.9 1358 423.017 317.863 798.471 6977.73 1758.06 1422.61 896.806 8886.89 6044.48 2842.41 682.62 388.116 2159.79 1861.2 358.851 94.9114 1502.35 686.253 293.909 216.904 294.504
internal_count=605864 465626 214871 250755 109835 140238 30404 140920 23076 3971 2586 5736 132085 206380 24668 21275 117844 64771 53073 9485 6071 43588 40576 5539 1176 35037 9279 3019 2532 3414
is_linear=0
shrinkage=0.15


Tree=31
num_leaves=31
num_cat=0
split_feature=13 14 5 2 9 5 9 7 4 7 0 2 0 6 8 8 6 8 6 8 7 14 5 3 9 14 9 7 0 0
split_gain=275.551 877.325 156.353 211.971 199.726 191.907 267.15 170.897 122.449 160.946 114.232 98.7063 136.249 98.4999 214.184 110.829 170.162 142.593 103.119 118.621 99.6286 94.0198 137.637 90.7843 80.0078 305.275 139.128 327.722 115.378 77.3293
threshold=1.0000000180025095e-35 0.41111835837364202 0.8390769660472871 0.4654348492622376 0.087121214717626586 0.91469547152519237 0.86607143282890331 0.24621212482452395 0.31866537034511572 0.87749999761581432 0.63927528262138378 0.89386734366416942 0.86111742258071911 0.88533127307891857 0.83889505267143261 0.98657658696174633 0.91394290328025829 0.89961239695549022 0.93946442008018505 0.94297328591346752 0.63818180561065685 0.5391930639743806 0.85273012518882763 0.5634920895099641 0.29285715520381933 0.5391930639743806 1.0000000180025095e-35 0.087595909833908095 0.93287798762321483 0.83333438634872448
decision_type=2 2 2 2 2 2 2 2 2 2 2 2 2 2 2 2 2 2 2 2 2 2 2 2 2 2 2 2 2 2
left_child=2 -2 3 7 21 29 -7 -1 9 -8 -11 24 -13 -3 -15 16 -16 -18 -19 -20 -17 -4 -23 -14 25 26 27 -5 -27 -6
right_child=1 13 4 11 5 6 8 -9 -10 10 -12 12 23 14 15 20 17 18 19 -21 -22 22 -24 -25 -26 28 -28 -29 -30 -31
leaf_value=-0.1386749246217977 -0.12288034175391842 -0.016588588992876484 0.23591489483801154 -0.016600547399545411 0.013151960777842277 -0.079634790306382902 0.14387675514080611 -0.021767742870767087 0.040169308480897815 -0.23195432624421308 0.1541065573267571 0.25170957677553618 0.097934356303494605 0.32836019114417037 -0.032280546832727457 0.16702069885415857 0.23879718845155923 -0.016843314267911708 0.24930718315086481 0.055999567429459149 -0.083743570391077479 -0.34586438897696897 0.10735338966993054 0.0069605010105552407 0.0047698185147782299 -0.15151487662264915 -0.11274816066800006 0.14449360040665557 -0.0061829726767440593 0.080050824791737266
leaf_weight=473.23473984049633 1859.8378881239332 2790.253931551415 127.31715271566645 2399.4376548154978 627.42896796291461 847.31299042643514 48.681199529615697 693.82701383193489 1384.7791289318993 115.13652185583487 20.282631063601002 54.177492499467917 262.43330790322943 52.503730905242264 429.68557519768365 40.368451369460672 116.63965871511027 247.25181068712845 98.451963195111603 260.17359992535785 304.85459657665342 16.251349694095552 208.56673441408202 4145.3482173259026 2962.848360055109 533.4021867106203 258.14407806904637 322.30383689164955 159.7092191982083 1022.0445539607754
leaf_count=75186 209553 21807 1212 28992 6796 6329 328 7978 66218 635 640 1030 4867 441 2450 331 926 1556 768 2132 1304 198 3720 56014 56932 3335 9627 4498 1676 28385
internal_value=-0.00968282 -0.0366835 0.000351833 -0.00836348 0.0245476 0.0151613 -0.011765 -0.0691727 0.0248897 -0.0900413 -0.174131 -0.00196868 0.015283 0.000253239 0.0305727 0.0201314 0.0424687 0.0869226 0.0576847 0.109067 -0.0544206 0.132919 0.0745918 0.012377 -0.0135687 -0.0283616 -0.00750579 0.00247594 -0.118027 0.0546037
internal_weight=22882.7 6200.02 16682.7 12264.9 4417.8 4065.67 2416.19 1167.06 1568.88 184.1 135.419 11097.8 4461.96 4340.18 1549.93 1497.43 1152.2 722.517 605.877 358.626 345.223 352.135 224.818 4407.78 6635.85 3673 2979.89 2721.74 693.111 1649.47
internal_count=605864 241268 364596 250135 114461 109331 74150 83164 67821 1603 1275 166971 61911 31715 9908 9467 7832 5382 4456 2900 1635 5130 3918 60881 105060 48128 43117 33490 5011 35181
is_linear=0
shrinkage=0.15


Tree=32
num_leaves=31
num_cat=0
split_feature=7 8 6 8 6 11 3 3 7 4 1 0 1 11 14 1 6 2 9 0 0 14 5 1 0 14 0 0 9 9
split_gain=218.661 911.832 256.369 116.636 104.06 182.771 118.758 118.765 99.8053 127.415 92.6531 161.962 100.309 89.2045 87.3882 117.267 87.3678 83.8718 82.2485 96.441 76.598 103.017 76.5456 71.2996 99.97 142.56 95.0869 113.565 69.4785 92.1358
threshold=0.14119601994752887 0.40926986932754522 0.55580469965934765 0.64453628659248363 0.71804770827293407 1.0000000180025095e-35 0.94999998807907116 0.68333333730697643 0.50999999046325695 0.34941859543323522 0.77459678053855907 0.85185325145721447 0.96449580788612377 1.0000000180025095e-35 0.28637890517711645 0.82952773571014415 0.93359273672103893 0.23132664710283282 0.23611111193895343 0.92859193682670604 0.78351536393165599 0.63266637921333324 0.75675535202026378 0.91922956705093395 0.82154822349548351 0.5391930639743806 0.98340842127799999 0.96672639250755321 0.89444443583488475 0.43650794029235845
decision_type=2 2 2 2 2 2 2 2 2 2 2 2 2 2 2 2 2 2 2 2 2 2 2 2 2 2 2 2 2 2
left_child=1 14 -3 17 5 22 7 8 9 -6 -10 -12 -13 -4 -1 -16 23 -2 -14 -20 -7 -22 -5 24 -11 -26 27 -25 29 -9
right_child=3 2 13 4 6 20 -8 28 10 16 11 12 18 -15 15 -17 -18 -19 19 -21 21 -23 -24 26 25 -27 -28 -29 -30 -31
leaf_value=-0.001053920567395248 0.48662795482959964 -0.13204885981311268 -0.14476340056023002 -0.11154224728973815 0.25339930711816733 -0.063320311842978885 0.092470644950307893 -0.023599182445209466 -0.014354211753383153 -0.021618321521003896 0.12040312660106332 0.011304042146604866 -0.005110065228137793 0.11074536450366604 0.89626243700606478 0.11754334343810745 0.15619225035283321 0.041638959950142905 -1.5051829309846434 -0.3336777962352242 0.057183960514430143 -0.12809596359002187 -0.015836696894712374 0.066991665413484336 0.15072330875127365 0.03056755755159022 0.13405509879615493 -0.15628587526974386 0.10799357556806925 -0.11477591938494373
leaf_weight=6026.6997245154907 9.5991947935824538 1845.2235946024302 39.287451047275681 631.99778786723618 56.918182749497646 228.33540117327357 328.90796777745709 1649.8118157181889 4304.9872455100412 631.75169472035486 335.26855808869004 1329.3394506663317 20.076234376989305 141.37333311756083 4.6881085976492605 60.521689453773433 112.71027003764175 1324.9833781909103 1.7157491282559956 20.144863857887685 615.98878574232367 75.832275057211518 267.66600960551295 73.773522295523435 258.89947451783155 1566.1579920431832 52.805219045374542 167.92077037761919 76.89715740585234 293.77320904936641
leaf_count=58358 629 271369 2851 21660 676 14533 54589 8282 43364 7329 5994 30386 185 4418 168 1177 1049 24077 98 1416 6885 2371 5594 1096 3070 14937 803 1513 13873 3114
internal_value=-0.0084802 -0.028176 -0.115352 0.00259511 -0.00170806 -0.0349929 0.00366095 0.000994067 0.00842274 0.0311692 -0.00262951 0.0269476 0.0040983 0.0551811 0.000814857 0.173528 0.0267527 0.0448396 -0.224313 -0.425624 0.0120117 0.036875 -0.0830681 0.0214501 0.0298104 0.0476126 -0.0482942 -0.0881338 -0.0318478 -0.0373806
internal_weight=22554.1 8117.79 2025.88 14436.3 13101.7 1819.82 11281.9 10953 8932.47 2920.94 6011.53 1706.54 1371.28 180.661 6091.91 65.2098 2864.02 1334.58 41.9368 21.8606 920.156 691.821 899.664 2751.31 2456.81 1825.06 294.5 241.694 2020.48 1943.59
internal_count=605864 338341 278638 267523 242817 51043 191774 137185 111916 30473 81443 38079 32085 7269 59703 1345 29797 24706 1699 1514 23789 9256 27254 28748 25336 18007 3412 2609 25269 11396
is_linear=0
shrinkage=0.15


Tree=33
num_leaves=31
num_cat=0
split_feature=13 14 5 9 2 7 5 9 4 7 0 4 14 0 2 3 9 3 6 3 1 6 8 14 2 0 2 11 9 5
split_gain=192.795 671.111 106.833 165.573 139.644 152.53 134.624 190.628 82.8832 99.0306 78.3778 76.8067 74.017 73.2691 72.6456 201.54 160.113 103.791 70.8111 70.2194 68.4587 67.9 66.4781 136.037 65.7089 93.1608 74.6321 68.8597 61.6472 91.1079
threshold=1.0000000180025095e-35 0.41111835837364202 0.8431212604045869 0.087121214717626586 0.4654348492622376 0.17519181966781619 0.91469547152519237 0.86607143282890331 0.31866537034511572 0.87749999761581432 0.96189683675766002 0.67694497108459484 0.7373788356781007 0.63927528262138378 0.97752526402473461 0.68333333730697643 0.14835165441036227 0.5634920895099641 0.95256841182708751 0.65151515603065502 0.93957650661468517 0.55078604817390453 0.26992064714431768 0.23533271998167041 0.21680375933647159 0.83333438634872448 0.74883177876472484 1.0000000180025095e-35 0.41428571939468389 0.94127875566482555
decision_type=2 2 2 2 2 2 2 2 2 2 2 2 2 2 2 2 2 2 2 2 2 2 2 2 2 2 2 2 2 2
left_child=2 18 4 -4 5 -1 24 28 9 -9 -6 -10 -3 -11 15 17 -17 -12 22 -13 -19 -16 23 -2 -5 -26 -27 -28 -8 -30
right_child=1 12 3 6 10 -7 7 8 11 13 14 19 -14 -15 21 16 -18 20 -20 -21 -22 -23 -24 -25 25 26 27 -29 29 -31
leaf_value=-0.14258501011640523 -0.12182847930057705 -0.015994989776573442 0.12351688017604776 0.2071191598112134 -0.011008407019328646 -0.020013161808760834 -0.029943375756955416 0.10598193203693931 0.080165005358010147 -0.17182733458540853 0.094778443594533662 -0.010375641952712381 0.024489575024631886 0.15001380886299456 -0.0051021651987742988 0.1733031406854236 -0.02305273548041948 -0.04339105417370364 0.37182412699473516 0.11557622095815043 0.087447391998980717 0.097943966086931414 -0.12550230920461261 0.31216780901916225 -0.0086582409331372335 0.13774010001732317 0.093108698841324999 -0.0011294601258388802 -0.033337204588078796 -0.1802178054241268
leaf_weight=331.54078408003261 49.546498192794388 2662.887651182944 328.98033975563885 55.684822195238667 6974.2990955866744 734.50768007972511 449.95014692412224 53.579016919466085 516.27392102406884 129.14664919907227 211.25549806242816 731.8005091414816 1643.0445863085333 18.15254201751668 2567.884543845762 354.1231224303483 126.92804750070354 626.0928863946101 6.658160889055579 115.28258549259044 105.0803836748164 152.41588448826224 1446.6759949947882 24.181810856796801 540.08179559411656 260.56269302054716 332.68987567609292 366.81126810687783 177.67975986725651 204.24297774326988
leaf_count=69601 1980 19485 4980 535 110483 14019 2649 328 10724 635 3773 21616 12230 640 20584 3039 3606 7188 106 33878 1782 17688 206969 498 5638 3976 9340 14214 2329 1351
internal_value=-0.0074129 -0.0308466 0.000888863 0.021273 -0.00627314 -0.058133 0.0127617 -0.00954709 0.0213067 -0.0686455 -0.0013006 0.0345604 -0.000547012 -0.132165 0.0150384 0.0424939 0.121494 0.00216955 -0.116284 0.0067656 -0.0245876 0.000671413 -0.118422 0.020516 0.047119 0.0411799 0.0692162 0.0436912 -0.0675639 -0.111885
internal_weight=22298 5832.99 16465 4280.92 12184.1 1066.05 3951.94 2396.11 1564.24 200.878 11118.1 1363.36 4305.93 147.299 4143.78 1423.48 481.051 942.429 1527.06 847.083 731.173 2720.3 1520.4 73.7283 1555.83 1500.15 960.064 699.501 831.873 381.923
internal_count=605864 241268 364596 112833 251763 83620 107853 74150 67821 1603 168143 66218 31715 1275 57660 19388 6645 12743 209553 55494 8970 38272 209447 2478 33703 33168 27530 23554 6329 3680
is_linear=0
shrinkage=0.15


Tree=34
num_leaves=31
num_cat=0
split_feature=13 14 5 9 6 2 7 1 6 5 8 14 6 8 14 2 8 3 1 9 3 5 9 8 7 0 8 7 14 8
split_gain=147.154 570.015 78.552 146.996 114.097 108.389 137.447 70.0025 89.2256 99.876 81.2287 79.871 67.5169 65.7401 84.1678 64.8709 70.243 63.7946 108.067 119.155 81.4921 61.6825 138.649 153.646 84.5491 73.0893 64.6224 66.6661 61.3376 56.2936
threshold=1.0000000180025095e-35 0.41111835837364202 0.84767559170722973 0.10555555671453477 0.79080340266227733 0.44575162231922155 0.24621212482452395 0.98571139574050914 0.63271072506904613 0.72427511215209972 0.85657143592834484 0.78366154432296764 0.75879752635955822 0.26992064714431768 0.24761904031038287 0.27812939882278448 0.58987179398536693 0.94999998807907116 0.91922956705093395 0.38750000298023229 0.5634920895099641 0.77317622303962719 0.29285715520381933 0.86222714185714733 0.93933823704719555 0.94667077064514171 0.62233561277389537 0.79057019948959362 0.90546813607215892 0.64453628659248363
decision_type=2 2 2 2 2 2 2 2 2 2 2 2 2 2 2 2 2 2 2 2 2 2 2 2 2 2 2 2 2 2
left_child=2 12 5 -4 -5 6 -1 28 9 29 -11 -10 13 14 -2 16 -8 18 -6 -20 -21 -7 23 26 25 -25 -23 -28 -3 -9
right_child=1 7 3 4 17 21 15 8 11 10 -12 -13 -14 -15 -16 -17 -18 -19 19 20 -22 22 -24 24 -26 -27 27 -29 -30 -31
leaf_value=-0.13590748857549556 -0.10226627883782093 0.0030131812972964316 0.11943184095724811 0.074715011844490822 0.003720233788555175 0.0039994315464190831 0.45767375041759273 0.058986064889935484 -0.24856340155239687 0.4847449427227255 0.035169983064809535 -0.0087978079564299486 -0.004160255391684492 -0.13067575380018545 0.23221890881427343 -0.06117394179074126 0.022166885218679287 0.13146715669773143 -0.2669410782627159 -0.24578351674978566 0.050741867028820026 0.25291383222458869 -0.00026042700829124522 -0.17631686306695787 0.19567817996332973 0.037392519789832698 -0.061361495723005387 0.17112389741875789 0.14697814463526995 -0.1046212178414312
leaf_weight=310.1818181008839 48.408017145411577 3843.9057391631068 301.26119022621424 538.02695506064629 3051.4906356571519 9213.1730676541865 8.5638233803911117 71.935751354787499 84.825305396690965 15.181900108465923 22.360766682773829 49.504584323382005 119.902362210094 1173.3761182196758 26.027993591385894 328.36388055433054 309.01085736730602 81.322916180361062 70.944081478752196 27.359363384894095 87.692147268215194 24.647879666437802 1466.0914078532514 339.97175602044445 16.252521582413465 40.272521463222802 121.54792843258474 35.963351876474917 67.761840358376503 138.27750535588712
leaf_count=71671 2077 20804 4840 14428 52773 141391 197 869 1153 142 141 4026 2971 204104 401 4759 2829 28140 569 2210 8226 364 27180 1822 178 955 1402 662 306 4274
internal_value=-0.00649547 -0.0273415 0.000713058 0.0185204 0.0106381 -0.00534921 -0.0538364 -0.000478807 -0.0617604 -0.00838639 0.216974 -0.160203 -0.111673 -0.122004 0.0146929 -0.0144256 0.0339109 0.000250344 -0.00304571 -0.11405 -0.0197722 -0.00123125 -0.0247995 -0.0869722 -0.139362 -0.153682 0.0270621 -0.00827988 0.00550709 -0.0486342
internal_weight=22033.6 5661.47 16372.1 4158.1 3856.84 12214 956.12 4293.75 382.086 247.756 37.5427 134.33 1367.71 1247.81 74.436 645.939 317.575 3318.81 3237.49 185.996 115.052 11257.9 2044.75 578.656 396.497 380.244 182.159 157.511 3911.67 210.213
internal_count=605864 241268 364596 111186 106346 253410 79456 31715 10605 5426 283 5179 209553 206582 2478 7785 3026 91918 63778 11005 10436 173954 32563 5383 2955 2777 2428 2064 21110 5143
is_linear=0
shrinkage=0.15


Tree=35
num_leaves=31
num_cat=0
split_feature=3 7 12 11 2 1 2 2 1 4 1 2 1 2 0 0 3 4 0 4 4 0 9 7 0 2 9 4 1 2
split_gain=117.735 509.202 183.602 132.298 126.327 115.106 107.674 94.9976 88.9465 80.2495 121.02 74.4932 147.832 167.469 139.299 169.648 138.747 112.635 196.801 287.29 119.726 103.4 118.3 93.3645 89.9114 84.4561 78.7358 78.0099 77.4016 81.6298
threshold=0.43650794029235845 0.14119601994752887 1.0000000180025095e-35 1.0000000180025095e-35 0.64051279425621044 0.64038833975791942 0.77629497647285473 0.84575733542442333 0.21132376790046695 0.79516318440437328 0.65345367789268505 0.75134408473968517 0.75134408473968517 0.90824913978576671 0.83678606152534496 0.92258146405220043 0.86607143282890331 0.73727351427078258 0.94815975427627575 0.87138131260871898 0.84698995947837841 0.90476423501968395 0.91883116960525524 0.35504202544689184 0.96926838159561168 0.91715687513351452 0.43650794029235845 0.88047617673873912 0.88998895883560192 0.8019607961177827
decision_type=2 2 2 2 2 2 2 2 2 2 2 2 2 2 2 2 2 2 2 2 2 2 2 2 2 2 2 2 2 2
left_child=1 2 -1 6 9 7 8 -6 -3 -2 -11 -7 13 21 -14 16 28 -17 19 26 -20 22 -13 -24 27 -26 -19 -22 29 -16
right_child=4 3 -4 -5 5 11 -8 -9 -10 10 -12 12 14 -15 15 17 -18 18 20 -21 24 -23 23 -25 25 -27 -28 -29 -30 -31
leaf_value=-0.13380708847921366 0.0085306083425642967 0.069939898377763848 0.013528449461762944 0.021795274993188781 -0.14156690985169143 0.027780220507914379 0.048569954932575363 0.38876067546961252 -0.042218115311044059 0.2107771743158135 0.04386606425075993 -0.18307354510526347 0.083648544128347491 0.34725533540293918 -0.039892703384585698 0.040338635071513418 0.15325444735401159 -0.13668001834923227 0.03374152009306193 0.00072115123953490716 -0.20842142555016638 -0.052017985161802151 -0.21648186188965998 -1.0258197535493259 0.24773751952077272 -0.0023425455156548206 -0.32187119600530173 -0.041108574741262512 0.054334545972992802 -0.12723179444478977
leaf_weight=1049.8698888163617 357.93840727360657 170.08120720944135 232.43432778576971 2677.8855979942873 177.21222065103939 1905.9797212449485 399.84540319061489 7.9404077705694354 2462.4950124140596 154.46177364385221 266.15748016161888 121.65481436345726 417.85978216007425 17.409276167367352 459.90531385262148 1446.9403892848641 64.861123970767949 348.37076287460513 2098.6334677185514 568.25230657673092 69.005480054677719 165.93646082252963 5.8522438313812 7.0952532961964607 30.576686825836077 4839.6203553841524 60.647914285756997 686.27990539133316 97.935893668502104 505.33838770200964
leaf_count=231297 5540 2179 5200 44692 2205 32682 8206 159 42711 2143 5185 1600 10031 383 5218 20738 2020 2851 31940 8796 529 2074 77 109 914 117690 838 10758 1963 5136
internal_value=-0.00562833 -0.0216824 -0.107101 -0.00250087 0.00191505 -0.00133205 -0.0239564 -0.118823 -0.034972 0.060735 0.10516 0.000230937 -0.00414033 -0.105059 -0.0013965 -0.00454795 -0.0597323 0.00158608 -0.00485802 -0.0682782 0.00316604 -0.13126 -0.22895 -0.660001 -0.0082404 -0.000772461 -0.16414 -0.0563949 -0.0727259 -0.0856177
internal_weight=21874.5 6992.61 1282.3 5710.31 14881.9 14103.3 3032.42 185.153 2632.58 778.558 420.619 13918.2 12012.2 317.948 11694.2 11276.4 1128.04 10148.3 8701.39 977.271 7724.12 300.539 134.602 12.9475 5625.48 4870.2 409.019 755.285 1063.18 965.244
internal_count=605864 334285 236497 97788 271579 258711 53096 2364 44890 12868 7328 256347 223665 4243 219422 209391 14337 195054 174316 12485 161831 3860 1786 186 129891 118604 3689 11287 12317 10354
is_linear=0
shrinkage=0.15


Tree=36
num_leaves=31
num_cat=0
split_feature=13 14 7 8 5 6 2 6 9 5 3 1 9 5 9 8 7 14 8 7 14 1 8 5 0 7 14 8 7 14
split_gain=104.366 429.184 75.2364 75.4494 54.3183 100.486 79.8962 110.584 58.6482 119.872 52.491 73.167 65.3777 50.5644 78.5419 88.1686 67.4708 52.3806 181.535 182.518 259.128 721.332 151.774 133.785 122.933 97.5925 101.28 66.4578 93.039 111.712
threshold=1.0000000180025095e-35 0.41111835837364202 0.053342817351222045 0.26992064714431768 0.8390769660472871 0.79080340266227733 0.45308175683021551 0.82227864861488353 0.10555555671453477 0.87623849511146557 0.94999998807907116 0.91922956705093395 0.38750000298023229 0.776443511247635 0.29285715520381933 0.84861218929290783 0.79057019948959362 0.28121212124824529 0.24336075037717822 0.14119601994752887 0.28637890517711645 0.84273937344551098 0.46693989634513861 0.64752545952796947 0.94119262695312511 0.0745370388031006 0.41829130053520208 0.54909998178482067 0.17752101272344592 0.51766735315322887
decision_type=2 2 2 2 2 2 2 2 2 2 2 2 2 2 2 2 2 2 2 2 2 2 2 2 2 2 2 2 2 2
left_child=4 2 -2 -4 6 -6 7 -1 9 -7 11 -10 -13 17 15 -15 -17 22 19 -19 -21 -22 -8 25 -23 -20 -27 28 -28 -30
right_child=1 -3 3 -5 5 8 13 -9 10 -11 -12 12 -14 14 -16 16 -18 18 23 20 21 24 -24 -25 -26 26 27 -29 29 -31
leaf_value=-0.096829578515381723 -0.14715164159076799 -0.0010679581369534056 0.13554545890153699 -0.08281483888576828 0.068291826948490716 -0.22534940283372557 0.00077578093989440905 0.0099729197279546013 0.0032988915259609774 0.10991805745589853 0.12649183032443073 -0.19037474355837217 -0.017991205953062417 0.034608055830077949 -0.0039899681690983464 -0.15146476323399249 -0.011637243491906955 -0.3895696806186949 -0.12226109082689866 -0.48999241359985696 -16.504197206402424 -5.6924558414409825 -0.11831839423886556 0.0035543026020268004 -0.39659036326750258 0.15596409187990318 0.13710166431698592 0.07510894166252173 -0.33592805692074251 0.11062121166680308
leaf_weight=474.01970525624347 508.29851738500292 4305.7350743986899 37.800951034470927 612.41641825955594 682.95001559276352 26.80085905501619 6053.4282642988892 404.06788709206739 3108.1050363560498 229.18644192104694 72.636388111626729 84.542893080040812 119.43178041442297 125.54676564355032 1259.6535527592423 265.68809700605925 109.70531838922761 4.2654729234062065 51.084559274895355 0.6470979777514001 0.099068515031831339 0.15401213630201482 250.74059868225595 2221.590869099462 0.27422604679622964 309.45953301171835 30.389180871658027 279.93668884655926 38.045649498079001 18.850301907863468
leaf_count=77639 127877 31715 740 80936 17221 245 49597 2620 53509 3926 28421 587 10552 1746 23626 1741 1226 63 5014 28 44 65 31904 42662 315 4241 245 5440 1231 688
internal_value=-0.00494463 -0.0228739 -0.103918 -0.0701203 0.00109497 0.0154938 -0.00413762 -0.0476825 0.00558953 0.0748169 0.000353843 -0.00241246 -0.0894403 -0.000667771 -0.0239692 -0.0742087 -0.110601 0.00376301 0.0202426 -0.845475 -2.50134 -4.96961 -0.00396104 0.0218393 -2.3012 0.0776565 0.0927488 0.039477 -0.0748003 -0.187981
internal_weight=21685.6 5464.25 1158.52 650.217 16221.3 4323.65 11897.6 878.088 3640.7 255.987 3384.72 3312.08 203.975 11019.6 1760.59 500.94 375.393 9258.97 2954.8 5.43988 1.1744 0.527307 6304.17 2949.36 0.428238 727.766 676.681 367.222 87.2851 56.896
internal_count=605864 241268 209553 81676 364596 114461 250135 80259 97240 4171 93069 64648 11139 169876 28339 4713 2967 141537 60036 515 452 424 81501 59521 380 16859 11845 7604 2164 1919
is_linear=0
shrinkage=0.15


Tree=37
num_leaves=31
num_cat=0
split_feature=13 6 2 8 6 8 7 8 6 8 11 3 7 14 5 10 7 6 1 3 8 6 3 9 7 3 1 8 6 6
split_gain=82.7996 361.058 94.8711 73.882 53.2836 144.653 82.202 81.1401 88.1411 103.795 76.8867 72.9961 74.5717 51.854 51.5116 45.3272 45.2457 42.1916 51.0289 41.9353 41.1649 68.094 39.8563 87.5599 85.2725 151.263 125.641 96.1171 69.7484 64.312
threshold=1.0000000180025095e-35 0.48497742414474493 0.57294830679893505 0.46693989634513861 0.91204392910003673 0.98581486940383922 0.57417583465576183 0.89961239695549022 0.9567091464996339 0.95720389485359203 1.0000000180025095e-35 0.095454547554254546 0.20294117927551272 0.44444443285465246 0.68834832310676586 1.0000000180025095e-35 0.1012820526957512 0.75879752635955822 0.2237871587276459 0.68333333730697643 0.83269718289375316 0.88796159625053417 0.60769233107566845 0.86607143282890331 0.13188406080007556 0.240384615957737 0.96449580788612377 0.68444761633872997 0.41565737128257757 0.71804770827293407
decision_type=2 2 2 2 2 2 2 2 2 2 2 2 2 2 2 2 2 2 2 2 2 2 2 2 2 2 2 2 2 2
left_child=15 3 17 -2 10 7 -7 -6 -9 -10 20 12 13 14 -12 -1 -13 -3 -19 -18 21 -4 24 -24 25 -17 27 -26 -25 -29
right_child=1 2 4 -5 5 6 -8 8 9 -11 11 16 -14 -15 -16 22 19 18 -20 -21 -22 -23 23 28 26 -27 -28 29 -30 -31
leaf_value=-0.15995771113734669 -0.040003095731330381 -0.12213333128368975 -0.011576562348097967 -0.14443426215690752 0.17783515279549422 0.23688308894530988 -0.076909865793761814 0.0068485976402841136 0.29479053758258034 0.054781229518296497 0.48793363346446345 0.13955658633907186 0.11508551932896682 0.23587478766726488 1.6280595223620147 -0.12663964760878518 0.022767100101137881 0.29109184681813177 -0.043127891324336788 -0.0251255901742603 -0.05506268864653819 0.28158064872077038 0.0070543763586923798 0.37832816090714322 0.051696813332891153 -0.014099214264467898 -0.22395549613628754 -0.044492546880267797 0.072968288065005452 0.0037587116199175744
leaf_weight=39.04270440316759 210.52980281336932 201.71846358882613 496.87593938957434 552.30005594408431 125.77079855999909 20.142841837368906 278.35455745551735 415.31116357003339 59.329791929107159 128.02494416292757 1.8464283331995823 56.650063036009669 47.924392331857234 3.6753309764899313 1.724252507323399 317.51019051878029 1011.695142314682 10.862200857955029 191.31117338774493 693.23636770481244 827.50467835087329 18.490918008144945 6522.0628142526784 17.976776290835915 867.03373651100628 1748.7120483652106 54.405643546007923 698.28709797778356 263.9087258548825 5653.7423675239952
leaf_count=6689 14675 36707 4664 154908 956 181 1234 2680 476 1290 110 1369 404 26 57 79211 6717 271 3178 5194 6034 137 68841 408 14244 29641 2024 19626 69000 74912
internal_value=-0.0038801 -0.0200512 -0.00417095 -0.115613 0.00252688 0.0322097 -0.0557349 0.0682475 0.0453776 0.130785 -0.00712058 0.0129967 0.182896 0.631387 1.03849 0.00146934 0.00767565 -0.0735977 -0.0251712 0.00329362 -0.0343369 -0.00105833 0.00185974 0.010592 -0.00450167 -0.031393 0.00313752 0.00484898 0.0924421 -0.00154561
internal_weight=21536 5353.28 4590.45 762.83 4186.56 1026.93 298.497 728.437 602.666 187.355 3159.62 1816.75 55.1704 7.24601 3.57068 16182.7 1761.58 403.892 202.173 1704.93 1342.87 515.367 16143.6 6803.95 9339.69 2066.22 7273.47 7219.06 281.886 6352.03
internal_count=605864 241268 71685 169583 31529 6817 1415 5402 4446 1766 24712 13877 597 193 167 364596 13280 40156 3449 11911 10835 4801 357907 138249 219658 108852 110806 108782 69408 94538
is_linear=0
shrinkage=0.15


Tree=38
num_leaves=31
num_cat=0
split_feature=2 6 3 3 2 4 2 2 2 4 3 14 1 1 0 0 3 4 1 4 7 4 1 0 7 11 3 4 0 7
split_gain=69.1945 187.854 111.366 230.215 267.562 156.273 144.164 105.555 96.0704 91.7961 87.3074 85.2778 84.5453 83.0705 80.4064 79.2049 75.4609 70.408 66.0242 152.125 58.5645 180.019 90.4996 82.163 54.2841 80.6254 50.9278 78.0789 48.5856 47.4892
threshold=0.40936473011970526 0.5898357927799226 1.0000000180025095e-35 0.29285715520381933 0.67942848801612865 0.56711712479591381 0.67769271135330211 0.27812939882278448 0.60120481252670299 0.9607692062854768 0.26136364042758947 0.45454545319080358 0.60922586917877208 0.65545505285263073 0.86516058444976818 0.8449576497077943 0.34848485887050634 0.73956522345542919 0.60120481252670299 0.67694497108459484 0.83666664361953746 0.31866537034511572 0.19139194488525393 0.61901772022247326 0.90238094329833995 1.0000000180025095e-35 0.16025641560554507 0.80810147523880016 0.63493129611015331 0.29520697891712194
decision_type=2 2 2 2 2 2 2 2 2 2 2 2 2 2 2 2 2 2 2 2 2 2 2 2 2 2 2 2 2 2
left_child=1 -1 5 4 -4 11 9 20 18 28 15 -2 14 -8 -10 -6 -16 -15 19 -5 22 23 -3 -22 -9 -26 27 -17 29 -7
right_child=2 7 3 8 10 6 13 24 12 -11 -12 -13 -14 17 16 26 -18 -19 -20 -21 21 -23 -24 -25 25 -27 -28 -29 -30 -31
leaf_value=-0.13033184602163206 0.21926162016439793 0.14813985382031039 -0.11188792233713393 0.00079120962193738708 0.17668018978929789 -0.10549765789590629 0.16745019432530825 -0.074439771125136459 -0.13834068745480393 -0.16246585515369846 -0.14670599747366608 0.0081761298902051013 -0.00029624714944172817 -0.15367425283980235 0.18078548877210029 -0.11332134815197803 -0.060352295855840454 0.070870703668803298 -0.00021199437617750813 0.17570034887081037 -0.16432808563829765 0.074011103076592075 0.015352673924613489 0.12827087664211873 -0.063190976549004671 0.162494645418025 -0.039604488598267339 0.19134930275279244 -0.015601175871761786 0.098564524765015787
leaf_weight=346.89907205595227 148.28907248887094 165.94349924846028 872.93421397877682 220.32182534650201 101.51362852886086 30.219821207399946 188.67342187591566 556.40834515039023 196.14825337802358 82.836490544024855 49.81724017864326 60.685744321206585 15377.425800333282 38.15214809680765 41.254338987404481 26.532871050701942 99.926255817525089 178.04313255413967 312.76733125078681 227.31413817195426 165.10216656327248 216.55113031808287 379.7714400094992 24.841976941563189 88.372407748131081 59.660838931333274 139.05782702015131 66.012070266937371 732.41985271630983 170.04813234321773
leaf_count=114156 3726 1738 97317 4953 1296 7609 7018 12674 5011 2005 1905 652 293322 774 1529 796 2426 6814 5894 5040 789 1135 5559 414 501 649 4945 1473 12003 1741
internal_value=-0.00342262 -0.0299591 -0.00067644 -0.00412513 -0.0660313 0.0368527 0.0190344 -0.00894126 0.000593851 -0.0111392 0.0385035 0.157963 -0.00192579 0.0947182 -0.0762101 0.0662014 0.0101105 0.0312451 0.0526657 0.0896119 0.0236252 -0.0194768 0.0557312 -0.12606 -0.0529621 0.0277656 0.0177775 0.103999 0.00230086 0.0677722
internal_weight=21363.9 2003.55 19360.4 17731 1255.87 1629.37 1420.39 1656.65 16475.2 1015.52 382.934 208.975 15714.8 404.869 337.329 333.116 141.181 216.195 760.403 447.636 952.21 406.495 545.715 189.944 704.442 148.033 231.603 92.5449 932.688 200.268
internal_count=605864 137615 468249 425907 107732 42342 37964 23459 318175 23358 10415 4378 302288 14606 8966 8510 3955 7588 15887 9993 9635 2338 7297 1203 13824 1150 7214 2269 21353 9350
is_linear=0
shrinkage=0.15


Tree=39
num_leaves=31
num_cat=0
split_feature=13 7 14 6 11 6 6 5 6 8 2 3 7 0 14 5 6 8 8 6 7 6 8 10 0 7 6 0 3 2
split_gain=58.3386 314.697 105.836 56.18 55.9955 65.484 71.5399 61.1982 59.8201 47.3932 46.6818 46.4512 43.197 40.1932 37.9746 45.7677 39.8475 165.795 43.0586 60.1801 40.9509 45.1267 59.7287 36.2534 34.7557 65.5623 72.4082 67.4182 147.761 132.289
threshold=1.0000000180025095e-35 0.053342817351222045 0.28637890517711645 0.96120268106460582 1.0000000180025095e-35 0.39296035468578344 0.85657143592834484 0.92677950859069835 0.668217033147812 0.79187294840812694 0.94360819458961498 0.069047622382640853 0.42582418024539953 0.92742732167243969 0.90546813607215892 0.98940250277519237 0.93555310368537914 0.94297328591346752 0.87891006469726574 0.91394290328025829 0.5577777922153474 0.96984848380088817 0.96444374322891246 1.0000000180025095e-35 0.96189683675766002 0.45643940567970281 0.75879752635955822 0.99321839213371288 0.68333333730697643 0.93957650661468517
decision_type=2 2 2 2 2 2 2 2 2 2 2 2 2 2 2 2 2 2 2 2 2 2 2 2 2 2 2 2 2 2
left_child=23 -2 3 10 8 -6 11 9 -4 -8 -3 -7 13 -11 15 16 18 -18 19 -10 -19 -22 -23 -1 -25 26 27 28 29 -26
right_child=1 2 4 -5 5 6 7 -9 14 12 -12 -13 -14 -15 -16 -17 17 20 -20 -21 21 22 -24 24 25 -27 -28 -29 -30 -31
leaf_value=-0.15944766828027529 -0.14483201195770279 -0.10436413984164715 -0.082937395719195492 0.72972456027199473 0.26074431295048661 0.13639797052339897 0.40023292496501067 0.0043132463271158515 -0.0028842158379746938 0.27752695775898362 0.58042698679209626 -0.0092470983693911987 0.044220066790184476 0.10010180783374667 0.09745307286059969 -0.14764755037818098 0.19297489698301692 0.10056904173919114 -0.043518657581229123 0.19236697618781126 -0.085360649068282765 0.29643601752218851 -0.017447831158242149 -0.002639111131480752 -0.031596350067258222 0.064316846600258118 -0.085653783377911921 -0.0026829966221261349 0.11330107867187506 0.10489707341461678
leaf_weight=31.444364481416414 398.99763708841783 287.38224863675714 271.58376961090835 1.8521848823875178 24.459227805884439 51.008360340085346 11.144948301836846 299.02695191139355 637.00095275411149 40.265277074882761 2.2574181195814154 1446.2531087886164 217.30127079028171 100.26059098728001 74.061053958255798 54.385706168599427 107.93873413885012 51.875600668601692 795.19775980350096 37.615338285453618 189.321421102155 17.158880952745676 66.521837593056262 11451.385121296717 621.95112489414078 496.17293532268377 182.96828612626996 2638.3853500294399 410.88276417632005 214.99255001727579
leaf_count=6689 131111 67640 8181 36 1071 1050 105 1925 4478 367 110 13666 1449 738 1736 368 579 299 4767 201 784 116 491 255789 5856 54042 10452 25530 3765 2473
internal_value=-0.00301154 -0.0168476 -0.00617305 -0.0937609 -0.000489839 0.0166833 0.0139264 0.0547462 -0.0168207 0.0956187 -0.099027 -0.0042853 0.0861311 0.15094 -0.00797994 -0.0119699 -0.00809166 0.0319114 -0.0198714 0.00800262 -0.021601 -0.0448156 0.0469146 0.0014569 0.00177279 0.0128393 0.00656237 0.010904 0.0396322 0.00346583
internal_weight=21231.1 5182.87 4783.87 291.492 4492.38 2189.72 2165.26 667.999 2302.66 368.972 289.64 1497.26 357.827 140.526 2031.08 1957.02 1902.63 432.816 1469.81 674.616 324.878 273.002 83.6807 16048.2 16016.7 4565.35 4069.18 3886.21 1247.83 836.944
internal_count=605864 241268 110157 67786 42371 20371 19300 4584 22000 2659 67750 14716 2554 1105 13819 12083 11715 2269 9446 4679 1690 1391 607 364596 357907 102118 48076 37624 12094 8329
is_linear=0
shrinkage=0.15


Tree=40
num_leaves=31
num_cat=0
split_feature=7 8 6 8 4 11 9 14 0 0 14 1 14 13 5 6 5 7 5 3 3 4 14 11 13 14 5 1 14 5
split_gain=52.3023 309.381 213.943 109.978 69.5921 69.0536 46.4297 61.1193 47.4412 48.0357 65.9287 49.9494 47.3595 239.812 46.1232 83.2133 147.584 68.7314 63.2254 61.7935 85.5866 59.4837 55.9628 47.9606 47.0469 44.1429 48.8507 42.2492 40.6331 40.1667
threshold=0.12060606107115747 0.4401834905147553 0.52753993868827831 0.54295176267623912 0.55291152000427257 1.0000000180025095e-35 0.43650794029235845 0.5391930639743806 0.91111981868743908 0.85185325145721447 0.4347826093435288 0.69804355502128612 0.46535137295722967 1.0000000180025095e-35 0.64338985085487377 0.70986834168434154 0.76043590903282177 0.25403225421905523 0.71532943844795238 0.94999998807907116 0.81666666269302379 0.50333333015441906 0.27865125238895422 1.0000000180025095e-35 1.0000000180025095e-35 0.33803233504295355 0.71532943844795238 0.65545505285263073 0.46535137295722967 0.59930199384689342
decision_type=2 2 2 2 2 2 2 2 2 2 2 2 2 2 2 2 2 2 2 2 2 2 2 2 2 2 2 2 2 2
left_child=1 29 25 4 -2 -4 7 12 9 11 -11 -8 -6 -14 22 16 23 21 -17 20 -20 -18 -5 -16 -21 -3 -27 -24 -10 -1
right_child=3 2 5 14 6 -7 8 -9 28 10 -12 -13 13 -15 15 18 17 -19 19 24 -22 -23 27 -25 -26 26 -28 -29 -30 -31
leaf_value=-0.0012184898266975105 0.20967028045756805 -0.14533788563573505 -0.13862593714106278 -0.076844641420345569 0.018575166630776834 0.098044609671924923 0.046381231541519033 0.15447979400248799 0.21528684246421204 0.0047432227765258923 -0.4139906776029007 0.23884943219523075 -0.42481830400190673 0.084188607880784166 -0.10522632877552736 0.045504190400013272 0.42576121981677373 -0.017633701662553992 -0.0008673278843322475 0.12542617744253998 -0.10351930135164905 0.0691802987011058 0.19337092747288101 -0.039464656541258643 -0.016487423899705082 -0.0798337764246249 0.2936768734176799 0.04594343909031786 -0.031117244408431739 0.20508353839372162
leaf_weight=6013.3499977360771 59.762415557219356 594.64136735346983 33.991808009130182 76.789928195670655 353.14644274745382 150.77601322012197 112.73328616694062 60.620900016278028 83.312668266881303 74.841744743675463 9.5384469346754468 41.509522366626243 33.002741045202129 56.445200216490775 463.82372768843925 702.36465445523208 11.022299289237706 362.60276233087643 9910.7595798375223 150.0429163267836 186.18144873646088 233.7782787133583 48.822106910170987 540.08769532547012 80.901878834236413 200.52823162342247 8.2007612800807674 419.87383125655469 18.379984580213204 21.309729524888098
leaf_count=60715 1631 227620 4800 11706 5223 6661 1833 775 1779 691 279 737 598 347 20203 11964 713 6924 127708 46696 1722 5196 1223 16908 4207 26354 300 6470 1687 2194
internal_value=-0.00265487 -0.0132299 -0.0910337 0.00261585 0.0532499 0.0545042 0.0421679 0.0132276 0.0849611 0.0484002 -0.042591 0.0981779 -0.00611931 -0.103615 -0.00085251 -0.00269527 -0.0345365 0.0238255 0.00195614 -0.00100541 -0.00276017 0.0852356 0.0418532 -0.0698476 0.0757127 -0.124506 -0.0651589 0.0613003 0.170752 -0.000489991
internal_weight=21113.1 7022.8 988.138 14090.3 903.293 184.768 843.531 503.215 340.316 238.623 84.3802 154.243 442.594 89.4479 13187.1 12641.6 1611.31 607.403 11030.3 10327.9 10096.9 244.801 545.486 1003.91 230.945 803.37 208.729 468.696 101.693 6034.66
internal_count=605864 328644 265735 277220 15580 11461 13949 6943 7006 3540 970 2570 6168 945 261640 242241 49944 12833 192297 180333 129430 5909 19399 37111 50903 254274 26654 7693 3466 62909
is_linear=0
shrinkage=0.15


Tree=41
num_leaves=31
num_cat=0
split_feature=10 4 2 6 1 0 7 14 2 7 4 8 3 2 6 0 3 3 4 3 0 1 1 2 6 8 0 11 6 7
split_gain=41.6818 40.5615 102.153 73.5864 46.9723 45.8731 45.8038 95.2568 70.9686 63.7047 65.938 63.3543 57.2298 73.6483 53.6272 44.7498 43.2509 74.4769 84.1316 118.219 150.857 123.861 85.6304 81.1597 64.1983 97.781 80.5005 66.7504 63.1895 60.8559
threshold=1.0000000180025095e-35 0.60158732533454906 0.40936473011970526 0.86755847930908214 0.28718703985214239 0.50159111618995678 0.58578431606292736 0.26584160327911383 0.20734438300132754 0.23205128312110904 0.45534290373325353 0.45788761973381048 0.074175827205181136 0.46247655153274542 0.61916849017143261 0.90345191955566417 0.60769233107566845 0.68333333730697643 0.80810147523880016 0.94999998807907116 0.92859193682670604 0.77836257219314586 0.89498749375343334 0.84877073764801036 0.71804770827293407 0.68444761633872997 0.53860610723495495 1.0000000180025095e-35 0.47083130478858953 0.056349206715822227
decision_type=2 2 2 2 2 2 2 2 2 2 2 2 2 2 2 2 2 2 2 2 2 2 2 2 2 2 2 2 2 2
left_child=-1 6 3 -3 -4 -5 7 8 -2 10 -9 -10 13 -11 -13 -14 24 29 19 20 21 -19 23 -20 25 -6 -26 -27 -29 -18
right_child=1 2 4 5 16 -7 -8 9 11 12 -12 14 15 -15 -16 -17 17 18 22 -21 -22 -23 -24 -25 26 27 -28 28 -30 -31
leaf_value=-0.15575049817736067 0.11548071590623046 -0.11041418576815648 0.3302386603060779 0.071893438752419353 -0.010259241374947181 -0.05626494631104656 -0.003972967138739591 0.61930205277747563 0.028919361122157695 0.025878349050092116 0.15731037416783927 -0.12624766350229874 -0.0036400416991723234 0.26472574395775628 -0.0097182217344017972 0.089205368474631008 -0.0074160029350545725 0.064643021992878538 0.31134768786877187 0.15158723607954627 -0.014114763387606649 -0.15621919456032729 0.0037891493072962981 0.048562198043936099 0.48870065925279665 -0.10889943636473488 -0.00071547812056163638 -0.13038952785039781 -0.0020715998567195355 0.04790572433814546
leaf_weight=39.766862733580638 99.896356503166317 346.93843815804939 9.5350923535734164 104.60577338177245 2359.3797175529508 157.39762713352684 1516.9067916937638 7.7552351786289355 316.26684290649428 54.756045656162314 67.032149748847587 164.30482368733647 277.66626009548054 61.866161008554627 193.51055330317467 201.61274641958153 665.48580643255264 68.731289464864403 38.378731220765985 76.189269813326064 1278.7597790613313 338.51247756535304 4952.5325041887336 85.032135762758116 7.5728263570927075 452.79260560055423 5189.7049533944883 110.12012428090225 399.99407011191943 1365.2144545297378
leaf_count=12887 6107 72612 728 775 61011 1039 15620 336 7349 707 3848 62516 2488 722 4351 2163 9277 932 672 1571 16141 2828 128281 1252 104 50508 68425 37653 10590 22371
internal_value=-0.00232676 -0.00203579 -0.0047113 -0.0651005 -0.00259763 -0.00509726 0.0142318 0.0333469 -0.00250826 0.0747239 0.205218 -0.0199938 0.0583466 0.152583 -0.0632272 0.0354162 -0.00278014 0.00455206 -0.00293865 -0.0311766 -0.0394356 -0.118944 0.00686461 0.130284 -0.0104129 -0.0266989 -2.36184e-06 -0.0669805 -0.029772 0.0297761
internal_weight=21008.2 20968.5 18006.9 608.942 17397.9 262.003 2961.57 1444.67 773.979 670.689 74.7874 674.082 595.901 116.622 357.815 479.279 17388.4 8868.84 6838.14 1762.19 1686 407.244 5075.94 123.411 8519.56 3322.29 5197.28 962.907 510.114 2030.7
internal_count=605864 592977 486770 74426 412344 1814 106207 90587 80323 10264 4184 74216 6080 1429 66867 4651 411616 183325 151677 21472 19901 3760 130205 1924 228291 159762 68529 98751 48243 31648
is_linear=0
shrinkage=0.15


Tree=42
num_leaves=31
num_cat=0
split_feature=13 7 2 6 6 8 7 7 1 14 6 2 7 5 6 0 8 5 8 1 4 7 8 14 6 8 7 1 0 14
split_gain=41.7876 230.819 71.9946 44.0641 41.3322 110.865 44.6114 41.9184 39.4114 37.4056 34.4119 33.537 32.0856 30.186 71.3019 46.8254 38.7285 52.273 34.8122 39.3435 39.7398 31.1544 48.8909 109.172 29.9406 43.8184 34.7762 29.7925 40.1852 35.5301
threshold=1.0000000180025095e-35 0.053342817351222045 0.57804551720619213 0.71804770827293407 0.93761447072029125 0.93952456116676342 0.25403225421905523 0.78759399056434642 0.98571139574050914 0.5391930639743806 0.89239040017128002 0.95282599329948436 0.29520697891712194 0.73974713683128368 0.63271072506904613 0.91509157419204723 0.68444761633872997 0.69789069890975963 0.88935971260070812 0.88203665614128124 0.68801230192184459 0.077935222536325469 0.37194395065307623 0.30154164135456091 0.96984848380088817 0.95850551128387462 0.62828946113586437 0.91922956705093395 0.97336259484291088 0.71146461367607128
decision_type=2 2 2 2 2 2 2 2 2 2 2 2 2 2 2 2 2 2 2 2 2 2 2 2 2 2 2 2 2 2
left_child=-1 -2 3 -3 6 -6 10 24 11 -10 13 27 -11 16 18 -16 17 21 19 20 -15 22 23 -4 26 -26 -7 28 29 -8
right_child=1 2 4 -5 5 7 8 -9 9 12 -12 -13 -14 14 15 -17 -18 -19 -20 -21 -22 -23 -24 -25 25 -27 -28 -29 -30 -31
leaf_value=0.0016810167971750419 -0.14297378931014343 -0.12342864814301163 0.19734211136330596 -0.022391354355284707 0.17584338839400998 0.065040543807152948 -0.027020889295808731 -0.11423623802997546 0.32901597820486261 -0.28324011301023155 0.2335871855365475 0.0797286241603056 -0.079612880394940147 0.64693285620185148 0.12195858669587437 -0.004674269877760916 -0.039451522223092318 0.43442934659481214 0.055533419027102807 0.39777175691020222 0.01508040396788194 0.011907359409312519 -0.051602662474930186 1.5078687141147213 0.29008606715724156 0.045543474069784672 -0.046712780064165203 -0.051581664994520368 0.19449956880729291 0.014124307876496663
leaf_weight=15897.99757752398 294.02694917735062 175.29215981366724 6.895303390920164 217.77507845900254 105.6114191620145 97.454020361881703 1179.0059181834804 57.418930618092418 4.3764055110514155 21.435058226808906 16.566328478045762 85.07521581929177 92.740817571058869 2.611322368495169 81.555543689290062 337.96183455176651 346.24844181825756 7.2481375876814118 28.725073449197225 23.635212902911007 15.734697064268401 234.7566575074743 7.5991356491285833 1.8045049421489237 18.970719919074327 125.9016955960542 175.4504093346186 436.34005617816001 21.744179669767618 787.70952123496681
leaf_count=364596 131111 62237 339 4906 842 711 6210 330 27 148 140 396 3063 112 719 2213 12160 123 424 198 397 4519 1583 81 162 1262 867 1958 108 3922
internal_value=-0.00208281 -0.0140319 -0.00598882 -0.0674499 -0.000397353 0.0368308 -0.00617909 0.00593546 -0.016832 -0.101345 0.019016 -0.0128401 -0.117841 0.0157691 0.043429 0.0199436 -0.00666003 0.037296 0.182774 0.269836 0.105017 0.0258305 0.226368 0.46917 0.0224518 0.0775658 -0.00680573 -0.0160879 -0.00829924 -0.0105414
internal_weight=20905.7 5007.67 4713.64 393.067 4320.58 580.807 3739.77 475.196 2628.43 118.552 1111.34 2509.87 114.176 1094.78 490.224 419.517 604.552 258.304 70.7063 41.9812 18.346 251.056 16.2989 8.69981 417.777 144.872 272.904 2424.8 1988.46 1966.72
internal_count=605864 241268 110157 67143 43014 4174 38840 3332 15832 3238 23008 12594 3211 22868 4063 2932 18805 6645 1131 707 509 6522 2003 420 3002 1424 1578 12198 10240 10132
is_linear=0
shrinkage=0.15


Tree=43
num_leaves=31
num_cat=0
split_feature=9 9 11 7 6 2 3 4 7 1 8 6 4 4 7 4 14 1 14 14 0 2 7 7 5 0 4 6 3 2
split_gain=36.0304 119.99 73.9421 120.189 70.6865 86.73 92.1429 96.0003 62.3219 51.397 46.3714 49.7905 46.2457 45.9668 45.3883 44.2509 42.8103 86.3411 63.6237 50.6847 42.1147 47.5 40.1931 39.8232 81.3485 51.3186 45.5061 51.4237 36.847 63.8624
threshold=0.64583334326744091 0.53571429848670971 1.0000000180025095e-35 0.26794873178005224 0.99118927121162426 0.57804551720619213 0.31666667759418493 0.47655677795410162 0.60434782505035411 0.53410851955413829 0.69852143526077282 0.85012078285217296 0.23166368901729587 0.74388790130615245 0.3964285701513291 0.70412456989288341 0.46535137295722967 0.8263767957687379 0.6104828715324403 0.25418666005134588 0.59319242835044872 0.13484848290681842 0.17519181966781619 0.4463601559400559 0.83198872208595287 0.92258146405220043 0.29061582684516912 0.61298429965972911 0.14835165441036227 0.7282196879386903
decision_type=2 2 2 2 2 2 2 2 2 2 2 2 2 2 2 2 2 2 2 2 2 2 2 2 2 2 2 2 2 2
left_child=1 4 3 -2 5 6 7 22 9 -8 -5 -12 20 -10 -9 23 17 19 -18 -17 21 -4 -1 24 25 26 27 -14 29 -7
right_child=2 -3 12 10 -6 28 8 14 13 -11 11 -13 15 -15 -16 16 18 -19 -20 -21 -22 -23 -24 -25 -26 -27 -28 -29 -30 -31
leaf_value=-0.1261353996784525 -0.14549960294210509 -0.14280566821611143 -0.23640263976942208 0.10068307903076697 0.11706945959195553 0.0011439838526946867 0.17137994009965293 -0.12822396956932941 -0.17521145252745579 0.021852269934355371 -0.060417582445072449 0.0057869507517614811 -0.013211693436444584 0.020275349533532255 -0.054297014431315613 -0.050781344988831953 -0.064271063801636358 0.22741038557470766 0.029910617110129923 0.059563634754964415 0.10063332249721495 -0.026063941344414518 0.042133322840344038 0.043884636844344613 0.25277793391596465 0.35726495570008576 -0.0010701893457043415 1.1805004799846732 -0.002952677865825161 0.099077190716547192
leaf_weight=37.678934545967422 137.88051300326333 140.92617892901762 37.137917912565172 96.892212221449881 108.14002020901535 466.36689479498455 72.57568289990013 374.17523398477351 50.771804038435221 180.00731153861489 310.44251716817962 1446.7222227896855 1.6653509222232963 57.959339653840289 373.27410961731221 132.48481148494477 275.99431976914639 54.300595337321397 388.647850625508 319.60295536131139 30.401277406024747 69.110005783848464 209.67643957117252 712.02768517727964 67.853696776401193 10.909359756860793 105.35813269561186 1.5845884989394106 14362.508633778776 220.72766261374818
leaf_count=21976 25193 836 294 2083 1517 11878 3170 141657 255 4323 7016 56046 481 404 4489 13305 6382 1193 45001 4022 734 589 5756 12179 2183 289 12696 28 214440 5449
internal_value=-0.0018519 -0.00498257 0.0105654 -0.010387 -0.00380642 -0.00460318 -0.0409354 -0.0644993 0.023943 0.0648167 -0.000339078 -0.00590956 0.0294755 -0.0710068 -0.0913051 0.0350536 0.0158354 0.0486928 -0.00919856 0.0272269 -0.0550417 -0.0995858 0.0165014 0.0600761 0.121605 0.0471344 0.0159827 0.568812 -0.00132929 0.0326048
internal_weight=20853.8 16654.8 4199.02 1991.94 16513.9 16405.7 1356.12 994.805 361.314 252.583 1854.06 1757.16 2207.08 108.731 747.449 2070.43 1171.03 506.388 664.642 452.088 136.649 106.248 247.355 899.399 187.371 119.517 108.608 3.24994 15049.6 687.095
internal_count=605864 416150 189714 90338 415314 413797 182030 173878 8152 7493 65145 63062 99376 659 146146 97759 69903 18520 51383 17327 1617 883 27732 27856 15677 13494 13205 509 231767 17327
is_linear=0
shrinkage=0.15


Tree=44
num_leaves=31
num_cat=0
split_feature=10 14 8 6 6 9 0 14 14 9 1 7 1 9 0 6 1 0 4 9 9 6 13 6 5 1 2 0 3 3
split_gain=32.2268 30.228 35.2867 208.861 89.2661 56.8501 82.2925 75.3869 62.9778 79.277 53.7605 53.0857 62.0701 51.8945 48.0259 47.7679 45.6352 68.9935 101.096 62.8247 160.501 156.273 153.562 60.0902 54.8294 53.3216 51.3718 51.1958 47.6387 42.4622
threshold=1.0000000180025095e-35 0.90546813607215892 0.75096899271011364 0.49238499999046331 0.82574728131294262 0.29285715520381933 0.92677852511405956 0.42664526402950292 0.46535137295722967 0.43650794029235845 0.52344322204589855 0.11651583760976793 0.84660631418228161 0.38750000298023229 0.73599359393119823 0.30202253162860876 0.91922956705093395 0.9666518270969392 0.94519516825675975 0.095454547554254546 0.43650794029235845 0.63271072506904613 1.0000000180025095e-35 0.63271072506904613 0.8390769660472871 0.79795917868614208 0.91715687513351452 0.97149205207824718 0.5634920895099641 0.72077924013137828
decision_type=2 2 2 2 2 2 2 2 2 2 2 2 2 2 2 2 2 2 2 2 2 2 2 2 2 2 2 2 2 2
left_child=-1 2 4 -4 5 -2 8 15 9 -7 -6 12 -11 -10 -15 -8 17 26 27 22 21 -21 -18 -22 -23 -20 29 -19 -25 -5
right_child=1 -3 3 16 10 6 7 -9 13 11 -12 -13 -14 14 -16 -17 19 18 25 20 23 24 -24 28 -26 -27 -28 -29 -30 -31
leaf_value=-0.15572873669275442 -0.0019845738333367662 0.057655125511128724 -0.11144368697414159 0.00087985320609384945 -0.034903617218071496 -0.07047564865489582 -0.0014330536539705267 0.04619417934590473 0.046314802110121053 -0.097012984035849875 0.16184953759442958 0.069724013481866465 0.97001126474700461 0.076227438396516231 -0.15377161038340964 0.24302609419372623 0.13706008500531075 0.085417540382714624 0.26293118917281372 0.13975967937997438 -0.23039897525882905 -0.31949119457244529 -0.032843787272737832 -0.12005549032906028 -0.15081221828800992 -0.089550730377142909 0.19652549146883613 0.26635338113300089 0.067498029951345434 -0.028736687119322323
leaf_weight=30.490926123737154 7421.2048899994224 193.1725585082313 418.42795948136336 8212.8254706744738 41.462413200220908 142.95094753258638 22.421176592593866 239.84652286282653 66.193710052408278 61.885643478482962 126.81837742152857 524.39939932435732 1.2514430041192088 24.6673152979929 118.8324170220294 90.894110123084459 140.9368295960594 219.10995872406056 10.674405741738154 30.681224580854177 21.265031073591672 79.290712197311223 793.97237158264033 37.032753057661466 95.678090278524905 101.24620206071995 29.10950356552712 41.917055476282258 171.98207172984257 1255.7664122217247
leaf_count=12887 153732 31685 150557 133533 294 6169 254 10683 454 19942 4041 10267 42 336 3156 1702 4161 3801 271 227 997 1177 6358 2465 1398 1063 586 1113 27869 14644
internal_value=-0.00163116 -0.00140457 -0.00195993 -0.00738613 0.00516269 0.00307314 0.0320943 0.0938296 0.00890456 0.0297046 0.113372 0.0540791 -0.0758634 -0.0635546 -0.114235 0.194656 -0.00351293 4.87121e-05 0.0633348 -0.0291583 -0.0761845 -0.172497 -0.00723091 0.00982728 -0.227253 -0.0559328 -0.00243635 0.114473 0.0342677 -0.00304802
internal_weight=20766.4 20735.9 20542.7 11659.9 8882.83 8714.55 1293.34 353.162 940.181 730.487 168.281 587.536 63.1371 209.693 143.5 113.315 11241.5 9870.65 372.948 1370.84 435.93 205.65 934.909 230.28 174.969 111.921 9497.7 261.027 209.015 9468.59
internal_count=605864 592977 561292 350220 211072 206737 53005 12639 40366 36420 4335 30251 19984 3946 3492 1956 199663 155011 6248 44652 34133 2802 10519 31331 2575 1334 148763 4914 30334 148177
is_linear=0
shrinkage=0.15


Tree=45
num_leaves=31
num_cat=0
split_feature=0 2 6 3 3 2 4 4 2 1 0 0 14 4 1 3 0 4 1 0 1 3 2 1 0 0 14 7 2 7
split_gain=29.5751 65.0644 83.5656 71.966 121.884 191.232 112.011 78.3708 76.2662 130.113 121.348 68.6935 67.6837 108.808 78.8175 64.8579 53.1458 51.6753 65.0432 62.3196 82.3147 58.0159 56.3848 46.2176 45.8698 52.5854 71.9218 59.8598 45.0087 44.7136
threshold=0.43210417032241827 0.40936473011970526 0.5898357927799226 1.0000000180025095e-35 0.29285715520381933 0.67942848801612865 0.9607692062854768 0.39314988255500799 0.65142410993576061 0.66360855102539074 0.89676007628440868 0.87257549166679393 0.5391930639743806 0.73385417461395275 0.62575301527977001 0.26136364042758947 0.8449576497077943 0.68469786643981945 0.65142410993576061 0.82846596837043773 0.54641148447990429 0.38750000298023229 0.54641148447990429 0.27812939882278448 0.61668550968170177 0.70030567049980175 0.44444443285465246 0.58578431606292736 0.84273937344551098 0.50999999046325695
decision_type=2 2 2 2 2 2 2 2 2 2 2 2 2 2 2 2 2 2 2 2 2 2 2 2 2 2 2 2 2 2
left_child=-1 2 -2 6 5 -5 7 -3 17 10 29 12 -9 -14 -15 16 -7 -6 19 20 22 -22 24 -4 -19 26 -26 -27 -12 -10
right_child=1 3 23 4 8 15 -8 11 9 -11 28 -13 13 14 -16 -17 -18 18 -20 -21 21 -23 -24 -25 25 27 -28 -29 -30 -31
leaf_value=0.041698832290571058 -0.12669507951673387 0.33347401341409427 0.008240087519482386 -0.098102549675205167 -0.0050771157140714843 0.148805464493868 -0.13037131820111683 0.042010465853201714 -0.077327918986120153 6.8918817890584449e-05 0.011267413745907808 0.12788585902618382 -0.17369024573382177 -0.12367513937546942 0.10070115134396374 -0.13635433011538217 0.017767540439850335 -0.028770998259578285 0.013535758243084605 0.16087542643089889 -0.11000458118005567 0.074657154066862394 -0.045141061263751052 -0.04827080373451987 0.21315088016888115 0.33753752055744651 0.58835471387684857 -0.27550289356059521 0.29060619561158962 -0.18850882192891943
leaf_weight=352.48734000431796 184.85653984944656 20.295587065513473 677.20449795400054 693.98986698899171 470.22158929144643 101.58281622079085 91.360621302443178 1051.671151257962 172.55327235850382 14429.619694698253 109.68754348543735 165.01699675741656 92.787650828715414 51.498831126606092 111.47022283298429 43.385977339872625 221.46336146643443 15.203900113745474 412.74015412406334 191.55077170079312 80.820025082561187 72.727684221041272 26.136367521015927 627.23411366996515 38.063791415319429 6.5980415400263137 16.468293037265539 7.8446119736181572 14.71993185377505 154.04800962563604
leaf_count=10409 106906 324 7129 97249 10356 1296 2577 25450 7624 277628 2898 8830 1075 790 3289 1905 7214 267 7754 4797 1737 1298 1018 13482 908 170 169 57 324 934
internal_value=-0.00137905 -0.00212511 -0.0323088 0.000257921 -0.00254732 -0.0518163 0.0308576 0.0407253 0.000673955 -0.00241082 -0.0817478 0.0366902 0.0251799 -0.0440272 0.0297974 0.0358458 0.0589728 0.0349718 0.0566637 0.0957504 0.048473 -0.0225398 0.147316 -0.0189329 0.207071 0.259057 0.32646 0.00456102 0.0443189 -0.129769
internal_weight=20705.3 20352.8 1489.3 18863.5 17279.4 1060.42 1584.1 1492.74 16219 14880.6 451.009 1472.44 1307.43 255.757 162.969 366.432 323.046 1338.38 868.154 455.413 263.863 153.548 110.315 1304.44 84.1786 68.9747 54.5321 14.4427 124.407 326.601
internal_count=605864 595455 127517 467938 425603 107664 42335 39758 317939 289408 11780 39434 30604 5154 4079 10415 8510 28531 18175 10421 5624 3035 2589 20611 1571 1304 1077 227 3222 8558
is_linear=0
shrinkage=0.15


Tree=46
num_leaves=31
num_cat=0
split_feature=11 0 1 7 1 8 6 2 9 13 0 9 7 9 14 5 2 9 8 7 4 2 1 7 7 8 4 9 14 13
split_gain=26.2935 51.7853 145.524 91.1103 65.6606 53.013 112.35 70.5231 54.4073 63.8634 65.7138 48.9927 59.1607 55.2289 47.924 47.6333 47.0184 92.1035 88.4736 67.9835 46.2575 45.7294 50.0766 46.7791 88.4759 74.1507 58.5689 45.8648 92.1912 78.6792
threshold=1.0000000180025095e-35 0.87257549166679393 0.82207000255584728 0.26794873178005224 0.96449580788612377 0.87551653385162365 0.90146178007125866 0.94360819458961498 0.23611111193895343 1.0000000180025095e-35 0.94547370076179515 0.64583334326744091 0.8441295623779298 0.53571429848670971 0.17332180589437488 0.88009625673294078 0.78979855775833141 0.38750000298023229 0.99698793888092052 0.43874999880790716 0.9740215837955476 0.93777656555175792 0.84877073764801036 0.087595909833908095 0.25403225421905523 0.31121593713760382 0.69604039192199718 0.10555555671453477 0.5391930639743806 1.0000000180025095e-35
decision_type=2 2 2 2 2 2 2 2 2 2 2 2 2 2 2 2 2 2 2 2 2 2 2 2 2 2 2 2 2 2
left_child=1 2 3 -1 5 6 7 -3 9 10 15 12 13 21 -5 -7 -10 18 19 -18 -9 23 -23 25 26 -2 -25 28 29 -26
right_child=11 4 -4 14 -6 8 -8 20 16 -11 -12 -13 -14 -15 -16 -17 17 -19 -20 -21 -22 22 -24 24 27 -27 -28 -29 -30 -31
leaf_value=-0.10136262835819257 -0.017371583792926266 0.0092749593036153734 0.0767772076321145 0.060543804620557057 -0.023904572243652014 -0.18094740894323808 0.13680554138423173 0.074460139079868426 0.063878024243336051 -0.013279532376832067 0.055809056321185609 0.023966879539538629 0.16005063320506233 -0.13821497446985795 -0.027652078780968471 0.076453359745851587 -0.03918217700861399 -0.060074425924742277 -0.089302344571246223 0.15346974894228133 0.28575513232100802 0.25230914985173408 0.016419162886450168 0.10098199025628916 0.14266694173482131 -0.11884365386583165 0.019009253403955484 -0.03215299696362485 -0.014187917804412704 0.0055119964948495814
leaf_weight=379.20171880850648 1761.6750026417867 2404.9087912326067 300.92374412663048 147.24834197122254 1798.2334766637941 138.46825222566258 183.87401823519031 115.81980245152954 344.92219465685776 1091.2158199109472 44.416181326727383 2189.0272835353098 50.87609061319381 66.628285568061983 2366.8793440359841 18.315757031086832 55.402491193264723 324.85382217387087 70.555689629167318 160.92252829344943 29.187225028057583 20.46133052463847 1948.9271850073319 242.24296879133726 176.80433449392513 178.44648530784252 1029.903843454892 1425.9193213813305 1343.7798548500286 201.1955428114743
leaf_count=120752 17132 37615 7536 1908 50739 1182 4434 1561 6544 11848 895 99376 610 386 24934 347 370 18877 347 871 435 255 33946 18450 1827 92023 26960 11316 8682 3706
internal_value=-0.00121986 -0.00675191 -0.0224988 -0.0328241 0.000665717 0.00953273 0.0235661 0.0154004 -0.00752509 -0.0275973 -0.10525 0.00396863 -0.00121397 -0.00219117 -0.0224866 -0.150877 0.0195919 -0.00537855 0.0565572 0.10413 0.11699 -0.00110309 0.01887 -0.00728783 0.00123533 -0.0267047 0.0346186 -0.0122565 0.00422103 0.0696644
internal_weight=20611.2 9975.35 3194.25 2893.33 6781.1 4982.86 2733.79 2549.92 2249.07 1292.42 201.2 10635.9 8446.86 8395.98 2514.13 156.784 956.657 611.735 286.881 216.325 145.007 8329.36 1969.39 6359.97 4419.85 1940.12 1272.15 3147.7 1721.78 378
internal_count=605864 291195 155130 147594 136065 85326 44045 39611 41281 14272 2424 314669 215293 214683 26842 1529 27009 20465 1588 1241 1996 214297 34201 180096 70941 109155 45410 25531 14215 5533
is_linear=0
shrinkage=0.15


Tree=47
num_leaves=31
num_cat=0
split_feature=10 6 4 2 2 0 11 4 8 6 7 8 6 8 6 3 9 4 9 7 8 2 4 11 6 8 7 6 1 0
split_gain=24.8366 23.7426 140.792 72.2274 102.672 58.7538 51.7671 50.335 39.2997 135.564 64.3793 61.6156 78.6853 50.1231 93.1955 47.0279 45.1506 45.0179 44.63 41.8585 38.6932 37.5698 39.0129 37.2344 36.4814 67.5018 36.3429 37.2492 38.7554 44.8169
threshold=1.0000000180025095e-35 0.98190006613731395 0.31866537034511572 0.21680375933647159 0.39369100332260137 0.61901772022247326 1.0000000180025095e-35 0.39314988255500799 0.86851710081100475 0.88533127307891857 0.0745370388031006 0.83405795693397533 0.9095003902912141 0.80076336860656749 0.86499059200286876 1.0000000180025095e-35 0.58571431040763866 0.95875850319862377 0.84523808956146251 0.62828946113586437 0.76209992170333873 0.47478812932968145 0.58086311817169201 1.0000000180025095e-35 0.84384033083915722 0.76396691799163829 0.3390804678201676 0.48497742414474493 0.73486831784248363 0.76600861549377453
decision_type=2 2 2 2 2 2 2 2 2 2 2 2 2 2 2 2 2 2 2 2 2 2 2 2 2 2 2 2 2 2
left_child=-1 3 5 -2 7 -3 -4 -5 9 13 -10 18 -13 14 15 17 -16 21 -11 24 -21 -6 -23 -15 -17 -26 27 -25 29 -29
right_child=1 2 6 4 8 -7 -8 -9 10 11 -12 12 -14 23 16 19 -18 -19 -20 20 -22 22 -24 26 25 -27 -28 28 -30 -31
leaf_value=-0.15566880088267629 0.067833897856285019 -0.1227587729384068 0.022731105076597074 0.011985330770766564 -0.050557222361256877 0.11933930914967135 0.10104754450968355 -0.072107493746550941 -0.13853798109273877 0.16963560059814098 -0.008574715204965281 -0.038107040502478401 0.089505748872920302 -0.054139100712244953 0.19147231328984077 0.00042866226648346318 -0.0103463515735075 -0.14572808933930512 0.019229834574746772 -0.033577404682683602 -0.22418243165751542 0.22217996098372447 0.066066755173340819 -0.10831518978078883 0.21548583833375878 -0.016245955220443108 -0.032839611215824099 -0.042665666066504217 0.02085993120677624 0.23269166826697019
leaf_weight=23.358166149879253 326.17498475631146 180.24318810040131 689.43271412770264 208.1311191956338 52.050142688206279 25.780706188525073 262.09598441445269 694.74760068507749 86.939634591162758 174.92339775763685 6323.5347600901441 185.83849139526137 261.95974476338597 603.27085411446751 87.802271026419476 8826.1150001418355 34.837682234297972 23.804271047516522 59.484623301483225 82.16008527186932 33.830763139529154 41.675963056404726 265.2705258195067 39.81754185675527 50.430604529508855 64.401462620066013 485.81805722199351 18.943726435507415 278.60251814383082 44.635784913662064
leaf_count=12887 10784 871 22980 11272 7369 956 7330 95458 46729 2457 118173 2406 9542 22326 1702 181533 2366 1251 4958 3051 688 1050 7390 14345 1456 800 8277 1660 3041 756
internal_value=-0.00108256 -0.000906535 0.019961 -0.00215454 -0.0033542 -0.0924639 0.0443032 -0.0527225 -0.000895127 0.00427135 -0.0103373 0.0691613 0.0365458 0.000259164 0.0042246 0.00253671 0.134143 0.054035 0.131468 0.000360084 -0.0891707 0.0672809 0.0872632 -0.025517 0.00152157 0.0855233 -0.00562003 0.0289972 0.0449754 0.150648
internal_weight=20536.1 20512.8 1157.55 19355.2 19029 206.024 951.529 902.879 18126.1 11715.7 6410.47 682.206 447.798 11033.5 9562.38 9439.74 122.64 382.801 234.408 9056.94 115.991 358.997 306.946 1471.09 8940.95 114.832 867.818 382 342.182 63.5795
internal_count=605864 592977 32137 560840 550056 1827 30310 106730 443326 278424 164902 19363 11948 259061 208656 204588 4068 17060 7415 187528 3739 15809 8440 50405 183789 2256 28079 19802 5457 2416
is_linear=0
shrinkage=0.15


Tree=48
num_leaves=31
num_cat=0
split_feature=3 7 8 14 1 3 1 0 9 1 0 4 6 14 4 8 5 7 7 11 4 13 3 14 6 2 1 4 0 6
split_gain=24.1811 61.8772 131.107 71.3828 61.1689 51.9537 94.7429 123.893 44.4506 42.0254 88.517 38.6 37.9833 60.8229 72.9666 49.0948 58.7907 46.6 68.7089 45.4331 37.0099 72.5889 36.562 74.2394 105.748 54.0511 47.4765 167.481 83.3506 82.8767
threshold=0.60769233107566845 0.14119601994752887 0.44935679435729986 0.31428940594196325 0.54641148447990429 0.58571431040763866 0.8323970139026643 0.91111981868743908 0.86607143282890331 0.96449580788612377 0.98131763935089122 0.71902412176132213 0.39141938090324407 0.62501883506774913 0.82650500535964977 0.5246713161468507 0.84767559170722973 0.2152509689331055 0.32795698940753942 1.0000000180025095e-35 0.57259953022003185 1.0000000180025095e-35 0.68333333730697643 0.63266637921333324 0.6553173065185548 0.95488464832305919 0.9807620942592622 0.79008570313453685 0.89227050542831432 0.5898357927799226
decision_type=2 2 2 2 2 2 2 2 2 2 2 2 2 2 2 2 2 2 2 2 2 2 2 2 2 2 2 2 2 2
left_child=1 2 5 -4 -5 6 -1 -8 22 10 -3 -7 -10 14 -14 -16 17 -17 19 -19 21 -6 25 26 -25 -2 27 -24 -29 -28
right_child=8 9 3 4 20 11 7 -9 12 -11 -12 -13 13 -15 15 16 -18 18 -20 -21 -22 -23 23 24 -26 -27 29 28 -30 -31
leaf_value=-0.01622903264417357 0.016402949164297673 -0.00068870889562885917 -0.1385939893786638 1.1876222021065848 1.1743294796210515 0.12819229764311779 0.61818968536106411 0.071876128500751646 0.32521727268031053 -0.094163989771472056 0.14051844984580519 -0.042365987128782159 0.099437366484401477 0.10315065297488038 0.058838475494922896 -0.27623285816147819 0.099241192657261681 -1.9059543669686565 -0.2758184905475316 -0.81858151635866594 -0.031991605095619872 -0.012827681969413951 -0.014284109256005503 -0.2760431452736401 -0.021131902978849659 0.1886603727287075 -0.0051539046828918073 0.32821301793702329 0.080109995264938547 0.15207034795183841
leaf_weight=600.20984581810808 2211.9841784379241 8953.6532644789149 319.84414933687367 0.95842098630964656 1.7183792647265352 31.004298995132558 9.7041143578826432 248.87283942781505 12.315077541743447 105.88495395584687 101.01081764180344 805.74639486469096 30.026805769608472 163.09389515116345 9.8028954567234887 11.058108726516371 5.2900239120936012 1.3493502947967493 3.3631972342263907 2.4064264508197084 122.28567594465858 3.5591844187583774 739.99263778514103 37.267897520679981 2094.7500601646607 41.759302561695222 3150.6245301579547 32.332736831795046 527.93498581286951 77.285972396843135
leaf_count=23796 21665 143796 222246 115 92 301 142 2633 306 2230 2965 6123 2188 64689 791 156 753 38 301 186 12280 238 9973 486 32026 424 48157 313 5478 977
internal_value=-0.000940473 -0.00558088 -0.0285207 -0.100655 -0.00623697 -0.00944571 0.0164723 0.0923787 0.0047909 -0.000212119 0.000886551 -0.0360463 0.0686702 0.0547147 -0.0700879 -0.223088 -0.340856 -0.468937 -0.768269 -1.20925 -0.0152068 0.373712 0.00308028 -0.00250803 -0.0255878 0.0195947 0.00835871 0.0325587 0.0944279 -0.00138948
internal_weight=20457.1 11304.5 2143.9 448.366 128.522 1695.54 858.787 258.577 9152.64 9160.55 9054.66 836.751 238.706 226.391 63.2968 33.27 23.4671 18.1771 7.11897 3.75578 127.563 5.27756 8913.93 6660.19 2132.02 2253.74 4528.17 1300.26 560.268 3227.91
internal_count=605864 416957 267966 234971 12725 32995 26571 2775 188907 148991 146761 6424 69408 69102 4413 2225 1434 681 525 224 12610 330 119499 97410 32512 22089 64898 15764 5791 49134
is_linear=0
shrinkage=0.15


Tree=49
num_leaves=31
num_cat=0
split_feature=14 6 3 4 7 5 2 0 0 14 1 1 2 6 3 0 0 7 9 7 2 14 4 7 7 0 14 2 4 6
split_gain=20.9962 25.0803 23.476 22.1496 46.3298 46.2512 40.4679 54.2788 47.231 46.749 47.8787 39.9033 39.3508 52.587 42.0975 41.819 38.6255 36.7724 35.0578 44.455 32.7015 31.2103 28.3598 90.0655 53.7491 48.7772 38.5811 29.214 31.4061 28.3749
threshold=0.90546813607215892 0.97934588789939891 0.5634920895099641 0.60158732533454906 0.50999999046325695 0.82886433601379406 0.40936473011970526 0.50159111618995678 0.57139068841934215 0.3984189778566361 0.51191151142120372 0.30860805511474615 0.52223318815231334 0.85657143592834484 0.080128207802772536 0.70030567049980175 0.45968367159366613 0.47722567617893225 0.43650794029235845 0.37715516984462744 0.37310734391212469 0.17332180589437488 0.31866537034511572 0.90238094329833995 0.87749999761581432 0.63927528262138378 0.14640522748231891 0.13484848290681842 0.15268065780401233 0.94142156839370739
decision_type=2 2 2 2 2 2 2 2 2 2 2 2 2 2 2 2 2 2 2 2 2 2 2 2 2 2 2 2 2 2
left_child=3 -2 -3 4 5 12 7 -5 9 11 -11 17 13 -1 15 -14 -15 -8 -7 -20 21 -21 24 26 29 27 -24 -26 -29 -6
right_child=1 2 -4 6 22 18 8 -9 -10 10 -12 -13 14 16 -16 -17 -18 -19 19 20 -22 -23 23 -25 25 -27 -28 28 -30 -31
leaf_value=-0.05534368369556223 0.002403611940649821 -0.053846502908934411 0.15569761154674688 0.018186646609244579 -0.0085801307621565688 0.035691321784134346 0.076341822023070036 -0.084502581780464534 -0.0025100181294303915 0.71960105395985552 0.17788725288522039 -0.012461816802578475 0.36042102104415191 -0.04452560385020482 0.024261866830613158 0.049585053720470527 0.37955795792927582 1.23896978376939 0.25606877786944066 0.15861162272205528 0.18744201696495641 -0.041913892292089888 0.1541115310098905 0.074733841710478907 -0.23146553723908983 0.12129883162947272 -0.022311528747451737 0.1025418543098273 -0.1086260987630369 0.14288823136416021
leaf_weight=234.71747014663015 105.72990260383813 14.929145952919496 61.940985103428829 186.16443954932038 134.44940347387455 204.32324081708794 1.3172722044982976 306.47523363079381 16782.316891633149 5.2841766998171833 12.024879370757843 29.121685780090047 17.180858284875285 8.4027168208267558 554.24656720355961 22.481772149869357 11.3724794065929 1.1434135027229784 44.850033618829912 26.063366060145199 42.487343359418446 52.930014494952047 28.733098695985973 318.1264501666883 37.972441360354424 22.199378783348948 950.37599595711799 17.829346902668476 142.50804162351415 35.09014730155468
leaf_count=68610 20160 833 10692 18092 695 1680 302 60940 379090 72 178 4933 464 57 18622 824 152 22 1550 188 1057 279 179 5711 161 981 8326 80 691 243
internal_value=-0.000831458 0.0498046 0.115002 -0.0012885 0.0108293 0.0331101 -0.00332145 -0.0456972 -0.00208114 0.145135 0.343264 0.0365491 0.0137982 -0.0355521 0.034945 0.184231 0.19936 0.616583 0.0773137 0.128443 0.0813245 0.0242482 -0.00526849 0.00539499 -0.0407334 -0.0895581 -0.0171342 -0.113162 -0.0851444 0.0227698
internal_weight=20412.8 182.6 76.8701 20230.2 2906.34 1219.06 17323.8 492.64 16831.2 48.8914 17.3091 31.5824 848.402 254.493 593.909 39.6626 19.7752 2.46069 370.654 166.331 121.481 78.9934 1687.28 1297.24 390.049 220.509 979.109 198.31 160.337 169.54
internal_count=605864 31685 11525 574179 110550 93483 463629 79032 384597 5507 250 5257 88729 68819 19910 1288 209 324 4754 3074 1524 467 17067 14216 2851 1913 8505 932 771 938
is_linear=0
shrinkage=0.15


Tree=50
num_leaves=31
num_cat=0
split_feature=1 0 4 3 2 3 0 2 3 0 9 7 4 1 4 4 1 4 0 4 8 7 1 14 2 3 3 0 7 3
split_gain=20.2253 113.9 82.7596 74.3075 57.7147 197.736 65.1378 120.499 283.271 74.0197 128.513 77.219 66.8365 100.762 66.53 90.4591 64.4859 102.219 62.8023 59.567 57.8841 57.8059 54.7753 54.6131 54.135 87.1909 60.4556 93.3566 88.0749 66.2087
threshold=0.87428161501884472 0.82846596837043773 0.98300692439079296 0.94999998807907116 0.86706823110580455 0.44949495792388922 0.93287798762321483 0.81284341216087352 0.5634920895099641 0.88393548130989086 0.43650794029235845 0.14119601994752887 0.9607692062854768 0.6696164906024934 0.77459675073623668 0.93582704663276683 0.54011154174804699 0.7589399814605714 0.85371854901313793 0.94312667846679699 0.38583959639072424 0.95346319675445568 0.81661394238471996 0.24338800460100177 0.63373982906341564 0.36931818723678594 0.240384615957737 0.72103068232536327 0.61721614003181469 1.0000000180025095e-35
decision_type=2 2 2 2 2 2 2 2 2 2 2 2 2 2 2 2 2 2 2 2 2 2 2 2 2 2 2 2 2 2
left_child=2 -2 3 4 6 -6 7 9 -9 11 -11 20 16 -14 -8 -16 24 21 22 23 -1 -18 -10 -19 26 -26 29 -28 -29 -13
right_child=1 -3 -4 -5 5 -7 14 8 18 10 -12 12 13 -15 15 -17 17 19 -20 -21 -22 -23 -24 -25 25 -27 27 28 -30 -31
leaf_value=-0.020012494043780096 0.094725635137278441 0.0015454237354114969 0.050302937849336239 0.16065991941559613 0.14365592215081474 -0.10079907561723217 0.033704675871443206 0.050564782257950101 -0.39686372483535881 -0.0038987540444303109 0.07299525641502623 0.0032589960291175657 -0.17853617217899023 0.020460466235080108 -0.079093399141801815 0.12028093464731737 -0.074687297038890252 -0.21364631343689736 -0.16032053339426805 0.10239495387943566 -0.12215066078818773 0.074675070409604791 0.049808931897720309 -0.0045908568731587301 0.14345425928131725 -0.15656719603565825 0.15099400944154015 0.072652062844552251 -0.18833997710477388 -0.091248540114382284
leaf_weight=246.6337591565316 306.71601853807078 7834.2038635768713 588.29385405061112 58.92484375039021 90.47326113541385 420.39879779222611 1477.8139761066195 282.7818636020038 6.9430267768329932 1998.7039245753658 647.4623434539717 2189.5056808545191 127.15530297649093 104.14191575259247 266.54841184426368 63.37775035132654 842.74032057479781 28.739195311183721 412.50680909525181 117.30666629972984 252.81655737924848 62.633411227259785 55.999580883799354 1297.0105288496493 132.3064409996623 26.0928519644076 148.3174479178706 77.486928122714744 46.581380958145019 180.54088073669118
leaf_count=13305 9810 174312 17939 1233 3426 4266 24209 6592 144 34579 15297 44808 2042 1111 3408 1280 7648 202 4162 1521 199690 4477 962 15508 2294 143 1865 808 1188 7635
internal_value=-0.000738937 0.00505607 -0.00459002 -0.00735913 -0.0082124 -0.0575071 -0.00594202 -0.0110142 -0.0683178 -0.00591816 0.0149156 -0.0152939 -0.0100568 -0.0889376 0.0201081 -0.0407942 -0.00651356 -0.0248454 -0.139025 -5.73797e-05 -0.0717138 -0.0643545 0.000537694 -0.0091227 0.00885724 0.0940322 0.00375147 0.0706773 -0.0253373 -0.00394022
internal_weight=20391.2 8140.92 12250.2 11661.9 11603 510.872 11092.1 9284.41 758.231 8526.18 2646.17 5880.01 5380.56 231.297 1807.74 329.926 5149.26 2348.43 475.449 1443.06 499.45 905.374 62.9426 1325.75 2800.83 158.399 2642.43 272.386 124.068 2370.05
internal_count=605864 184122 421742 403803 402570 7692 394878 365981 11860 354121 49876 304245 91250 3153 28897 4688 88097 29356 5268 17231 212995 12125 1106 15710 58741 2437 56304 3861 1996 52443
is_linear=0
shrinkage=0.15


Tree=51
num_leaves=31
num_cat=0
split_feature=10 0 0 14 2 0 6 3 3 2 4 2 1 0 4 0 1 7 5 2 2 2 3 1 4 2 0 1 3 2
split_gain=19.3586 18.6049 23.4194 27.87 23.4843 50.1796 47.309 34.1606 67.1566 132.838 61.2439 56.9698 143.817 132.299 57.8062 57.5841 117.69 51.4576 61.8262 59.1328 55.5354 52.7636 48.3553 43.1741 47.7356 41.1406 44.078 40.9777 83.4515 65.7017
threshold=1.0000000180025095e-35 1.0000000180025095e-35 0.41118326783180242 0.096585191786289229 0.39369100332260137 0.53860610723495495 0.67806348204612743 1.0000000180025095e-35 0.29285715520381933 0.67942848801612865 0.9607692062854768 0.68783605098724376 0.680425524711609 0.89802512526512157 0.7589399814605714 0.83333438634872448 0.79041057825088512 0.61721614003181469 0.80580884218215953 0.49295215308666235 0.45633104443550115 0.5108746886253358 0.26136364042758947 0.86526826024055492 0.80673459172248851 0.49295215308666235 0.59496286511421215 0.5604878067970277 0.36931818723678594 0.5604878067970277
decision_type=2 2 2 2 2 2 2 2 2 2 2 2 2 2 2 2 2 2 2 2 2 2 2 2 2 2 2 2 2 2
left_child=-1 -2 3 -3 6 -6 -4 10 9 -9 17 14 13 -13 -10 27 -17 18 25 20 -19 -21 23 24 -11 -7 -27 29 -29 -16
right_child=1 2 4 -5 5 7 -8 8 11 22 -12 12 -14 -15 15 16 -18 19 -20 21 -22 -23 -24 -25 -26 26 -28 28 -30 -31
leaf_value=-0.15548412350505486 -0.15365243229334785 0.20636079681137176 -0.094148055640636094 0.029778073713263038 0.13801450137611937 -0.074400542581151793 -0.0095259334627628822 -0.084907943142452327 -0.0051047630882067561 -0.020334246042897599 -0.10148499392700909 -0.15471157503031666 -0.00048426026384764244 0.035946279562845677 0.15248740903842189 0.1336004135870556 -0.013357935408120874 0.031546386571742656 0.1306935918759479 -0.13801552985478233 0.25803598287763685 0.001676856144942762 -0.12730019534296685 -0.21086164959318959 0.10468560956335625 0.62821749913684521 0.044960597217966358 -0.1070694381473374 0.035717331326551631 -0.098197494050763084
leaf_weight=18.163810291243863 17.845130992351187 22.122492077236529 168.71941621779479 221.11880115721942 59.455653903947677 71.948155260531848 1249.5193679913791 585.10185239307611 841.3726739668964 104.38494667704799 86.738461750963324 258.25656610221085 13681.675867414835 119.9126780372244 92.95787863003352 350.02634140057125 188.71864231038489 72.843601120635867 195.61657277206177 66.766011517029256 36.59672242612578 685.14872145897243 38.667843659262871 13.632812707801348 201.10886979386851 2.9387704778346224 365.16972498302516 133.6720707564964 296.0999188157366 31.493018576249597
leaf_count=12887 261 2034 102327 3943 4201 14530 12198 94904 19020 3351 2867 6095 265389 3124 1725 8413 3734 505 4389 285 530 11939 1904 313 4819 195 10337 2627 5854 1164
internal_value=-0.000698837 -0.000560064 -0.000425098 0.0458381 -0.000987795 0.000432339 -0.0195929 -9.32735e-06 -0.00197925 -0.0408807 0.0210574 0.000314082 -0.00300646 -0.0942564 0.0244496 0.0472007 0.0821219 0.0281576 0.06053 0.00426697 0.107284 -0.0107271 0.0311172 0.0503122 0.0619673 0.0293404 0.049617 0.0132547 -0.00869367 0.0890501
internal_weight=20277.8 20259.6 20241.8 243.241 19998.5 18580.3 1418.24 18520.8 16937.1 942.896 1583.77 15994.2 14059.8 378.169 1934.34 1092.97 538.745 1497.03 635.673 861.355 109.44 751.915 357.794 319.127 305.494 440.057 368.108 554.223 429.772 124.451
internal_count=605864 592977 592716 5977 586739 472214 114525 468013 422436 105291 45577 317145 274608 9219 42537 23517 12147 42710 29451 13259 1035 12224 10387 8483 8170 25062 10532 11370 8481 2889
is_linear=0
shrinkage=0.15


Tree=52
num_leaves=31
num_cat=0
split_feature=11 7 8 7 14 5 14 9 4 6 6 1 13 7 14 7 6 6 4 9 1 0 14 14 9 9 7 6 14 2
split_gain=17.8633 30.5654 99.4747 83.6413 72.8612 134.721 118.681 67.2073 56.8157 56.6829 65.2574 58.2641 52.7853 80.627 51.04 49.9914 76.1158 46.4317 44.3605 43.9938 42.9137 39.0929 42.706 54.0124 46.1933 56.0553 42.7517 38.853 37.1932 35.4021
threshold=1.0000000180025095e-35 0.0745370388031006 0.37194395065307623 0.25403225421905523 0.46535137295722967 0.75316646695137035 0.24137929826974872 0.38750000298023229 0.40192307531833654 0.63271072506904613 0.53756719827651989 0.99593493342399608 1.0000000180025095e-35 0.17519181966781619 0.70000001788139354 0.20294117927551272 0.52753993868827831 0.6553173065185548 0.57735043764114391 0.29285715520381933 0.90803381800651561 0.85914573073387157 0.69442501664161693 0.5391930639743806 0.10555555671453477 0.38750000298023229 0.45643940567970281 0.84711015224456798 0.33381502330303198 0.93777656555175792
decision_type=2 2 2 2 2 2 2 2 2 2 2 2 2 2 2 2 2 2 2 2 2 2 2 2 2 2 2 2 2 2
left_child=-1 2 29 4 5 6 -3 9 15 10 -6 27 13 18 -13 16 -7 -9 28 -20 -12 22 23 24 -5 -26 -27 -11 -8 -2
right_child=1 3 -4 21 7 8 12 17 -10 11 20 14 -14 -15 -16 -17 -18 -19 19 -21 -22 -23 -24 -25 25 26 -28 -29 -30 -31
leaf_value=-0.005270740234230074 -0.016492205277081812 -0.053441105210072969 -0.12678656313401779 0.07851247179294718 -0.019686146976423576 -0.1500508505439849 0.31157949993346112 -0.20171227885961948 0.20275410826190735 -0.010948731442076904 0.020430703226063333 -0.38928589911928907 0.011496622382301104 0.056940868946319445 -0.028620131461406916 0.42712695699396203 2.1297048287319029 0.043505281265933678 0.08629431994274106 0.24900437821198523 0.16030117196378885 -0.012185700351173882 0.073289147389612355 -0.04272697115281647 -0.079412912545099107 0.074911313031591875 0.0052747020953036548 0.09429078374584289 1.061084033446698 0.016408992475445104
leaf_weight=9754.1954698069349 1751.1113473358146 198.62392938806829 152.62337504789502 246.61309371273774 122.2993695702753 0.47974086372414504 4.196423107168811 54.14968493534252 93.560532168481586 529.50899418070912 72.160838360083289 16.184575862716883 172.52450938714901 246.60057200908318 19.423830115469173 4.6214822003967129 1.0523357650963587 25.581551700219279 66.581761861976702 85.276204081500509 156.1601183982566 2973.7900545784264 242.63222781475633 400.72140283725457 147.31177528472472 243.40340053937507 1071.9755130219564 92.758336897939444 2.3095801896415651 1269.1823340874689
leaf_count=291195 19773 55949 95460 4585 917 173 264 1327 4455 2943 499 301 8030 3110 897 146 126 2120 1680 2620 906 73079 8370 5763 1344 2743 7374 478 53 9184
internal_value=-0.000652796 0.00365214 -0.00863693 0.0090005 0.035459 0.0676632 0.0465762 0.00954036 0.231792 0.0200217 0.0687334 -0.00593963 0.0809765 0.110577 -0.192548 0.673291 1.41584 -0.123035 0.194097 0.177665 0.116095 -0.00075571 0.0136919 0.00683885 0.0184588 0.00833366 0.0181606 0.00473881 0.577648 -0.00266652
internal_weight=20217.6 10463.4 3172.92 7290.5 1964.05 875.827 776.113 1088.23 99.7141 1008.5 350.62 657.876 577.489 404.965 35.6084 6.15356 1.53208 79.7312 158.364 151.858 228.321 5326.45 2352.66 2110.03 1709.3 1462.69 1315.38 622.267 6.506 3020.29
internal_count=605864 314669 124417 190252 86994 76606 71706 10388 4900 6941 2322 4619 15757 7727 1198 445 299 3447 4617 4300 1405 103258 30179 21809 16046 11461 10117 3421 317 28957
is_linear=0
shrinkage=0.15


Tree=53
num_leaves=31
num_cat=0
split_feature=8 6 6 8 6 4 2 9 8 6 6 5 0 2 14 0 9 14 2 1 8 13 14 7 2 2 3 2 3 7
split_gain=16.7165 111.707 63.4443 50.0929 49.1372 39.2258 30.9635 28.9927 27.9469 54.0473 38.693 35.6228 33.248 58.4686 52.1891 42.8352 62.458 59.0191 44.4103 41.3664 55.93 87.9662 152.598 194.372 200.937 36.1541 46.832 85.3153 48.1542 36.4725
threshold=0.75096899271011364 0.47083130478858953 0.78135350346565258 0.68444761633872997 0.81501609086990368 0.47114317119121557 0.36254107952117925 0.38750000298023229 0.64112350344657909 0.75879752635955822 0.44494949281215673 0.64752545952796947 0.82846596837043773 0.80788660049438488 0.24338800460100177 0.93549084663391124 0.29285715520381933 0.41829130053520208 0.94360819458961498 0.90803381800651561 0.47512376308441168 1.0000000180025095e-35 0.46535137295722967 0.21132376790046695 0.76028168201446544 0.8019607961177827 0.58571431040763866 0.83752357959747326 0.88194444775581371 0.18301435559988025
decision_type=2 2 2 2 2 2 2 2 2 2 2 2 2 2 2 2 2 2 2 2 2 2 2 2 2 2 2 2 2 2
left_child=2 -2 5 7 -5 -1 -6 -4 9 12 -10 -12 13 14 -7 17 -17 18 25 20 21 22 23 -19 -25 -14 27 -27 29 -28
right_child=1 -3 3 4 6 8 -8 -9 10 -11 11 -13 15 -15 -16 16 -18 19 -20 -21 -22 -23 -24 24 -26 26 28 -29 -30 -31
leaf_value=0.079940815570837237 -0.10676341210570205 -0.0022649418505362139 0.26485576867495675 -0.0273254433101176 -0.047234207194218496 -0.036015436544416801 0.105271023417792 0.076524513879685382 -0.12574779625555177 0.20569111424847908 0.067548917046079196 -0.028133694567325496 -0.00030786333317352974 0.17897513039761379 0.06822560691318505 0.0033662419479770895 0.096720786777040518 0.016640036593175304 0.39224087064907603 0.062689632450974128 -0.093125037197535968 -0.0045741593299698314 -0.22497937261641501 -0.7422396497144268 -3.248287541887787 -0.042932422670107287 -0.09111883117001672 0.29868518062396243 0.090739315847061644 -0.29687294153212979
leaf_weight=140.2731216486327 234.97614029556644 11243.564230076903 37.293380590563174 158.0886673944442 35.480885557364672 199.09563472500759 192.31834994985547 36.287852808469324 79.105056935353787 29.459521587123163 100.78639625056894 666.50535579685129 1222.5037149143764 59.600170492587495 236.35191320633203 4838.0829900292974 166.80968022777688 1.5970359073326115 6.1224134707590556 30.498641960060922 144.55053717308692 9.5935246017761528 8.3099015288753417 1.3836840437252251 1.5005922679920329 69.368177119974462 211.4872999879226 21.561195390710964 30.405654774454888 21.340347907655087
leaf_count=16182 139644 243810 508 2418 214 41537 5802 1425 40433 893 7328 18036 25597 745 5450 43480 5578 25 54 572 1400 53 141 83 118 1118 2263 563 245 149
internal_value=-0.000638613 -0.00440412 0.00429785 0.0585547 0.0369273 0.00129298 0.0815176 0.171977 -5.96653e-05 0.00292818 -0.0258632 -0.0155655 0.00210769 0.0396359 0.0205644 -0.000630401 0.00647769 -0.020614 -0.0109679 -0.0979445 -0.127292 -0.347927 -0.605444 -1.31096 -2.04605 -0.0125336 -0.0547347 0.038072 -0.0867932 -0.109978
internal_weight=20234.3 11478.5 8755.76 459.469 385.888 8296.29 227.799 73.5812 8156.02 7309.62 846.397 767.292 7280.16 495.048 435.448 6785.12 5004.89 1780.22 1582.79 197.434 166.935 22.3847 12.7912 4.48131 2.88428 1576.67 354.163 90.9294 263.233 232.828
internal_count=605864 383454 222410 10367 8434 212043 6016 1933 195861 130064 65797 25364 129171 47732 46987 81439 49058 32381 29989 2392 1820 420 367 226 201 29935 4338 1681 2657 2412
is_linear=0
shrinkage=0.15


Tree=54
num_leaves=31
num_cat=0
split_feature=10 14 3 9 1 0 11 8 6 6 9 5 1 7 8 6 0 1 2 3 6 9 8 5 8 6 13 5 6 5
split_gain=16.2326 15.5282 26.3733 33.9186 23.6457 23.4966 16.4751 30.0879 150.014 48.9525 36.5508 58.2977 63.3926 42.6506 46.8386 41.7239 40.9951 34.2681 52.454 37.0916 34.1212 33.7615 32.7656 32.5277 30.683 41.5167 35.5187 45.4001 42.9396 29.2789
threshold=1.0000000180025095e-35 0.90911468863487255 0.60769233107566845 0.23611111193895343 0.93127065896987926 0.94547370076179515 1.0000000180025095e-35 0.75096899271011364 0.66170939803123485 0.82574728131294262 0.29285715520381933 0.91764685511589061 0.68387743830680858 0.43874999880790716 0.80447274446487438 0.86755847930908214 0.89523917436599743 0.9833287000656129 0.93419912457466137 0.60769233107566845 0.85012078285217296 0.43650794029235845 0.98581486940383922 0.87623849511146557 0.90496715903282177 0.88533127307891857 1.0000000180025095e-35 0.88009625673294078 0.99118927121162426 0.84767559170722973
decision_type=2 2 2 2 2 2 2 2 2 2 2 2 2 2 2 2 2 2 2 2 2 2 2 2 2 2 2 2 2 2
left_child=-1 6 3 -3 -5 -6 7 9 23 17 24 12 16 -14 21 -16 20 18 -2 -20 -12 -15 29 -9 25 -10 27 28 -26 -17
right_child=1 2 -4 4 5 -7 -8 8 10 -11 11 -13 13 14 15 22 -18 -19 19 -21 -22 -23 -24 -25 26 -27 -28 -29 -30 -31
leaf_value=-0.15520178752004496 0.0066374630140509285 0.096615979910389727 0.09905534214035186 0.15208985726051449 -0.38179199275895076 -0.090510455918090968 0.003410582623777623 -0.098029950435875091 -0.025089617489884451 0.11176292543521903 -0.068841875116950807 -0.020075160297840712 -0.032316380831364108 0.10801871848837945 0.13124267121154304 0.04454966933448689 0.14789355939258206 -0.015071434035930103 0.043731496437680074 0.17841932983996769 0.0033722846573351786 -0.12695450528650845 -0.034017275740770042 0.16806708144540014 -0.12180195893661634 0.036019369086263964 -0.019594231841736788 0.021490426072559649 0.17375191024840236 0.12589550613911471
leaf_weight=15.242091276082645 1987.5527486124865 27.567691806470975 90.418684494681656 5.7436768708284935 9.0362716619856673 20.071637947345152 10448.319965200066 470.79204601124547 583.15635513473535 94.532736804510932 200.23163553420454 1136.0670506748429 127.9143162050168 19.275944791268557 193.37805966474116 387.09564560651779 36.089125154889189 1496.3793645734258 154.57945313389064 65.497298937058076 556.04435380920768 48.065610093006399 86.904669649142306 10.568087724503128 236.58840950520243 438.04917073016986 1031.9383075464866 80.763281436753459 11.602715449407695 134.02511692466214
leaf_count=12887 68354 291 26847 646 422 1440 300140 98533 6132 2556 1526 26208 2217 146 4075 8327 926 16367 1680 589 4588 1861 2351 345 1643 3719 7438 1057 120 2433
internal_value=-0.000463174 -0.000346347 0.0472842 -0.0277099 -0.126052 -0.180936 -0.000709691 -0.0052001 -0.0120073 0.00517329 -0.00473493 0.00649862 0.0233735 0.0485498 0.0604566 0.0705529 -0.00829394 0.00245294 0.0143313 0.0838161 -0.0157471 -0.0596954 0.051251 -0.0921879 -0.0185291 0.00112327 -0.0332762 -0.0761969 -0.107985 0.0654707
internal_weight=20203.5 20188.2 152.838 62.4193 34.8516 29.1079 20035.4 9587.09 5788.55 3798.54 5307.19 2925.09 1789.02 996.659 868.745 801.403 792.365 3704.01 2207.63 220.077 756.276 67.3416 608.025 481.36 2382.1 1021.21 1360.89 328.954 248.191 521.121
internal_count=605864 592977 29646 2799 2508 1862 563331 263191 173645 89546 74767 54658 28450 21410 19193 17186 7040 86990 70623 2269 6114 2007 13111 98878 20109 9851 10258 2820 1763 10760
is_linear=0
shrinkage=0.15


Tree=55
num_leaves=31
num_cat=0
split_feature=6 4 2 8 5 6 13 8 6 2 4 3 2 3 2 4 1 0 3 2 2 1 0 4 0 2 11 2 2 0
split_gain=15.1503 88.771 44.014 38.8821 45.7962 43.2494 45.7827 35.4876 44.4997 35.3957 57.9204 34.4964 42.3904 34.2497 47.4615 73.9729 55.2784 49.641 45.9495 84.0733 40.3754 86.0959 121.286 52.3705 33.2921 33.2714 32.5607 47.1194 197.711 31.4639
threshold=0.99118927121162426 0.31866537034511572 0.18301435559988025 0.97628420591354381 0.93560370802879345 0.96568545699119579 1.0000000180025095e-35 0.99698793888092052 0.72507309913635265 0.42588071525096899 0.39314988255500799 0.240384615957737 0.26158231496810919 1.0000000180025095e-35 0.68444761633872997 0.59491634368896495 0.69416099786758434 0.82666888833045971 0.29285715520381933 0.67942848801612865 0.68783605098724376 0.680425524711609 0.89802512526512157 0.78297102451324474 0.61901772022247326 0.86222714185714733 1.0000000180025095e-35 0.25176055729389196 0.30860805511474615 0.43210417032241827
decision_type=2 2 2 2 2 2 2 2 2 2 2 2 2 2 2 2 2 2 2 2 2 2 2 2 2 2 2 2 2 2
left_child=2 24 -1 5 7 9 -7 8 -5 10 -4 12 -12 14 15 -11 -16 -17 19 -15 23 22 -22 -20 -2 -24 -3 -28 -29 -14
right_child=1 26 3 4 -6 6 -8 -9 -10 13 11 -13 29 18 16 17 -18 -19 20 -21 21 -23 25 -25 -26 -27 27 28 -30 -31
leaf_value=0.067712913467264671 -0.088029826461678271 0.023048737557293596 0.029377787148249544 -0.1597089976373969 -0.063708821510102209 0.017769576678300789 0.13052794926623043 0.021458455537220932 -0.01805878640139005 0.088814619863614816 0.00089362080889027391 0.10739181640650415 0.17259267290949618 -0.080186983287339628 0.13850816091186152 -0.0060627271381957807 0.00015784724788870611 -0.19068107625422928 -0.0063628047857334129 0.024058335640424252 -0.14310736588152848 -0.00059076390193670393 0.019444112378535158 0.047126958771501894 0.10819288947111237 0.26404815519859404 -0.0037038576076407854 0.57421192586390468 0.069833029511988234 -0.090629518531131395
leaf_weight=205.78664057865899 185.2165176034905 477.5613194492762 267.35334176444667 59.010982346426317 481.31914833854535 306.22865306114545 110.16533956315834 475.48690972263284 323.22054386825766 197.91828231240845 181.91687058931711 28.806070488102705 10.455324944703532 434.42312251428848 155.6748920353848 626.1599984679051 111.53528652280772 34.579488069255603 767.88311408641493 290.45570909399248 217.1806795198936 12534.76533420154 90.389903317496646 888.21701855361425 21.738016263348982 14.522181830390762 72.465096917003393 20.594915311783552 115.85008598899003 449.43285256141098
leaf_count=5385 834 19407 14698 5287 5293 10090 1288 15664 4124 4085 14474 1753 1432 87438 6149 15069 4484 935 17222 9113 5707 226879 2570 19396 952 290 332 161 5623 99730
internal_value=-0.000400925 0.0186945 -0.00128658 -0.00203167 -0.0266778 -0.000169041 0.0476021 -0.00589744 -0.0399275 -0.00131873 -0.0296568 -0.0531922 -0.0603997 0.000305599 0.0255518 0.00837137 0.0807598 -0.0157246 -0.00155975 -0.0384163 0.000281124 -0.00255841 -0.0791326 0.0223254 -0.0674191 0.0533028 0.0446556 0.0940481 0.145964 -0.0846453
internal_weight=20156.3 893.426 19262.9 19057.1 1339.04 17718.1 416.394 857.718 382.232 17301.7 937.964 670.611 641.805 16363.7 1125.87 858.658 267.21 660.739 15237.8 724.879 14513 12856.9 322.093 1656.1 206.955 104.912 686.471 208.91 136.445 459.888
internal_count=605864 27309 578555 573170 30368 542802 11378 25075 9411 531424 132087 117389 115636 399337 30722 20089 10633 16004 368615 96551 272064 235446 8567 36618 1786 2860 25523 6116 5784 101162
is_linear=0
shrinkage=0.15


Tree=56
num_leaves=31
num_cat=0
split_feature=0 10 4 7 9 3 7 9 2 6 14 2 8 1 11 0 5 4 2 5 7 4 6 14 0 9 1 4 9 4
split_gain=14.8428 13.4968 13.523 44.7252 38.6552 45.3129 40.7141 34.1484 31.6294 35.3245 31.4257 34.403 36.4862 29.9028 28.6097 28.5679 25.3772 25.0653 33.8714 40.7703 23.9033 23.3206 23.7794 22.9956 40.1886 35.5407 22.6144 22.456 21.2456 21.09
threshold=1.0000000180025095e-35 1.0000000180025095e-35 0.63714733719825756 0.50999999046325695 0.64583334326744091 0.240384615957737 0.98148149251937877 0.91883116960525524 0.39369100332260137 0.94756481051445018 0.26584160327911383 0.2237871587276459 0.58500602841377269 0.3034138977527619 1.0000000180025095e-35 0.88393548130989086 0.67736679315567028 0.79008570313453685 0.41897974908351904 0.85762819647789013 0.94201681017875682 0.62192192673683178 0.87280434370040905 0.41111835837364202 0.88002020120620739 0.11805555596947671 0.77459678053855907 0.62593284249305736 0.43650794029235845 0.30583900213241583
decision_type=2 2 2 2 2 2 2 2 2 2 2 2 2 2 2 2 2 2 2 2 2 2 2 2 2 2 2 2 2 2
left_child=-1 -2 3 10 6 27 23 15 9 -4 11 21 16 17 -11 -7 -13 18 19 -10 -16 22 28 25 -25 -5 -12 -6 -3 -8
right_child=1 2 8 4 5 7 29 -9 13 14 26 12 -14 -15 20 -17 -18 -19 -20 -21 -22 -23 -24 24 -26 -27 -28 -29 -30 -31
leaf_value=-0.13882510720288199 -0.15467341709095059 -0.033866688103642781 -0.07563713571961915 0.09926364276260112 -0.0050607612228915121 -0.1356273509453656 -0.017107629373018296 0.13811595247867664 0.41923215366713429 -0.028312344494033217 0.044381198110154479 0.012900590512619266 -0.058958939512013642 -0.0011792882747042252 -0.0069961818274118662 0.063355136052024932 0.34356241319335612 0.040471804655787189 0.25908434011614717 2.1305225907462666 0.24130582337404771 0.75278113898862098 0.26056114413806697 -0.10542174395117768 -0.022800475117103824 -0.0417215718746623 0.18879625843495862 0.18953893054646911 0.10390425382619684 0.2432122919447029
leaf_weight=17.412923596737528 12.7309346996808 41.507947520679409 258.0621516937299 61.397849625092931 961.91888584486151 22.764157346915454 11.580584680661561 99.787592881126329 0.77849894378050766 70.476095910416916 730.53975522843666 454.84670220393127 208.37713432084274 16220.578736669762 15.102665748447178 56.594646688550711 5.2829002027428933 9.1592606066405988 5.634311184665421 0.52413529180921614 20.651711774989963 1.1490358711307624 13.58548927749507 217.23642160114832 339.45743008027785 116.69690931832884 25.240303397295065 13.529941598069852 64.041074678083532 17.712432278320193
leaf_count=264 12884 4600 60842 733 6028 134 109 9147 271 429 12494 16034 69555 401885 93 301 350 858 413 16 144 175 113 974 1864 679 515 177 3560 223
internal_value=-0.000396603 -0.000276543 -0.000178576 0.00834735 -0.00694692 0.0103731 -0.0331191 0.0797135 -0.00195723 -0.0456685 0.027346 0.00640263 -0.00688534 -0.000976507 0.0271332 0.0062768 0.016697 0.203371 0.418457 1.1078 0.136423 0.0802539 0.0737675 -0.0400325 -0.0550414 0.00688283 0.0492041 -0.00236157 0.0497248 0.140298
internal_weight=20094.4 20076.9 20064.2 3463.25 1918.68 1154.6 764.082 179.146 16601 364.293 1544.57 788.79 668.507 16236.7 106.23 79.3588 460.13 16.0962 6.93695 1.30263 35.7544 120.284 119.135 734.789 556.694 178.095 755.78 975.449 105.549 29.293
internal_count=605864 605600 592716 127765 20369 15787 4582 9582 464951 61508 107396 94387 85939 403443 666 435 16384 1558 700 287 237 8448 8273 4250 2838 1412 13009 6205 8160 332
is_linear=0
shrinkage=0.15


Tree=57
num_leaves=31
num_cat=0
split_feature=3 3 2 1 0 1 4 7 1 0 1 4 4 4 0 3 2 1 3 2 3 0 7 3 0 4 9 4 0 2
split_gain=12.4349 38.9821 182.909 108.111 143.45 66.3754 97.3229 63.5355 63.2563 55.6642 57.1019 51.8534 56.2378 58.1568 53.6328 52.5514 74.0616 50.807 49.299 55.3194 114.968 48.8568 47.5623 46.5082 52.4487 85.3566 41.4973 44.621 41.1492 41.0496
threshold=0.60769233107566845 0.5634920895099641 0.76028168201446544 0.81872946023941051 0.86304691433906566 0.87570226192474376 0.7919372320175172 0.56385868787765514 0.95861873030662548 0.97336259484291088 0.9569842815399171 0.60903531312942516 0.99193549156188976 0.9607692062854768 0.91111981868743908 0.11805555596947671 0.68108484148979198 0.65545505285263073 0.13392857462167743 0.60922586917877208 0.31666667759418493 0.93788677453994762 0.54772728681564342 0.14835165441036227 0.92258146405220043 0.6900656819343568 0.64583334326744091 0.7589399814605714 0.82666888833045971 0.93127065896987926
decision_type=2 2 2 2 2 2 2 2 2 2 2 2 2 2 2 2 2 2 2 2 2 2 2 2 2 2 2 2 2 2
left_child=1 3 -3 11 -5 6 21 -7 -9 29 -11 14 13 15 -1 16 28 -18 -17 20 -20 -4 -23 -21 -25 -26 27 -19 -13 -6
right_child=-2 2 5 4 9 7 -8 8 -10 10 -12 12 -14 -15 -16 18 17 26 19 23 -22 22 -24 24 25 -27 -28 -29 -30 -31
leaf_value=0.0071250305148471667 0.0037303952578439676 0.04434863557925485 -0.017875103096700255 0.17069838429824402 0.012342107255851291 -0.035607907709453504 -0.096990109903523386 0.096687376950949921 -0.11169857855759768 0.1243795240982794 -0.049436449914602956 -0.0055734321685626254 0.045876298230752725 -0.099253316490951177 0.12313415291950872 -0.19405458173932602 0.13924694458785986 -0.18919932886898994 -0.083147487819037427 0.050335723257100458 0.062935518370536334 0.27674783044953938 -0.059010527789841227 -0.058206738252104769 0.11521137774906115 -0.046900241152398402 0.14831188194032235 0.023407275635184743 -0.15896256163219938 -0.1286104032938219
leaf_weight=2338.890687502595 9088.3955107380916 742.33991703104903 125.36778745772699 167.25173256331618 844.87891018897699 898.04447653032912 727.08434135892776 168.57224509026855 40.686096247751266 189.50611202813161 54.829960808769101 1198.8977506861681 311.45667223541386 199.36935170918878 93.240846224325651 40.473901086603291 138.30596066520502 29.527053068333771 180.88396597397877 121.30015684166574 367.47018753490556 29.079025218787137 14.09353563049808 1414.3453638130964 111.19387108538649 213.19409234331579 39.394904521140916 89.641957421212282 40.686286781128729 49.195425509904453
leaf_count=104240 188907 10942 1832 2647 17528 11232 8219 5933 1243 4450 1153 86772 13592 10681 2222 11001 6463 318 48996 3831 8189 472 368 40121 2435 3775 3554 1722 1884 1142
internal_value=-0.000373598 -0.00377081 -0.0192501 0.0013901 0.0409832 -0.0428215 -0.0731836 -0.0182635 0.0561709 0.0219259 0.0853745 -0.00607138 -0.0156156 -0.0201923 0.0115725 -0.0162372 0.00550854 0.0728036 -0.0298808 -0.0271218 0.0147475 0.0295177 0.167141 -0.0394653 -0.0457301 0.00866846 0.014849 -0.0292712 -0.0106081 0.00458636
internal_weight=20067.6 10979.2 2745.27 8233.94 1305.66 2002.93 895.625 1107.3 209.258 1138.41 244.336 6928.27 4496.14 4184.68 2432.13 3985.32 1536.45 296.87 2448.86 2408.39 548.354 168.54 43.1726 1860.03 1738.73 324.388 158.564 119.169 1239.58 894.074
internal_count=605864 416957 40241 376716 26920 29299 10891 18408 7176 24273 5603 349796 243334 229742 106462 219061 100713 12057 118348 107347 57185 2672 840 50162 46331 6210 5594 2040 88656 18670
is_linear=0
shrinkage=0.15


Tree=58
num_leaves=31
num_cat=0
split_feature=8 6 7 8 6 9 8 6 9 7 7 5 8 11 7 1 6 8 6 8 6 8 9 5 7 6 4 8 6 6
split_gain=11.6454 97.2026 41.6931 36.8549 38.7672 50.7387 33.2044 84.0184 39.2555 35.187 29.9897 29.0266 31.4319 28.2546 31.5279 30.1357 37.8695 27.3087 48.6852 27.1638 26.4714 94.2549 47.1541 41.1404 35.4184 42.9992 55.1059 42.4633 36.8778 34.9622
threshold=0.86692708730697643 0.88796159625053417 0.0745370388031006 0.81096094846725475 0.8948570489883424 0.84523808956146251 0.80076336860656749 0.86499059200286876 0.58571431040763866 0.62828946113586437 0.60434782505035411 0.91469547152519237 0.80569040775299083 1.0000000180025095e-35 0.43874999880790716 0.62988328933715831 0.84384033083915722 0.85023364424705516 0.91939309239387523 0.7589823603630067 0.93761447072029125 0.90943267941474926 0.91883116960525524 0.86296862363815319 0.67424243688583385 0.98557657003402721 0.31866537034511572 0.94881153106689464 0.97154426574707042 0.9567091464996339
decision_type=2 2 2 2 2 2 2 2 2 2 2 2 2 2 2 2 2 2 2 2 2 2 2 2 2 2 2 2 2 2
left_child=1 6 -2 10 -5 17 7 9 -9 -1 -3 13 -13 14 -8 -16 -17 -6 -19 -11 -4 22 23 -22 28 27 -27 29 -23 -26
right_child=2 3 20 4 5 -7 11 8 -10 19 -12 12 -14 -15 15 16 -18 18 -20 -21 21 24 -24 -25 25 26 -28 -29 -30 -31
leaf_value=0.0019815464348534734 -0.13186955530122202 0.27301811176205643 -0.010214465500531887 -0.049265771189806573 0.13564973827230226 -0.0015686539524224594 -0.074513504825457183 0.16477612536067224 0.0063114570873826319 -0.025116726033159939 0.076459693952982369 -0.25436673647564595 -0.05304818141088169 0.0066391346601383074 -0.075138393542063656 0.10829130777073524 -0.028362340927015613 -0.033416439022126578 0.1295211156026482 -0.14947030180460927 0.081933391819388371 0.018052039206663123 0.020868144835297215 0.23494569438882434 -0.045826490144117028 -0.056768707704909591 0.029484563986894287 -0.056530439343607075 0.13697610107502367 0.044097472884119762
leaf_weight=9403.3348130663544 57.656989648136005 30.130147280608071 5170.9083391595723 84.001786488806829 177.85736646666192 191.19455631342134 271.02323165963753 104.13886051391819 53.113044895755593 124.82962864101864 41.5495046392316 18.91220592672471 225.62913424272847 748.44794579660083 86.792870023578871 81.720207375998143 103.31044834735803 79.680922435596585 85.572028867900372 57.835356628347654 104.21822663070634 392.84942534177389 134.81955224310514 63.703161172219552 168.13658202561783 210.13145843794337 805.57791277061915 620.10938245715806 68.968763249984477 230.84520444553345
leaf_count=264663 54630 624 123042 1050 2480 11007 27558 1960 2734 3462 1537 162 3348 35082 662 1300 1151 585 1308 1053 1020 6339 7876 745 3392 1802 27736 8660 1671 7225
internal_value=-0.000353484 0.00261106 -0.00477341 0.0572644 0.0454608 0.0603534 -0.000732305 0.00249896 0.111253 0.000714914 0.159082 -0.0212312 -0.0686176 -0.0122574 -0.0383108 -0.00221473 0.0319918 0.0948588 0.0509566 -0.0644895 -0.00385399 0.00789492 0.0869363 0.139981 -0.00168966 -0.0102011 0.0116404 -0.0319701 0.0358124 0.00620224
internal_weight=19997 11969.1 8027.92 689.986 618.307 534.305 11279.1 9743.25 157.252 9586 71.6797 1535.84 244.541 1291.29 542.847 271.824 185.031 343.11 165.253 182.665 7970.27 2799.36 302.741 167.921 2496.62 2034.8 1015.71 1019.09 461.818 398.982
internal_count=605864 361726 244138 18591 16430 15380 343135 273872 4694 269178 2161 69263 3510 65753 30671 3113 2451 4373 1893 4515 189508 66466 9641 1765 56825 48815 29538 19277 8010 10617
is_linear=0
shrinkage=0.15


Tree=59
num_leaves=31
num_cat=0
split_feature=10 0 4 2 9 14 0 6 8 2 0 3 1 7 14 11 7 2 0 14 6 8 4 1 1 2 4 3 0 2
split_gain=11.447 11.1984 10.8524 23.1463 43.8404 34.4124 33.9528 22.9321 20.1002 19.7318 56.9029 35.643 32.6814 41.4268 39.9719 24.093 36.2229 32.4705 23.8466 24.61 23.1862 22.3881 21.2893 37.6014 19.8504 40.2371 32.8663 30.7887 27.3459 32.5851
threshold=1.0000000180025095e-35 1.0000000180025095e-35 0.48181217908859258 0.37310734391212469 0.91883116960525524 0.4347826093435288 0.88002020120620739 0.80658715963363659 0.51796472072601329 0.44315244257450109 0.50159111618995678 0.240384615957737 0.43288287520408636 0.42582418024539953 0.23931623250246051 1.0000000180025095e-35 0.83666664361953746 0.23845060169696811 0.57139068841934215 0.3984189778566361 0.92545253038406383 0.35859310626983648 0.81725418567657482 0.61257407069206249 0.41533938050270086 0.56374141573905956 0.92637759447097789 1.0000000180025095e-35 0.73599359393119823 0.61938297748565685
decision_type=2 2 2 2 2 2 2 2 2 2 2 2 2 2 2 2 2 2 2 2 2 2 2 2 2 2 2 2 2 2
left_child=-1 -2 3 8 5 -5 -7 -6 -3 10 15 20 13 14 21 -4 -17 -18 19 -11 -12 -13 -21 -24 25 26 27 -20 -27 -30
right_child=1 2 9 4 7 6 -8 -9 -10 18 11 12 -14 -15 -16 16 17 -19 24 22 -22 -23 23 -25 -26 28 -28 -29 29 -31
leaf_value=-0.15420653365767131 -0.12361238889900933 0.19056473248723529 -0.015095923318304824 0.061821089706554734 0.010294557333696526 -0.10559913620438673 0.024162422799390109 0.15085019102521385 -0.0034187758229785436 0.016366525409852704 -0.096534751941609626 1.3973445478464888 -0.0082636737121404274 0.15638755193554435 2.0024157669483027 0.027367375058507979 0.086556089940191955 0.3794488075007163 0.078449801367580257 0.09271430357566518 -0.023633975832559492 0.11566036308662754 0.70458520206255926 0.10438757562305967 -0.00093290743660264517 0.22493613181506553 -0.17535129544097325 -0.079131093489646212 -0.10640396757428329 0.1821341448815447
leaf_weight=10.86778891868016 16.53471535834251 12.17233884996949 161.13182968716319 161.52499709284257 35.804274830625218 81.148047762690112 102.90228645456955 96.533712120632117 951.34680566606403 32.018530595185439 275.38852176864384 0.43565192203095593 32.939664741181332 10.236530458088962 0.54165855114115391 115.72394304597947 22.023160465061665 13.886168505996464 87.087986466327493 12.185951388673859 152.53430050006136 1.0355388050666077 4.5252110976725799 4.8825069805898238 17419.408518474542 37.464688142179511 20.790601901768241 41.046221585238527 17.253993899590569 17.986526873008188
leaf_count=12887 261 1589 12022 12305 1405 378 599 3299 27822 3218 86624 45 1267 86 18 12026 111 104 3304 350 974 481 48 146 412507 813 1845 7615 794 921
internal_value=-0.000303269 -0.000219381 -0.000116968 0.0124187 0.0394079 0.0112938 -0.0330496 0.112823 -0.000968142 -0.00109472 -0.0243521 -0.0571699 0.069526 0.278709 0.900789 0.0252904 0.0682066 0.199818 -6.17819e-05 0.0998264 -0.0705491 0.495195 0.223579 0.393089 -0.000365348 0.044243 -0.000414008 0.0279707 0.135716 0.040864
internal_weight=19949.4 19938.5 19922 1441.43 477.913 345.575 184.05 132.338 963.519 18480.5 785.877 473.112 45.189 12.2494 2.01285 312.765 151.633 35.9093 17694.7 53.6122 427.923 1.47119 21.5937 9.40772 17641 221.63 148.925 128.134 72.7052 35.2405
internal_count=605864 592977 592716 47397 17986 13282 977 4704 29411 545319 113758 89495 1897 630 544 24263 12241 215 431561 3762 87598 526 544 194 427799 15292 12764 10919 2528 1715
is_linear=0
shrinkage=0.15


Tree=60
num_leaves=31
num_cat=0
split_feature=2 1 4 1 0 1 4 9 3 9 3 1 5 1 0 0 4 1 6 8 4 7 3 14 14 4 9 9 1 14
split_gain=11.3541 69.5285 61.5596 69.0676 55.9039 107.862 89.7435 63.6731 48.7836 103.09 61.5174 52.5237 41.83 39.0142 37.7353 123.028 121.709 37.7241 36.2151 34.3172 42.5701 32.3377 41.3105 94.0924 51.2354 37.0208 52.5699 61.7014 34.1548 32.2356
threshold=0.89386734366416942 0.77459678053855907 0.93582704663276683 0.89498749375343334 0.95908567309379589 0.93957650661468517 0.96824595332145702 0.38750000298023229 0.36931818723678594 0.43650794029235845 0.52272728085517894 0.94312667846679699 0.70416727662086498 0.93419912457466137 0.91860401630401622 0.96189683675766002 0.88603895902633678 0.91010099649429332 0.64718085527420055 0.96981090307235729 0.89202436804771434 0.63818180561065685 0.68333333730697643 0.61764708161354076 0.57733458280563366 0.85053193569183361 0.19090909510850909 0.43650794029235845 0.94174206256866466 0.78366154432296764
decision_type=2 2 2 2 2 2 2 2 2 2 2 2 2 2 2 2 2 2 2 2 2 2 2 2 2 2 2 2 2 2
left_child=-1 -2 8 -4 7 6 -6 13 9 17 11 -10 -13 -5 -12 16 -16 -3 -8 20 29 22 24 -24 28 -25 -27 -28 -17 -11
right_child=1 2 3 4 5 -7 18 -9 10 19 14 12 -14 -15 15 21 -18 -19 -20 -21 -22 -23 23 25 -26 26 27 -29 -30 -31
leaf_value=-0.0028152429325186547 0.17254041264708289 0.13031480863756739 -0.099327526137056518 0.18775274768456474 0.0085799534751353785 0.0005530348058370774 -0.042756438252037059 -0.071642540286891029 0.13289685729945838 -0.62881406174029819 0.10171934890567381 0.15355719719077759 -0.29566902703975395 0.045004955572542048 -0.19986667035848693 -0.044944686309903316 0.10624650253148184 -0.14797114414198681 -0.17672140573010706 -0.033783716002095524 -0.4368717194347862 0.082088594325992789 0.092162550777752275 0.043495810717552354 0.057632119604686879 0.0029598253668993487 -0.1982014034207345 0.071043204471724686 0.15630712763042279 -1.6776796468237472
leaf_weight=13295.553166093086 55.12698688319324 18.734602931362588 177.06829418268171 82.71866368240444 145.79418706873548 3380.6821730736956 61.674947291343415 55.218197742862685 174.21659920204183 1.1439014609481994 115.7812065348844 7.5226028023607823 12.272222713800145 89.896280289744027 108.8160606228339 468.76725344722217 39.954628680658061 26.411731994419824 172.09752766275778 1.7440997987287117 3.4254772351123393 193.62433053681161 408.3782857730821 256.90207766264211 175.79741087101866 275.06048510037363 70.849353205878288 26.244599182740785 19.774222225611084 1.5562409262638537
leaf_count=454134 1535 393 1809 787 2535 97883 993 3105 3829 98 2664 109 354 946 1153 6590 827 324 1848 138 267 9333 4180 2974 2502 1580 409 2221 230 114
internal_value=-0.000287073 0.00478492 0.00337779 -0.00765808 -0.00358802 -0.00795952 -0.0837782 0.068561 0.0224748 -0.11982 0.0256796 0.106589 -0.12495 0.113411 0.0184121 0.0136936 -0.117655 -0.0324894 -0.141378 -0.620809 -0.787948 0.0240033 0.0173944 0.0360963 -0.0118105 -0.000301476 -0.0305352 -0.125424 -0.0367988 -1.23333
internal_weight=19922.8 6627.25 6572.13 4165.15 3988.08 3760.25 379.567 227.833 2406.98 53.0161 2353.96 194.011 19.7948 172.615 2159.95 2044.17 148.771 45.1463 233.772 7.86972 6.12562 1895.4 1701.77 1037.43 664.339 629.057 372.154 97.094 488.541 2.70014
internal_count=605864 151730 150195 109906 108097 103259 5376 4838 40289 1334 38955 4292 463 1733 34663 31999 1980 717 2841 617 479 30019 20686 11364 9322 7184 4210 2630 6820 212
is_linear=0
shrinkage=0.15


Tree=61
num_leaves=31
num_cat=0
split_feature=9 9 9 3 3 1 0 14 14 9 4 2 7 0 6 2 3 2 9 9 0 8 1 4 7 4 5 7 0 4
split_gain=9.84576 105.907 69.3005 47.3429 64.956 46.059 50.0384 105.394 58.1504 61.454 71.3311 59.7391 71.2178 61.5215 56.8321 54.8797 125.472 52.6008 77.3816 69.1537 102.033 111.91 74.0457 66.7577 59.072 49.9939 45.3175 44.5868 44.5182 69.0964
threshold=0.29285715520381933 1.0000000180025095e-35 0.23611111193895343 0.94999998807907116 0.78888890147209179 0.9261208474636079 0.90345191955566417 0.41829130053520208 0.61764708161354076 0.88194444775581371 0.74388790130615245 0.76384067535400402 0.71714287996292125 0.86304691433906566 0.91204392910003673 0.71346470713615429 0.27922078967094427 0.78979855775833141 0.41428571939468389 0.86607143282890331 0.93549084663391124 0.83730381727218639 0.90803381800651561 0.92052632570266735 0.43095238506793981 0.6900656819343568 0.94380629062652599 0.60434782505035411 0.95285052061080944 0.87138131260871898
decision_type=2 2 2 2 2 2 2 2 2 2 2 2 2 2 2 2 2 2 2 2 2 2 2 2 2 2 2 2 2 2
left_child=1 -1 -3 4 5 6 8 -8 15 10 -10 -11 13 14 27 -2 -17 23 24 20 -20 -22 25 -9 -19 -23 -27 -13 29 -6
right_child=3 2 -4 -5 28 -7 7 17 9 11 -12 12 -14 -15 -16 16 -18 18 19 -21 21 22 -24 -25 -26 26 -28 -29 -30 -31
leaf_value=3.6022990321989488e-05 -0.0024960855268076638 -0.14266502695329761 -0.027754362425162611 0.065557548248693129 -0.14378764682372236 -0.054673181211603909 0.15031360153267015 0.034396258643108697 -0.037324957495933224 0.023666379171656749 0.093415487020232488 -0.65308705032697956 -0.031991194073840837 -0.090073443768685049 -0.95166528941998185 0.096619583495809333 -0.10683221350426156 -0.013757173463874712 -0.0039476153689712145 0.035299883609340443 0.0011306014144752922 -0.72459501165179063 0.053387174745603255 0.1819509952976173 0.075476706952288738 -0.22929242745662279 -0.53288313508780405 0.0044356306907827542 -0.002986024500380107 0.17003642056912768
leaf_weight=11947.926093725413 3491.7304302686598 186.34480427968265 322.37134835311736 271.51940553576515 162.97774218519399 280.21432092464693 146.51637491388556 416.54456292578107 120.48355223424733 190.9039969954174 425.47286615311168 4.6289322109660151 55.843868652940728 12.830931083357425 4.9784811364952466 87.732490734039402 306.39311252813104 304.55375189555343 196.6436852305269 181.04479925754276 61.201883020068635 5.8642024407163253 15.469500178238375 82.682617932383437 369.35133576541557 77.481170782411937 12.905680447351186 4.652814676752314 150.88439673988532 17.47871684783604
leaf_count=329250 109104 9164 9187 52752 1861 13678 2550 7897 635 9174 2869 303 4467 729 238 3106 3997 1646 1447 27723 2608 90 640 1546 1842 1867 146 229 4292 827
internal_value=-0.000237087 -0.00281791 -0.0698466 0.00407294 0.00175024 0.00488505 0.00742296 0.028178 -0.000826126 0.0354774 0.0645632 -0.0225115 -0.128806 -0.328374 -0.54279 -0.00848504 -0.0615438 0.0177966 0.00106576 -0.0406505 -0.0778574 -0.161906 -0.251219 0.0588345 0.0351498 -0.300176 -0.27264 -0.32348 -0.0631154 -0.113391
internal_weight=19915.6 12456.6 508.716 7458.99 7187.47 6856.13 6575.91 1870.26 4705.65 819.795 545.956 273.839 82.935 27.0912 14.2602 3885.86 394.126 1723.74 1224.52 550.611 369.566 172.922 111.721 499.227 673.905 96.2511 90.3869 9.28175 331.341 180.456
internal_count=605864 347601 18351 258263 205511 198531 184853 50002 134851 18644 3504 15140 5966 1499 770 116207 7103 47452 38009 34521 6798 5351 2743 9443 3488 2103 2013 532 6980 2688
is_linear=0
shrinkage=0.15


Tree=62
num_leaves=31
num_cat=0
split_feature=9 9 8 6 6 5 1 4 4 9 3 0 2 6 2 0 4 2 7 8 0 5 0 11 5 9 3 1 2 5
split_gain=10.12 65.3186 28.5532 43.8996 26.6939 26.3184 46.251 22.5668 41.5484 28.6903 27.0147 77.683 115.265 24.3967 23.9285 22.9531 26.2602 22.4192 25.6628 41.6675 62.37 51.7505 22.7348 21.8075 26.9085 42.5851 80.7039 21.2549 20.612 19.3604
threshold=0.64583334326744091 0.53571429848670971 0.5246713161468507 0.48497742414474493 0.99118927121162426 0.61392906308174144 0.69113358855247509 0.97937926650047313 0.93405798077583324 0.89444443583488475 0.60769233107566845 0.86861348152160656 0.79262283444404613 0.52753993868827831 0.84660631418228161 0.82666888833045971 0.9607692062854768 0.57804551720619213 0.11651583760976793 0.38583959639072424 0.63073775172233593 0.63416400551795971 0.85914573073387157 1.0000000180025095e-35 0.56981840729713451 0.29285715520381933 0.16025641560554507 0.41533938050270086 0.96808147430419933 0.85762819647789013
decision_type=2 2 2 2 2 2 2 2 2 2 2 2 2 2 2 2 2 2 2 2 2 2 2 2 2 2 2 2 2 2
left_child=1 4 5 -4 17 6 -2 8 -5 14 15 12 -12 -9 -10 16 -11 18 22 20 21 -20 -1 -21 25 -25 -27 -19 -17 -13
right_child=2 -3 3 7 -6 -7 -8 13 9 10 11 29 -14 -15 -16 28 -18 27 19 23 -22 -23 -24 24 -26 26 -28 -29 -30 -31
leaf_value=-0.10374935600843152 -0.07016826723277382 -0.10795581325378763 -0.11082141318447135 0.008080980697300056 0.077252913779614824 0.11005696800464893 0.10698139225649038 -0.17708811203024005 0.0736869346548535 -0.042288544225757618 -0.19295261000554922 -0.39829046947533209 -2.7900944419797837 0.055629123678137375 -0.1144209596408212 0.012620676524670157 -0.16832926545796981 0.13293763811877302 0.49138411966010387 -0.037912685658309631 0.097217208045620007 2.0016838447661809 0.077182232068239695 0.078522321780162357 0.0051899308823728551 0.25969358588959424 3.8759139610121802 -0.00013858089702056538 -0.17548102544936703 0.11129425296692723
leaf_weight=125.45933299753415 72.092994388932084 129.45238894033537 74.245621485226366 3003.6629243367406 97.551339372701477 111.43114069474535 61.405222795170005 10.535620483598903 65.74530909396708 81.367851005634293 0.9166648555546979 3.0110143087804317 0.66229063272476196 267.05195284070214 19.796999921440147 102.67254583582508 68.507158396154409 27.054844916156071 1.8850991623621696 522.34587415130227 13.731673118323668 0.70003402847214591 17.848989249236183 1.2181077487402934 431.24838333200751 0.36608997963048739 0.22370885773489135 14594.75427030311 15.02561997824523 3.7877488754456863
leaf_count=133207 3291 836 36894 84181 1517 3639 1237 370 421 1557 124 401 63 48148 352 6401 873 1356 284 27084 346 32 1608 447 18770 201 51 230411 890 872
internal_value=-0.000154392 -0.00183845 0.00663122 0.0033624 -0.0009709 0.056238 0.0113153 0.00568967 0.00229882 -0.0457454 -0.0692733 -0.33451 -1.28232 0.0467965 0.0301532 -0.0609687 -0.0999012 -0.0014558 -0.021958 -0.0132189 0.224462 0.900362 -0.0812144 -0.0172782 0.00761089 0.585094 1.63131 0.000107651 -0.0113928 -0.114389
internal_weight=19925.8 15963.8 3961.92 3716.99 15834.4 244.929 133.498 3642.74 3365.16 361.493 275.951 8.37772 1.57896 277.588 85.5423 267.573 149.875 15736.8 1115.03 971.719 16.3168 2.58513 143.308 955.402 433.056 1.80791 0.589799 14621.8 117.698 6.79876
internal_count=605864 416150 189714 181547 415314 8167 4528 144653 96135 11954 11181 1460 187 48518 773 9721 2430 413797 182030 47215 662 316 134815 46553 19469 699 252 231767 7291 1273
is_linear=0
shrinkage=0.15


Tree=63
num_leaves=31
num_cat=0
split_feature=14 3 9 11 14 14 7 7 5 7 7 9 9 14 13 8 14 6 5 4 9 14 1 4 6 8 4 5 6 5
split_gain=9.77171 11.3916 19.6957 9.95564 23.2068 63.6947 77.4776 68.3867 76.3647 38.2246 34.3279 35.2211 47.084 43.582 50.4647 109.521 46.0568 34.8808 34.7441 32.6705 31.2617 37.6211 32.7643 30.7799 66.7858 44.9148 30.5111 30.1201 28.1075 31.9612
threshold=0.91526335477828991 0.60769233107566845 0.23611111193895343 1.0000000180025095e-35 0.24978268146514895 0.41111835837364202 0.050641026347875602 0.23205128312110904 0.76667019724845897 0.1012820526957512 0.94590643048286449 0.095454547554254546 0.23611111193895343 0.5391930639743806 1.0000000180025095e-35 0.72104203701019298 0.7373788356781007 0.84384033083915722 0.78624334931373607 0.92940199375152599 0.64583334326744091 0.46535137295722967 0.61257407069206249 0.86240702867507946 0.55078604817390453 0.864302158355713 0.51668518781661998 0.64236229658126842 0.668217033147812 0.82886433601379406
decision_type=2 2 2 2 2 2 2 2 2 2 2 2 2 2 2 2 2 2 2 2 2 2 2 2 2 2 2 2 2 2
left_child=3 2 -2 -1 -5 6 -6 8 26 23 11 13 -13 14 15 18 -15 19 -11 -17 22 -22 -14 24 25 -7 27 -8 29 -23
right_child=1 -3 -4 4 5 9 7 -9 -10 10 -12 12 20 16 -16 17 -18 -19 -20 -21 21 28 -24 -25 -26 -27 -28 -29 -30 -31
leaf_value=-0.0039536673117937654 0.11132760672471706 0.084859662340785638 -0.072216336948644835 -0.0063439703714185409 -0.13061788019132323 0.37694417538554598 0.47760825513894145 0.020944299028394727 0.33261967916832785 -0.10165160906715573 0.11121373663802148 -0.15156312754185292 -0.10097997933770188 -0.015879577086790296 0.012956048999476444 0.32438717970852254 0.031343813873760201 0.065102620177876949 0.14787875754349228 0.14038537856051292 0.079728418403393647 -0.17707572284083081 -0.018412582843809568 0.041058503570106875 0.11255907542439858 1.2937499043426834 0.070391198658287177 0.057347656777288245 0.0052499659790878348 0.076030497274044054
leaf_weight=9404.3977156972978 20.447015766520053 65.347494973713765 36.88277550926432 3906.0296466556665 57.675642091169266 3.4043092567008015 8.3962256259984525 760.90325438169918 28.794632109909799 51.932480065501295 60.729611700982787 55.509961290517822 116.93480701041517 1352.3621957101277 320.56290838809218 50.328406499349512 707.94748862681445 33.397241888334975 16.557994890685222 38.184605419868603 148.06746834460318 39.870265325647779 1436.9381983045459 93.87693479337031 24.862628292175941 1.8587870309711432 362.17062456278882 7.0664722728834013 673.316242302506 15.62430534919258
leaf_count=270724 245 25038 2157 156262 29936 155 244 8685 800 392 5420 292 652 8813 2235 361 7486 263 227 245 2188 1687 14726 2855 238 86 14204 311 47391 1546
internal_value=-0.000157362 0.0420465 -0.00675428 -0.000419144 0.00278524 0.008299 0.0390935 0.0474786 0.0971553 0.00110299 -0.000890704 -0.00223683 -0.0149667 0.0100722 0.0492863 0.110453 0.000346955 0.195723 -0.0413261 0.245009 -0.0118473 0.0107973 -0.0246261 0.0833934 0.215316 0.700736 0.0792011 0.285549 -0.00320693 -0.105815
internal_weight=19900.4 122.677 57.3298 19777.7 10373.3 6467.27 1225.01 1167.33 406.428 5242.27 5118.26 5057.53 2486.26 2571.27 510.964 190.401 2060.31 121.91 68.4905 88.513 2430.75 876.878 1553.87 124.003 30.1257 5.2631 377.633 15.4627 728.811 55.4946
internal_count=605864 27440 2402 578424 307700 151438 54180 24244 15559 97258 93924 88504 68482 20022 3723 1488 16299 869 619 606 68190 52812 15378 3334 479 241 14759 555 50624 3233
is_linear=0
shrinkage=0.15


Tree=64
num_leaves=31
num_cat=0
split_feature=10 2 1 4 1 0 2 0 4 9 3 1 3 6 4 2 0 0 4 0 4 3 0 1 3 0 9 9 4 9
split_gain=9.57878 9.31729 49.4833 44.9606 58.6001 44.6313 73.6177 84.1084 55.6277 45.8674 36.0447 29.2425 31.1063 30.6567 27.517 30.6974 26.9979 106.221 72.8344 26.7779 28.011 53.7558 26.9027 26.4305 28.9851 24.9393 25.1631 43.603 42.1423 41.8469
threshold=1.0000000180025095e-35 0.89386734366416942 0.78526219725608837 0.92940199375152599 0.89498749375343334 0.95908567309379589 0.93957650661468517 0.97653886675834667 0.96824595332145702 0.38750000298023229 0.38750000298023229 0.93419912457466137 0.65151515603065502 0.668217033147812 0.99193549156188976 0.96178188920021068 0.91509157419204723 0.96189683675766002 0.88303694128990184 0.97653886675834667 0.97259759902954113 0.65151515603065502 0.98340842127799999 0.89498749375343334 0.58571431040763866 0.96189683675766002 0.29285715520381933 1.0000000180025095e-35 0.98074075579643261 0.23611111193895343
decision_type=2 2 2 2 2 2 2 2 2 2 2 2 2 2 2 2 2 2 2 2 2 2 2 2 2 2 2 2 2 2
left_child=-1 25 -3 16 14 9 7 8 -7 11 -10 13 -13 -6 -5 -16 -4 18 -18 -8 22 -22 -21 24 -19 26 27 -2 -28 -29
right_child=1 2 3 4 5 6 19 -9 10 -11 -12 12 -14 -15 15 -17 17 23 -20 20 21 -23 -24 -25 -26 -27 28 29 -30 -31
leaf_value=-0.15395511159072195 -0.0063477440775067768 0.13868389782255161 0.089269950296456374 -0.13854181277544722 0.063800984705593561 -0.012719094630481624 0.086862484805711848 0.17878998712953226 0.12758013321074707 -0.050032851495541798 -0.15517593550235032 -0.005487303534062884 0.22050529490798307 0.23197035285752018 -0.048138553064492322 0.30406781255544479 -0.16854645091405118 0.18275873184337213 0.044133084957192308 -0.14608401194220577 0.12097278299120803 -0.0013545263137147601 -0.024094392644310365 0.020255751889097375 0.043940553835799659 0.095174735024852686 0.00089847915948292935 -0.12849906786450793 0.053564415568703248 -0.022450795648702219
leaf_weight=9.1089541481887846 6352.0944938230514 61.259588830066605 119.50371525794617 107.04294163180703 46.206117696536239 122.48459418303537 78.453595387411042 27.851132370182313 10.701407265209125 65.630361422128772 194.66739734049042 76.29438924608985 16.704195752681699 51.658279598457739 59.051088856038405 6.1475294082192695 111.75974967161892 46.601417260128073 53.608636382210534 53.155153568892274 83.046530612085917 3025.413974092055 173.24933066526683 1906.0440746689392 123.61030329904497 58.682670508122101 6116.1765303843204 128.49554436294056 362.09282078513934 240.27274633700836
leaf_count=12887 246426 1637 2760 960 495 1960 1625 853 280 3353 2121 784 173 391 755 115 1398 1108 1153 612 1825 91525 3037 30572 2139 1645 161313 8110 16258 7594
internal_value=-0.000170596 -0.000100125 0.00449558 0.00324227 -0.00607188 -0.0024059 -0.00652615 -0.0714661 -0.0927253 0.0581388 -0.140442 0.0953349 0.035105 0.15257 -0.0917507 -0.0149293 0.0198015 0.0160981 -0.0996006 0.000241286 -0.0017965 0.00191361 -0.0527351 0.0253132 0.0819469 -0.00239494 -0.00282873 -0.00925883 0.00384216 -0.0594028
internal_weight=19887.1 19878 6620.15 6558.89 4197.76 4025.52 3769.02 355.705 327.853 256.493 205.369 190.863 92.9986 97.8644 172.242 65.1986 2361.13 2241.62 165.368 3413.32 3334.86 3108.46 226.404 2076.26 170.212 13257.8 13199.1 6720.86 6478.27 368.768
internal_count=605864 592977 151631 149994 110864 109034 103838 5214 4361 5196 2401 1843 957 886 1830 870 39130 36370 2551 98624 96999 93350 3649 33819 3247 441346 439701 262130 177571 15704
is_linear=0
shrinkage=0.15


Tree=65
num_leaves=31
num_cat=0
split_feature=8 6 7 7 1 8 0 6 5 5 6 3 7 1 7 8 8 8 7 5 14 5 9 9 7 6 5 6 0 8
split_gain=8.85728 69.3136 33.6544 27.4626 34.9621 29.0938 22.6592 21.9996 21.9488 29.2266 50.1218 31.9602 42.3566 33.5 31.9915 31.851 26.6843 25.6896 97.0864 58.0991 39.7811 44.1962 43.4948 36.2507 34.3625 37.528 31.1164 25.2244 28.9255 24.8613
threshold=0.86692708730697643 0.88796159625053417 0.0745370388031006 0.50999999046325695 0.52027395367622387 0.83796653151512157 0.93088835477828991 0.91394290328025829 0.91469547152519237 0.82106253504753124 0.6068190634250642 0.52272728085517894 0.45643940567970281 0.58092090487480175 0.27429467439651495 0.84101527929306041 0.79425507783889782 0.46693989634513861 0.070197045803070082 0.63005769252777111 0.29538774490356451 0.64752545952796947 0.080128207802772536 0.23611111193895343 0.22401433438062671 0.70986834168434154 0.66878256201744091 0.52449020743370067 0.8764738440513612 0.72349074482917797
decision_type=2 2 2 2 2 2 2 2 2 2 2 2 2 2 2 2 2 2 2 2 2 2 2 2 2 2 2 2 2 2
left_child=1 8 -2 4 -3 -6 -5 -7 9 17 -11 12 13 14 15 -12 -10 19 -19 -1 27 -22 24 -24 26 -26 -23 -20 -29 -28
right_child=2 3 -4 6 5 7 -8 -9 16 10 11 -13 -14 -15 -16 -17 -18 18 20 -21 21 22 23 -25 25 -27 29 28 -30 -31
leaf_value=0.00072683876922374595 -0.12835562308981732 0.46233859619675016 -0.0032781297797145632 0.020098842337651763 0.20064498350938664 -0.016281660806351805 0.09418735029238022 0.1716364795528644 0.0095028367545667881 0.1139511860974976 0.51540501320370891 -0.0094556785726054651 -0.0048253700859054388 0.043415110604893954 0.11546546562019105 -0.0034075081370123924 -0.063676111565888968 -0.1391653461148635 -0.12135480939920923 0.088170040849896172 0.040278649613549163 -0.040477347928955403 -0.17246573151180231 -0.029577182167197 -0.056079045505093968 0.015508460531400581 0.16529164046621597 -0.036478709245632027 0.39304675643952719 0.049753726419680483
leaf_weight=6403.8579078312387 48.700411797814922 6.2137185064784708 7909.1900923744806 447.27101106723421 38.51362171175424 48.811309573473409 117.22320353545365 19.664126917021349 195.18636748978315 119.94510589771562 9.3676109562493348 685.94280972808338 273.53958562205662 216.53255086067657 82.294781319296817 3.7196752564777844 263.43062705398734 133.07083592045456 98.647604858930208 175.65156247149844 462.72601934859267 56.689710585138528 42.037555426359177 803.99516903422955 237.35655131220119 538.73509961637319 60.868814688554266 199.04439941979217 3.5913016772246911 134.49524938133254
leaf_count=72848 54630 85 189508 6590 645 548 10341 382 6345 4716 299 14634 3210 2541 1287 75 4040 109532 64190 3577 8757 1246 525 14223 2487 5667 1079 19648 63 2146
internal_value=-0.000171075 0.00242329 -0.00404357 0.0490062 0.116435 0.0963455 0.0354841 0.0376829 -0.000395197 0.000976802 0.0212603 0.0125157 0.0382583 0.0760414 0.150108 0.367948 -0.0325313 -0.00204127 -0.0141557 0.00306129 -0.00785022 -0.00123653 -0.0114864 -0.036677 0.00924219 -0.00638556 0.0573612 -0.0591493 -0.0288663 0.0857514
internal_weight=19836.3 11878.4 7957.89 677.697 113.203 106.989 564.494 68.4754 11200.7 10742.1 1391.34 1271.4 585.454 311.915 95.3821 13.0873 458.617 9350.77 2771.26 6579.51 2638.19 2336.9 1874.18 846.033 1028.15 776.092 252.054 301.283 202.636 195.364
internal_count=605864 361726 244138 18591 1660 1575 16931 930 343135 332750 26762 22046 7412 4202 1661 374 10385 305988 229563 76425 120031 36130 27373 14748 12625 8154 4471 83901 19711 3225
is_linear=0
shrinkage=0.15


Tree=66
num_leaves=31
num_cat=0
split_feature=13 7 6 5 7 8 6 3 6 2 6 8 3 2 8 2 0 1 4 2 4 3 4 1 3 0 4 7 6 8
split_gain=8.51278 97.8461 41.3869 45.4694 45.9127 32.747 35.2324 27.4563 23.0866 22.4789 21.5885 34.5051 19.8727 33.2649 37.3074 21.3031 36.6715 32.9542 28.103 23.2648 32.4381 40.3694 26.8726 36.9729 25.9971 23.2564 22.4529 19.6603 46.4524 68.5254
threshold=1.0000000180025095e-35 0.053342817351222045 0.82938069105148327 0.89004361629486095 0.41885964572429663 0.79187294840812694 0.9095003902912141 0.31666667759418493 0.85770529508590709 0.81872946023941051 0.87280434370040905 0.89753684401512157 0.68333333730697643 0.73746865987777721 0.63403746485710155 0.94609126448631298 0.96672639250755321 0.87226107716560375 0.97646731138229381 0.74239632487297069 0.93969696760177623 0.44949495792388922 0.7731560766696931 0.81661394238471996 0.44949495792388922 0.88393548130989086 0.94201681017875682 0.76696833968162548 0.95256841182708751 0.95153459906578075
decision_type=2 2 2 2 2 2 2 2 2 2 2 2 2 2 2 2 2 2 2 2 2 2 2 2 2 2 2 2 2 2
left_child=-1 -2 7 4 10 8 -7 9 -6 -3 11 -4 15 -14 -15 16 17 19 -17 20 -9 -22 23 -21 -25 -23 -18 28 -5 -30
right_child=1 2 3 27 5 6 -8 12 -10 -11 -12 -13 13 14 -16 18 26 -19 -20 22 21 25 -24 24 -26 -27 -28 -29 29 -31
leaf_value=0.0015234510359106702 -0.13403201465945824 -0.079609677714533728 0.13452111123849908 -0.016277631933933862 0.081810667403133225 -0.021016189094190642 0.044540033823672075 0.0093080724561363758 0.33944693825324462 0.047103690751657726 0.15659392701516336 0.0098767262122034169 -0.12444393227098186 0.046786679648043741 -0.034821253921176881 0.029800479051011124 -0.0099106437112795407 0.06728012839228216 0.26042605780416139 -0.040267384156898615 -0.05848651344227887 0.20009429913899368 -0.065151538960388194 -0.13492319971417072 0.12573983032881994 0.55910020527678583 -0.1363230318130611 -0.076186182327989932 0.23561340212492046 0.018997493345795369
leaf_weight=15221.364437552787 130.18430032224933 229.87798199409008 85.721329846885055 963.03991169756046 33.072070156224072 407.97473780531436 336.68098355690017 199.3473386036203 10.251605822239069 36.501985185663216 73.47028252389282 119.82106341014151 72.870112103642896 157.50985166290775 630.87251819016819 47.082763249170966 59.517203222232638 175.06077518229722 15.904071612982078 119.89702878688695 11.138919856035502 15.318996553600302 209.7383400608087 9.8622163413092476 67.744293957206537 5.5239524237695141 67.431191703188233 87.478266289806925 41.062970678322017 164.46573125408031
leaf_count=364596 131111 70200 711 6352 272 2968 2513 5219 104 423 607 848 628 1694 6692 357 552 1578 95 1178 698 209 2635 189 581 98 405 499 381 1471
internal_value=-0.000183207 -0.00584971 -0.00210332 0.0117457 0.0345148 0.0159994 0.00862373 -0.017199 0.142775 -0.0622462 0.0868053 0.0618596 -0.0107642 -0.0274793 -0.0185169 0.00358053 -0.00207491 0.00962433 0.0880331 -0.00618169 0.0318064 0.172042 -0.0277604 0.011947 0.0926148 0.295241 -0.0770571 -0.00759623 -0.00246163 0.0622756
internal_weight=19805.8 4584.42 4454.24 2323.04 1066.99 787.979 744.656 2131.2 43.3237 266.38 279.013 205.542 1864.82 861.252 788.382 1003.57 940.58 813.632 62.9868 638.571 231.329 31.9819 407.242 197.504 77.6065 20.8429 126.948 1256.05 1168.57 205.529
internal_count=605864 241268 110157 16726 8023 5857 5481 93431 376 70623 2166 1559 22808 9014 8386 13794 13342 12385 452 10807 6224 1005 4583 1948 770 307 957 8703 8204 1852
is_linear=0
shrinkage=0.15


Tree=67
num_leaves=31
num_cat=0
split_feature=0 1 8 2 2 2 0 6 7 11 14 7 4 0 7 9 8 2 5 7 7 6 8 6 8 4 1 4 14 5
split_gain=8.46025 10.7045 35.4694 29.2797 22.707 31.3599 31.0372 20.8614 20.5028 19.1731 25.9365 21.109 32.4999 18.8429 18.6897 19.0912 18.1403 17.0496 16.8299 16.7991 16.5239 18.1784 16.1906 15.9382 44.293 15.7105 19.6213 14.8052 17.9715 14.4695
threshold=1.0000000180025095e-35 0.2237871587276459 0.98882645368576061 0.25677654147148138 0.37310734391212469 0.32466216385364538 0.54085317254066478 0.6553173065185548 0.22401433438062671 1.0000000180025095e-35 0.25658598542213445 0.92450141906738292 0.51887464523315441 0.53410792350769054 0.4463601559400559 0.29285715520381933 0.94274005293846141 0.21680375933647159 0.78938215970993053 0.4463601559400559 0.61721614003181469 0.95090004801750194 0.94466316699981701 0.72507309913635265 0.90797033905982982 0.39314988255500799 0.48050631582736975 0.35767590999603277 0.23931623250246051 0.67736679315567028
decision_type=2 2 2 2 2 2 2 2 2 2 2 2 2 2 2 2 2 2 2 2 2 2 2 2 2 2 2 2 2 2
left_child=-1 2 16 18 5 8 7 -6 -3 -10 14 -12 -13 25 15 -11 17 29 -4 -19 -18 -22 -15 -17 -25 -9 -27 28 -16 -2
right_child=1 4 3 -5 6 -7 -8 13 9 10 11 12 -14 22 27 23 20 19 -20 -21 21 -23 -24 24 -26 26 -28 -29 -30 -31
leaf_value=-0.11007376130760325 0.18722566496461041 -0.11787504112221249 -0.13159667956299159 0.1515715531556783 -0.088979488173571611 -0.074327284636197657 -1.3415999721792039e-05 0.22442454570192946 -0.031761548511689892 -0.088878321766637444 0.01455493371018827 0.075452689561136668 0.32421705302442227 0.61239762837581901 -0.023208901524379013 0.0029285902777990039 0.041552991197011599 0.096820553201651657 -0.021520877965933785 -0.051326483882347305 0.32504786101269023 0.10308493815862685 0.16046232919634471 0.45355181284651724 0.01630118744082433 -0.0033878191623206316 0.24239494684215079 0.0049403639286147326 -0.17104700062978348 0.044931956788018493
leaf_weight=15.754530318117757 17.485008285253571 36.365029154367221 36.98819780939084 19.72450353926979 11.762366845214272 213.1809522177391 18148.411193112282 16.361700755776837 276.99512184425839 12.132963015636049 71.338447522408387 52.465814565075561 15.251455860212443 3.1398766992497249 45.76336056785658 13.570452074600324 32.421188732187147 22.124180448827246 201.53047257167054 77.724230511114001 13.684945942834018 21.105467004701495 4.1290568062104285 9.4090184371452796 11.687573003349824 32.844897860370111 9.3996284218155761 98.178583620348945 31.056301949778572 199.98273612864432
leaf_count=264 3911 48516 421 212 6040 39237 485858 261 5398 1310 772 346 95 91 217 677 1490 4488 1156 415 96 131 93 122 95 355 636 608 121 2432
internal_value=-0.000196694 -0.000109072 0.0189308 -0.0240663 -0.00074937 -0.0241803 0.000391442 0.0950303 -0.00832423 -0.00207852 0.0207065 0.071495 0.13148 0.127886 -0.0111353 0.0730637 0.047807 0.0328128 -0.0385908 -0.0185004 0.118597 0.190395 0.35568 0.129741 0.211314 0.099633 0.0513001 -0.0336527 -0.0829762 0.0563728
internal_weight=19772 19756.2 642.771 258.243 19113.4 887.395 18226 77.6375 674.214 637.849 360.854 139.056 67.7173 65.8752 221.798 46.8 384.528 317.316 238.519 99.8484 67.2116 34.7904 7.26893 34.667 21.0966 58.6062 42.2445 174.998 76.8197 217.468
internal_count=605864 605600 14752 1789 590848 97514 493334 7476 58277 9761 4363 1213 441 1436 3150 2204 12963 11246 1577 4903 1717 227 184 894 217 1252 991 946 338 6343
is_linear=0
shrinkage=0.15


Tree=68
num_leaves=31
num_cat=0
split_feature=10 3 2 0 7 0 2 2 3 9 6 8 4 0 9 2 4 3 7 2 1 4 3 4 1 2 0 2 9 1
split_gain=7.77822 7.68259 28.7576 32.4929 43.5073 38.8712 147.083 75.5027 67.7587 40.1972 33.5563 56.8827 33.5413 53.5042 132.48 50.4557 44.8159 40.4772 42.1747 38.5728 32.1086 84.7833 30.1304 30.3905 28.1097 27.5243 31.3711 30.3976 30.0017 26.856
threshold=1.0000000180025095e-35 0.60769233107566845 0.59675306081771862 0.90205737948417675 0.25403225421905523 0.93287798762321483 0.78979855775833141 0.91545841097831737 0.88194444775581371 0.86607143282890331 0.61298429965972911 0.56994622945785534 0.73385417461395275 0.94815975427627575 0.38750000298023229 0.84877073764801036 0.73123827576637279 0.68333333730697643 0.35857143998146063 0.91922956705093395 0.91715687513351452 0.73727351427078258 0.72077924013137828 0.94201681017875682 0.84028983116149913 0.80788660049438488 0.93088835477828991 0.79262283444404613 0.81666666269302379 0.9833287000656129
decision_type=2 2 2 2 2 2 2 2 2 2 2 2 2 2 2 2 2 2 2 2 2 2 2 2 2 2 2 2 2 2
left_child=-1 29 -3 4 -4 6 20 8 25 12 11 -11 16 14 15 22 24 -18 -19 -17 21 -5 23 -14 -7 26 -8 -28 -27 -2
right_child=1 2 3 5 -6 9 7 -9 -10 10 -12 -13 13 -15 -16 19 17 18 -20 -21 -22 -23 -24 -25 -26 28 27 -29 -30 -31
leaf_value=-0.15364668682177066 -0.0023564160396075348 -0.093360432079524103 0.093135884551624235 0.0088992128030475001 0.0086403464541415405 0.030976915353743285 -0.10492953466932491 0.22260255236143184 0.077490409475935954 0.19891097108038208 0.13357423849840513 -0.15171978179034143 0.07719924950307247 0.0034939327512133241 -0.30988025936347291 -0.12532395426206594 0.33456897873129365 -0.023429617508855527 0.27026027000866448 0.16539521528692067 -0.07954800490134796 0.20258529086508498 -0.00037449971009398403 0.40961024180059119 -0.079812813457210793 -0.14891628107884486 -0.066143662307160178 0.32162184574039127 -0.4449527302560079 -0.11635781915768445
leaf_weight=7.4295547302608602 10679.009970432897 69.030557779784431 206.9427671741123 652.55974810095267 406.33564619577373 650.03803280056127 82.041215442819521 15.929396058752898 38.765524348593317 16.43907320146991 97.886774859187426 28.386435118271038 24.477953746216372 5932.4054315413341 41.432732210945687 105.19826485641534 19.145921484741848 32.095271423444501 16.739620896871202 11.379518186033236 74.480572057967947 55.148023661760817 124.98708913329756 8.2820613725343701 55.96383507468272 239.69777683721622 9.8894919102895074 8.4226546331192367 7.9583593072311478 46.698043398180744
leaf_count=12887 403514 1558 3833 8617 12093 6575 611 408 862 1045 54061 932 262 88025 535 917 192 527 159 97 1773 818 1617 70 415 2333 68 118 288 654
internal_value=-0.00019617 -0.000138468 0.0030848 0.00382759 0.0371523 0.00137993 -0.0237871 -0.0974409 -0.110622 0.00554195 0.0843535 -0.0231313 0.00394025 0.000291571 -0.0598739 -0.0221141 0.0333951 0.149714 0.0772414 -0.096946 0.014133 0.0239922 0.0331879 0.161236 0.0221948 -0.131576 -0.0653069 0.112209 -0.158429 -0.00285276
internal_weight=19765.2 19757.8 9032.06 8963.03 613.278 8349.75 1184.89 402.704 386.775 7164.86 142.712 44.8255 7022.15 6248.16 315.758 274.325 773.983 67.9808 48.8349 116.578 782.188 707.708 157.747 32.76 706.002 348.009 100.353 18.3121 247.656 10725.7
internal_count=605864 592977 188809 187251 15926 171325 15896 4688 4280 155429 56038 1977 99391 91523 3498 2963 7868 878 686 1014 11208 9435 1949 332 6990 3418 797 186 2621 404168
is_linear=0
shrinkage=0.15


Tree=69
num_leaves=31
num_cat=0
split_feature=8 6 8 6 9 14 5 9 5 8 7 6 6 8 4 7 8 6 13 14 7 0 13 7 11 7 6 8 7 6
split_gain=7.07904 30.7114 100.006 53.271 47.435 40.1336 30.5687 52.049 48.124 27.8464 27.0209 43.5192 34.4856 33.1053 31.2542 26.8734 44.49 32.965 29.3143 25.3051 25.0318 23.1762 22.7886 72.5107 22.592 27.1663 25.7723 46.5757 48.0731 30.7669
threshold=0.98657658696174633 0.92545253038406383 0.90943267941474926 0.96568545699119579 0.91883116960525524 0.33803233504295355 0.86296862363815319 0.23611111193895343 0.81745782494544994 0.9771421253681184 0.58578431606292736 0.99118927121162426 0.9074482023715974 0.99698793888092052 0.31866537034511572 0.50999999046325695 0.93357843160629284 0.95256841182708751 1.0000000180025095e-35 0.76190474629402172 0.75499999523162853 0.63927528262138378 1.0000000180025095e-35 0.053342817351222045 1.0000000180025095e-35 0.15075758099555972 0.85657143592834484 0.81096094846725475 0.42582418024539953 0.87026095390319835
decision_type=2 2 2 2 2 2 2 2 2 2 2 2 2 2 2 2 2 2 2 2 2 2 2 2 2 2 2 2 2 2
left_child=1 22 4 9 5 -3 7 8 -7 15 13 12 -12 -2 21 -4 17 -17 -19 -5 -8 -13 -1 -24 25 -25 -26 29 -29 -28
right_child=10 2 3 19 -6 6 20 -9 -10 -11 11 14 -14 -15 -16 16 -18 18 -20 -21 -22 -23 23 24 26 -27 27 28 -30 -31
leaf_value=0.0015746246311878521 -0.13529614486441091 0.40504852051250478 0.024841502821757854 0.010540688339257176 0.017634815167193493 0.046771739257030931 0.20064845035896192 0.13835727639106185 -0.18232746069967251 0.07516250584257142 0.020469422886406005 -0.060951312024479308 -0.064201155612180177 0.045889164307001698 0.02105480984627715 -0.060425876547727977 -0.079346856966922133 0.015510387504283135 0.22236349095857502 0.07894666703511076 0.067347742909642933 0.1178425736221045 -0.1312524401791714 -0.14036996749481737 -0.007534297710258488 -0.019017257829794739 0.075952068636124359 0.09017197712617743 -0.014884793784648357 0.34244386886100142
leaf_weight=12215.025681040897 24.663833380807773 9.743574010091832 162.09010857699468 331.90732056624256 232.36736275366275 80.89841504371725 86.132112185820006 99.942189036519267 27.6915107636014 59.908762567443773 136.86143031349638 190.79310694453306 517.39655998541275 283.51196072826133 650.61349645076552 147.6913947549474 369.74451432825299 202.8177583963261 16.682731784647331 192.09739188736421 50.152436270844191 17.837537500890903 111.13720514563829 42.774813292809995 1581.6809383039763 1399.5640951560963 23.490874721668661 142.68120397813618 312.96872898796573 16.661280827829614
leaf_count=282888 1405 116 2017 4158 13526 864 901 1045 253 963 1644 848 4921 14032 24930 1742 3828 7572 149 9182 737 933 126855 24757 48170 24005 172 1030 2039 182
internal_value=-0.000188012 0.000717822 0.0179013 -0.00284138 0.07031 0.104832 0.0963483 0.0602428 -0.0116508 -0.0238573 -0.00909672 -0.0173403 -0.0464893 0.0313886 0.00485482 -0.0304557 -0.0426184 -0.00563457 0.0312319 0.035618 0.151594 -0.0456648 -0.00152675 -0.0119602 -0.00819357 -0.0226162 0.00181963 0.03166 0.0180124 0.186534
internal_weight=19737.5 17915.9 2069.87 1482.94 586.928 354.56 344.817 208.532 108.59 958.935 1821.68 1513.5 654.258 308.176 859.244 899.027 736.936 367.192 219.5 524.005 136.285 208.631 15846 3630.96 3519.82 1442.34 2077.48 495.802 455.65 40.1522
internal_count=605864 557151 47053 29611 17442 3916 3800 2162 1117 16271 48713 33276 6565 15437 26711 15308 13291 9463 7721 13340 1638 1781 510098 227210 100355 48762 51593 3423 3069 354
is_linear=0
shrinkage=0.15


Tree=70
num_leaves=31
num_cat=0
split_feature=4 7 6 3 0 5 7 6 7 1 2 6 5 8 4 0 2 0 8 3 2 6 5 7 5 0 1 1 7 8
split_gain=7.09805 19.149 30.6438 19.304 15.7381 25.1904 24.9536 22.8368 19.6203 15.6877 47.4922 25.6408 18.0767 64.7333 51.0769 16.1181 33.9845 14.2567 13.1414 12.3654 12.2855 15.5929 12.1855 18.4619 11.6876 11.4703 22.8578 33.3642 10.9899 14.1811
threshold=0.48181217908859258 0.37715516984462744 0.77629497647285473 0.095454547554254546 0.83678606152534496 0.85273012518882763 0.35504202544689184 0.52753993868827831 0.20294117927551272 0.26138715445995336 0.40936473011970526 0.86755847930908214 0.80214715003967296 0.35859310626983648 0.64365079998970043 0.46490819752216345 0.27139568328857427 0.37279844284057623 0.65895724296569835 0.65151515603065502 0.1627137362957001 0.67806348204612743 0.776443511247635 0.70710784196853649 0.87623849511146557 0.50732460618019115 0.49253065884113317 0.63702240586280834 0.37715516984462744 0.72104203701019298
decision_type=2 2 2 2 2 2 2 2 2 2 2 2 2 2 2 2 2 2 2 2 2 2 2 2 2 2 2 2 2 2
left_child=1 2 4 24 5 20 7 18 -9 12 11 -11 13 14 -2 16 -13 -3 -6 -20 21 -1 23 -17 -4 26 -12 -28 29 -14
right_child=9 17 3 -5 6 -7 -8 8 -10 10 25 15 28 -15 -16 22 -18 -19 19 -21 -22 -23 -24 -25 -26 -27 27 -29 -30 -31
leaf_value=0.015408471367899405 0.26655203050131399 -0.065572603969083196 0.44025867616739095 0.084675237284440097 0.057118389056230665 0.16487421501191143 -0.40693346653263929 0.4062810866976711 0.12137345634127011 -0.094294293879122706 -0.042740362635555244 -0.038088600683655584 0.7662492231679271 -0.034045630193193191 2.9524351265459794 0.27524803274744924 0.25925075702976647 0.0062943535666200416 -0.16770176471752654 0.79302049531263596 -0.070745959231721015 0.50857110383934945 -0.046971475548622327 -0.030008264338717051 0.16601731179256615 -0.00037546350637062147 1.0400990276648929 0.15965670952685232 0.056846655631396688 0.16171214938014766
leaf_weight=7.0140015196675431 0.35359887549020541 65.657636575167999 7.7091286843642575 19.162770168279167 60.926439717713038 14.491448487679007 2.4343991886635186 7.0693403049081125 23.574939129000995 178.0166595184819 6.1311490618709268 23.53289445489645 0.97954627932631311 77.521203633345067 0.28992610289424192 6.8698289527092156 13.674583145417271 1148.5483149843858 8.8955794708072027 0.31200843921396959 71.208212118912343 1.8160430166171861 196.15495394903701 12.697249777847899 6.39880813943455 17558.803371009148 1.308781138436643 3.7237614030891564 149.22665990702808 8.0313827742356789
leaf_count=1906 98 349 156 156 1617 177 60 117 228 87025 351 147 84 12514 147 127 113 9861 2612 37 32445 62 1361 102 72 451867 104 267 1064 638
internal_value=-0.000179439 0.00993947 0.049524 0.182711 0.0271148 -0.0171032 0.067613 0.0790761 0.187099 -0.000981314 -0.00148547 -0.0506814 0.0374081 -0.0216084 1.47662 -0.0199858 0.0711903 0.00240818 0.0318767 -0.135147 -0.0500515 0.116835 -0.0357117 0.0771645 0.315874 -0.000278825 0.151718 0.388628 0.0665606 0.227429
internal_weight=19682.5 1445.22 231.013 33.2707 197.742 94.5297 103.213 100.778 30.6443 18237.3 18000.9 430.946 236.402 78.1647 0.643525 252.93 37.2075 1214.21 70.134 9.20759 80.0383 8.83004 215.722 19.5671 14.1079 17570 11.1637 5.03254 158.238 9.01093
internal_count=605864 49855 39645 384 39261 34590 4671 4611 345 556009 541464 88875 14545 12759 245 1850 260 10210 4266 2649 34413 1968 1590 229 228 452589 722 371 1786 722
is_linear=0
shrinkage=0.15


Tree=71
num_leaves=31
num_cat=0
split_feature=8 6 9 9 13 7 8 6 6 0 5 6 7 5 1 6 5 0 6 9 13 6 6 0 9 9 13 1 7 3
split_gain=6.96237 51.5125 32.1076 32.0201 38.1112 58.6443 34.555 47.6533 24.943 21.0294 19.5659 21.7188 29.1798 32.0897 22.8261 35.6906 28.8689 22.8104 20.9404 24.5326 41.9003 20.7301 20.4233 78.9207 18.2199 77.3716 32.734 28.388 20.3954 17.8704
threshold=0.86692708730697643 0.90338954329490673 0.91883116960525524 0.29285715520381933 1.0000000180025095e-35 0.73508772253990184 0.85201290249824535 0.91769802570343029 0.43256236612796789 0.85914573073387157 0.68285810947418224 0.66170939803123485 0.1012820526957512 0.76976552605628978 0.91922956705093395 0.97934588789939891 0.74645522236824047 0.91860401630401622 0.52092087268829357 0.080128207802772536 1.0000000180025095e-35 0.73247623443603527 0.43542899191379553 0.90205737948417675 0.43650794029235845 0.19090909510850909 1.0000000180025095e-35 0.98571139574050914 0.45643940567970281 0.5634920895099641
decision_type=2 2 2 2 2 2 2 2 2 2 2 2 2 2 2 2 2 2 2 2 2 2 2 2 2 2 2 2 2 2
left_child=1 -1 3 4 5 9 -5 -8 -2 -3 18 12 -12 -14 16 24 -13 -15 19 20 -10 -18 23 -21 25 26 -16 -26 -27 -17
right_child=8 2 -4 6 -6 -7 7 -9 10 -11 11 14 13 17 15 29 21 -19 -20 22 -22 -23 -24 -25 27 28 -28 -29 -30 -31
leaf_value=0.00032543236930656158 -0.10884321260992505 -0.068896171426761327 0.0026912530103014531 0.25021767099545983 0.13969429990414645 0.066380453634496253 -0.16083951176544589 0.16711541965689339 0.16870616699323973 -0.35727475460584329 0.12157173209006281 0.033360794788485616 -0.10411272773547438 -0.054739509472400895 0.096866267642521028 -0.064015929594393492 0.056698449453967056 0.069423983348260249 0.041285354884946113 -0.15001580926361469 -0.11678840394495438 -0.0046170841847029557 -0.13312919251940922 4.863322828534403 -0.023870472278384069 -0.23085786077265155 -0.033423706449380003 0.13664660691502079 -0.10524577706325557 0.1322398021223504
leaf_weight=11446.411199743445 50.413069114665632 10.467314117238859 143.60382739966735 47.35395148023963 53.046690415358171 47.56289341324009 14.208522293018175 33.409439996699803 24.802867562524625 12.465234937728381 22.321596051957385 529.44780519458436 151.33658318033849 81.566912740889165 48.374822488171048 13.649745078524573 126.88380923191289 56.248630517762649 390.86085439951421 0.33242278431134664 21.674020713143364 5580.8690082651692 41.590565696307749 0.089719679846893996 111.14409209712176 47.405699563678354 420.78906243131496 31.906369992706459 75.251318598631769 44.384249019669369
leaf_count=349641 59233 94 8848 721 484 1093 118 521 1285 206 6259 7582 9302 2965 2667 631 2170 1096 12239 505 10861 71599 10392 7 8495 640 4270 20755 1243 9942
internal_value=-0.000215913 0.00208757 0.0577881 0.0939968 0.0436523 -0.0286178 0.159486 0.0692583 -0.00367158 -0.225647 -0.00299365 -0.00491075 -0.0436708 -0.056427 -0.00319346 -0.0271658 -0.000145967 -0.00406289 0.026368 -0.0395225 0.0355687 -0.00325403 -0.122593 0.91549 -0.036109 -0.047721 -0.0199897 0.0119317 -0.153794 0.0860799
internal_weight=19679.9 11808.5 362.118 218.514 123.542 70.4954 94.9719 47.618 7871.34 22.9325 7820.93 7341.58 311.474 289.152 7030.11 792.905 6237.2 137.816 479.35 88.4896 46.4769 5707.75 42.0127 0.422142 734.871 591.821 469.164 143.05 122.657 58.034
internal_count=605864 361726 12085 3237 1877 1393 1360 639 244138 300 184905 149616 19622 13363 129994 48643 81351 4061 35289 23050 12146 73769 10904 512 38070 8820 6937 29250 1883 10573
is_linear=0
shrinkage=0.15


Tree=72
num_leaves=31
num_cat=0
split_feature=10 0 4 0 4 4 2 0 1 2 1 2 3 9 3 14 0 2 2 3 3 3 0 0 2 0 3 4 9 2
split_gain=6.93614 6.71277 43.1526 31.9959 167.144 48.0571 48.339 56.3762 45.9926 44.4625 52.9438 51.5549 52.9961 42.1089 40.4766 37.2194 40.5969 88.8455 64.5502 33.4539 30.6576 38.6922 29.6528 28.9987 28.8988 51.9575 40.3574 52.2573 39.2838 36.3204
threshold=1.0000000180025095e-35 0.91860401630401622 0.73385417461395275 0.94859060645103466 0.87138131260871898 0.92940199375152599 0.94609126448631298 0.97900569438934337 0.85847797989845287 0.80788660049438488 0.83424910902977001 0.88784062862396251 0.36931818723678594 0.43650794029235845 0.86607143282890331 0.56862422823905956 0.96672639250755321 0.91715687513351452 0.91715687513351452 0.72077924013137828 0.44949495792388922 0.52272728085517894 0.93634951114654552 0.94667077064514171 0.85592186450958263 0.82329207658767711 0.5634920895099641 0.90661337971687328 0.76388889551162731 0.73942819237709057
decision_type=2 2 2 2 2 2 2 2 2 2 2 2 2 2 2 2 2 2 2 2 2 2 2 2 2 2 2 2 2 2
left_child=-1 24 -3 4 8 -5 7 15 23 10 -6 12 -11 -13 19 -7 18 -18 -17 22 -14 -22 -10 -4 29 26 -26 -28 -27 -2
right_child=1 2 3 5 9 6 -8 -9 14 11 -12 13 20 -15 -16 16 17 -19 -20 -21 21 -23 -24 -25 25 28 27 -29 -30 -31
leaf_value=-0.15304490684430333 -0.00017944714035267911 0.02488800195046021 -0.082389526290705589 0.015742757598911937 0.14881356579830882 -0.0077954955221445806 -0.00010452977814891217 0.15567898654320841 0.055918442421675589 0.080010885660895786 0.018580326232411581 0.095464634880559937 -0.19493404996744818 -0.051904462583806946 0.088924052819553026 -0.060502813272284066 0.18763214423225599 -0.14508680055487766 0.16018928015708905 -0.2223281366621237 0.022190550460563917 -0.080790056778336061 -0.1744036801691464 0.0015130935537533432 0.23695750123317294 0.019236275053285078 0.12344641897505482 -0.10837434856876381 -0.14328294316408516 -0.024664864957804417
leaf_weight=6.6804613201347811 6635.8740512267359 1621.4416522778938 310.92644233384999 3385.9653825915575 108.39779422677475 329.33730193951851 3404.7707924163633 32.017341511367704 22.379401487043651 78.065817402638459 199.49618254248344 160.68399455004692 32.501469089649618 59.884517991163193 14.597851907659786 238.46118772221962 19.681266777974088 218.9030067876447 34.081898907665163 101.5574028086703 130.32513338110584 221.80262784480146 28.713970676180907 132.047554360699 39.19758856628232 239.85553776114284 79.474349680924206 30.190011297381716 38.890709742151557 1715.4367274761607
leaf_count=12887 325374 24768 5160 54613 2166 5300 98950 938 436 2437 4308 1710 676 3046 281 4716 833 2311 927 1092 2067 2654 488 2340 637 3081 1705 835 3015 36113
internal_value=-0.000227387 -0.000175472 0.00231328 -0.00163763 -0.020921 0.00239201 -0.00817673 -0.0396777 -0.0826824 0.0171034 0.0644305 -0.00422329 -0.0326716 0.0554538 -0.149701 -0.0471197 -0.0724577 -0.11764 -0.032905 -0.172521 -0.0555421 -0.0426762 -0.0735203 -0.0573787 -0.00326157 0.0347718 0.106321 0.0596274 -0.00343843 -0.00520898
internal_weight=19671.6 19665 10886 9264.6 1601.38 7663.22 4277.25 872.482 610.223 991.158 307.894 683.264 462.695 220.569 167.249 840.465 511.127 238.584 272.543 152.651 384.629 352.128 51.0934 442.974 8778.92 427.608 148.862 109.664 278.746 8351.31
internal_count=605864 592977 222217 197449 28861 168588 113975 15025 9797 19064 6474 12590 7834 4756 2297 14087 8787 3144 5643 2016 5397 4721 924 7500 370760 9273 3177 2540 6096 361487
is_linear=0
shrinkage=0.15


Tree=73
num_leaves=31
num_cat=0
split_feature=14 7 6 14 4 8 13 6 8 6 7 7 11 7 7 4 9 14 14 1 5 9 2 8 6 9 5 0 3 8
split_gain=6.51055 55.9038 55.2104 45.9089 68.2696 103.157 30.9235 35.9682 30.1914 27.9045 25.6681 22.4452 33.4571 44.5971 30.7265 30.4337 39.1055 52.8939 30.1547 33.2494 28.5649 28.0616 37.5237 30.7026 27.4627 23.2877 25.3043 27.7011 23.6671 22.4163
threshold=0.24978268146514895 0.050641026347875602 0.39296035468578344 0.28637890517711645 0.71547618508338939 0.26992064714431768 1.0000000180025095e-35 0.87815481424331676 0.96787095069885265 0.55580469965934765 0.19722222536802295 0.18301435559988025 1.0000000180025095e-35 0.16064515709877017 0.19722222536802295 0.92940199375152599 0.38750000298023229 0.46535137295722967 0.35297878086566931 0.73486831784248363 0.81745782494544994 0.074175827205181136 0.78979855775833141 0.75096899271011364 0.41446109116077429 0.58571431040763866 0.67363518476486217 0.86111742258071911 0.65151515603065502 0.34417416155338293
decision_type=2 2 2 2 2 2 2 2 2 2 2 2 2 2 2 2 2 2 2 2 2 2 2 2 2 2 2 2 2 2
left_child=6 9 3 10 5 -5 -1 -8 -9 -2 -3 12 13 -4 18 16 -14 20 19 -13 25 22 -15 -24 29 28 -27 -28 -18 -17
right_child=1 2 11 4 -6 -7 7 8 -10 -11 -12 14 15 21 -16 24 17 -19 -20 -21 -22 -23 23 -25 -26 26 27 -29 -30 -31
leaf_value=-0.002372310456347706 -0.13044999471255794 0.019783169414932914 -0.11137525384417632 1.40977223248907 0.117174355210151 0.022188987816143407 -0.093015622449933305 0.41004829223210715 -0.057316176277354108 0.40110415409584521 -0.25994857406422972 -0.020689100720460037 0.047540835701949148 -0.016390503906247272 0.00046870966441438905 -0.34932412891858161 0.20754979373871849 -0.090369036880910553 -0.16236557820139971 0.59614476672122707 0.54375784534352734 -0.052958675247414051 0.65881663229398113 0.17265089773333719 0.018861254809516777 0.031713763097055182 -0.026447165109712015 0.80946003187854665 0.55258537021152832 -0.0086486818668124136
leaf_weight=7074.933780173752 86.440787064622782 38.967119269787759 79.396994606102453 2.3357653753373588 109.03987097278252 2.4911868644412607 138.28018077821707 6.1380461095832271 6.3040079763159156 2.2807236111984812 9.1052169574513737 10.118185981904388 244.80284388211294 10.196695382212058 11370.673977693255 8.4893236222851574 13.113287375970687 12.789288616018892 47.184506138029974 2.4404511824250212 6.5509157461638088 18.994951436208794 5.0014098753454146 7.0322363758459687 304.65012365765142 18.736790826442306 1.52566930456669 2.147635835382971 6.7886466718628062 8.9035573709115834
leaf_count=157088 58687 1817 9763 36 3226 169 139961 117 89 76 121 592 7707 714 217936 74 474 220 389 24 95 409 85 111 4453 646 171 62 77 475
internal_value=-0.000223989 0.0018574 0.00271031 0.089718 0.141611 0.693641 -0.00380458 -0.0710356 0.173249 -0.116786 -0.0331999 0.00155346 0.0267067 -0.0456533 -9.50157e-05 0.0405941 0.074431 0.181204 -0.107387 0.0991768 0.252285 0.0809226 0.195319 0.374711 0.00839501 0.207158 0.102288 0.462275 0.325243 -0.17493
internal_weight=19655.9 12430.2 12341.5 161.939 113.867 4.82695 7225.66 150.722 12.4421 88.7215 48.0723 12179.5 749.12 120.622 11430.4 628.498 306.455 61.6522 59.7431 12.5586 48.8629 41.2253 22.2303 12.0336 322.043 42.312 22.4101 3.67331 19.9019 17.3929
internal_count=605864 308609 249846 5369 3431 205 297255 140167 206 58763 1938 244477 25536 11082 218941 14454 9452 1745 1005 616 1525 1319 910 196 5002 1430 879 233 551 549
is_linear=0
shrinkage=0.15


Tree=74
num_leaves=31
num_cat=0
split_feature=10 0 0 2 4 14 2 14 8 14 0 2 9 14 8 2 4 2 0 7 5 5 0 1 7 5 7 4 14 1
split_gain=5.8559 5.38713 7.42417 15.6783 18.9786 13.7051 12.1114 11.9624 12.5903 10.9869 11.5951 8.67496 9.74918 26.9448 29.8449 8.54838 8.47205 7.90973 7.63369 10.9678 17.1393 22.2732 14.1617 7.6226 13.9674 11.2493 32.0533 7.49269 7.38235 6.61363
threshold=1.0000000180025095e-35 1.0000000180025095e-35 0.41118326783180242 0.13484848290681842 0.15268065780401233 0.084222383797168746 0.18301435559988025 0.24978268146514895 0.98882645368576061 0.12384500354528429 0.68333920836448681 0.18301435559988025 0.91883116960525524 0.066434778273105635 0.864302158355713 0.1627137362957001 0.25211864709854132 0.31400561332702642 0.37279844284057623 0.54772728681564342 0.86778396368026745 0.76976552605628978 0.39687317609786993 0.19139194488525393 0.75499999523162853 0.63416400551795971 0.35857143998146063 0.51668518781661998 0.21450840681791308 0.2237871587276459
decision_type=2 2 2 2 2 2 2 2 2 2 2 2 2 2 2 2 2 2 2 2 2 2 2 2 2 2 2 2 2 2
left_child=-1 -2 5 9 6 11 -5 8 15 10 16 12 13 -3 -15 18 -4 -9 -7 20 21 22 -20 27 25 26 -25 -17 -27 -6
right_child=1 2 3 4 29 7 -8 17 -10 -11 -12 -13 -14 14 -16 23 -18 -19 19 -21 -22 -23 -24 24 -26 28 -28 -29 -30 -31
leaf_value=-0.15268224133860381 -0.090599189922260501 -0.022940358291262779 -0.18599596493441456 0.025101431710683023 0.019405469568571837 0.0079119038837225843 0.20738291208914589 0.1917996428769139 -0.042606296747501216 0.033266225492346355 0.080904229563051322 -0.17367417092687312 0.11565169177672492 0.3318989050811329 1.4550539007485941 0.10310175400526278 -0.035300537802117588 -0.011836684441263469 -0.15436506611552747 0.073868154260314803 0.085664634142992954 0.98113209084458519 0.59776671223086664 -0.15222709480077046 0.17207173499499817 -0.091984696343647199 1.1167955652289177 -0.057945856934102771 0.053518253594375051 -0.00080016189667001512
leaf_weight=5.6675451634437186 14.817283409181981 1.9815885432199145 28.410234671107901 16.867098405120487 371.65366625788374 19.330052086812429 15.963528281004981 13.616050510434436 77.638369022213737 15.563292086008003 6.0698219554906236 1.6041344606201153 10.511954708374105 1.5029989374743311 0.82424342502781645 25.648988041066332 11.914174676174296 6.2671201834746162 1.1210695193076412 22.830571632832289 4.7418052367866039 1.4255951216910032 1.1320287545677274 1.2514192848611845 7.0831077527254811 42.539845814113505 0.6974091026932 8.7063443153165263 9.6199617572019616 18892.076776641352
leaf_count=12887 261 286 533 298 9331 295 443 113 494 123 105 419 384 162 90 315 198 161 119 102 26 29 77 960 52 1640 12 157 84 575708
internal_value=-0.000232097 -0.00018809 -0.000119805 -0.000458021 -0.000216135 0.0250551 0.113734 0.0161148 0.00620735 -0.0757932 -0.112378 0.157677 0.193541 0.383562 0.729689 0.0321422 -0.141472 0.127614 0.0820054 0.127835 0.274157 0.517122 0.22353 0.00574538 -0.0260003 -0.051929 0.301906 0.062289 -0.0651492 -0.000410336
internal_weight=19639.1 19633.4 19618.6 19358.5 19296.6 260.075 32.8306 243.65 223.767 61.9575 46.3942 16.4249 14.8208 4.30883 2.32724 146.128 40.3244 19.8832 50.5811 31.2511 8.4205 3.67869 2.2531 95.5471 61.1917 54.1086 1.94883 34.3553 52.1598 19263.7
internal_count=605864 592977 592716 586739 585780 5977 741 4636 4362 959 836 1341 922 538 252 3868 731 274 648 353 251 225 196 3220 2748 2696 972 472 1724 585039
is_linear=0
shrinkage=0.15


Tree=75
num_leaves=31
num_cat=0
split_feature=1 3 0 3 2 1 2 1 3 8 9 9 6 0 9 1 2 3 1 0 0 4 3 1 0 4 2 0 7 1
split_gain=5.70852 61.4397 97.3755 58.9253 38.4961 104.85 73.1775 44.7801 51.9307 42.1774 40.9735 36.6363 35.644 31.8015 40.3061 55.4593 38.6687 73.2736 57.9891 57.3619 55.2979 52.1276 78.0377 46.6012 45.8547 54.5877 39.0744 37.9209 52.9637 57.5925
threshold=0.8263767957687379 0.5634920895099641 0.82329207658767711 0.81666666269302379 0.82167318463325512 0.70152652263641369 0.9261208474636079 0.82207000255584728 0.41428571939468389 0.98882645368576061 0.91883116960525524 0.76388889551162731 0.48724456131458288 0.91860401630401622 0.43650794029235845 0.80788660049438488 0.73942819237709057 0.16025641560554507 0.738795965909958 0.7929348647594453 0.89676007628440868 0.82952776551246654 0.65151515603065502 0.62988328933715831 0.86516058444976818 0.78297102451324474 0.75134408473968517 0.70030567049980175 0.60434782505035411 0.62575301527977001
decision_type=2 2 2 2 2 2 2 2 2 2 2 2 2 2 2 2 2 2 2 2 2 2 2 2 2 2 2 2 2 2
left_child=3 2 -2 4 13 9 7 8 -7 -6 -10 -4 -13 16 -15 -16 24 -18 20 -20 23 -21 26 -19 27 -26 -23 -1 -29 -30
right_child=1 -3 11 -5 5 6 -8 -9 10 -11 -12 12 -14 14 15 -17 17 18 19 21 -22 22 -24 -25 25 -27 -28 28 29 -31
leaf_value=0.00170621347741653 0.15503991492779562 -0.0020788288216216726 0.028861985727506166 0.1995011391894497 0.13428287935618963 0.021660812769254276 0.13232642015583004 -0.022637096507513294 -0.13097969384423783 -0.14294534728362779 -0.3724637118768333 0.25466889163480122 -0.077540771368588515 0.0078392256033711846 0.10862660375313968 -0.071569689814228968 0.076184785182391898 0.0096029602994264027 0.061519947586400822 -0.086040420652404317 -0.019988334872242164 0.086956207385685505 0.20342255790020378 -0.20291979037935462 0.0032476614325136701 0.063849643190636851 -0.053336961911853685 -0.0015862777103072838 -0.097683120934588238 -0.011234486721607999
leaf_weight=3159.4152866184872 132.69316566595717 8932.9095588697237 972.41594857880864 32.263844175104168 90.445009368550018 48.889741595761734 37.744549633760471 166.89098171455771 232.14618012674327 14.300011901199467 16.964435488000163 7.7428135665941218 118.20624540107383 1150.1316638627613 202.02472780612334 47.456915228256548 130.17551959024422 28.601037653366802 146.66390180958842 314.93595023828948 101.72438742527447 55.079247308545746 37.369507809256902 123.27661991414789 1084.0419206931556 483.62862525143646 236.32607906740122 836.13985638139229 373.70896224727039 323.48250593815465
leaf_count=229283 2050 192552 14171 663 4187 1590 693 2567 2381 586 435 112 8977 13463 5686 1848 5117 825 3132 4601 2666 1072 578 2469 25791 14455 3941 50200 4662 5111
internal_value=-0.000218532 0.00225056 0.0336659 -0.00286749 -0.00355903 -0.0400874 -0.0685375 -0.0848457 -0.119685 0.0964351 -0.147425 0.0190027 -0.0571179 -0.00104758 0.0196947 0.0743493 -0.00495246 -0.0299319 -0.0431638 -0.0231385 -0.105575 -0.0424272 -0.000649781 -0.162898 -0.000267524 0.0219435 -0.0268198 -0.00768738 -0.0270428 -0.0575727
internal_weight=19637.8 10164 1231.06 9473.83 9441.56 607.381 502.636 464.891 298 104.745 249.111 1098.37 125.949 8834.18 1399.61 249.482 7434.57 1174.15 1043.98 790.375 253.602 643.711 328.775 151.878 6260.42 1567.67 291.405 4692.75 1533.33 697.191
internal_count=605864 217862 25310 388002 387339 12439 7666 6973 4406 4773 2816 23260 9089 374900 20997 7534 353903 24401 19284 13324 5960 10192 5591 3294 329502 40246 5013 289256 59973 9773
is_linear=0
shrinkage=0.15


Tree=76
num_leaves=31
num_cat=0
split_feature=0 4 0 4 3 3 7 4 2 0 2 1 3 6 3 8 3 1 7 8 1 4 5 0 0 1 4 3 4 8
split_gain=5.45322 39.5068 51.2556 119.798 50.2776 51.5178 59.4408 46.9609 48.3594 45.7656 42.3394 41.6538 38.0059 28.6455 26.5372 26.0032 25.9378 30.7503 29.1553 28.4893 24.9699 35.6315 46.0665 32.0752 32.9431 23.8755 24.2989 28.6993 27.543 37.5555
threshold=0.94000121951103222 0.76533168554306041 0.95553839206695568 0.88603895902633678 0.44949495792388922 0.68333333730697643 0.4463601559400559 0.92637759447097789 0.94609126448631298 0.97900569438934337 0.90824913978576671 0.87570226192474376 0.38750000298023229 0.64019700884819042 0.38750000298023229 0.84101527929306041 0.52272728085517894 0.90501251816749584 0.60434782505035411 0.95720389485359203 0.96449580788612377 0.97259759902954113 0.72120738029479992 0.97719657421112072 0.98340842127799999 0.8263767957687379 0.7589399814605714 0.5634920895099641 0.71902412176132213 0.20902306586503985
decision_type=2 2 2 2 2 2 2 2 2 2 2 2 2 2 2 2 2 2 2 2 2 2 2 2 2 2 2 2 2 2
left_child=-1 4 3 11 -2 25 15 16 9 12 -5 -3 -9 -14 -10 -7 17 -4 -18 -20 21 23 -23 -16 -25 -6 27 28 -27 -30
right_child=1 2 7 10 5 6 -8 8 14 -11 -12 -13 13 -15 20 -17 18 -19 19 -21 -22 22 -24 24 -26 26 -28 -29 29 -31
leaf_value=-0.0024220368869037234 -0.142041403015639 -0.074914653402736536 0.11345885644737423 -0.013243878530619846 -0.10398042490615821 -0.0022380206651454204 0.083649054934836833 0.098892202971716331 -0.15540019772380367 0.1308829454228064 0.094637917416608944 -0.19624645010982822 -0.019030943230205242 -0.085693416734328912 0.16561158370868043 -0.094525188594833734 0.0083161234415162887 0.0043732584818903198 0.10988757515982005 0.011836055813118139 -0.0019660050831834005 0.24702557766517985 0.029193186198756035 -0.14891366556243724 0.025232545410966496 0.046418012218383937 0.033042587914742648 0.097624098543975871 0.73941861031659373 0.23854942302843393
leaf_weight=10987.160382999395 36.456967842380323 226.39326615345908 133.24495930050853 392.11492681750315 15.211522168967347 314.2713217056363 168.7964762133779 35.539385838586895 24.442966580345455 32.328010022647504 103.44624503768318 88.569372789468616 232.46048230276028 385.64786579541396 22.166949986218242 87.911303955828771 2244.9069445129944 103.15645349880106 133.11157328955596 133.58426110449363 3150.5449429818973 38.542917137616314 50.415860918728868 36.425617892367882 74.284847144459491 8.4960553070995974 121.67599052303194 219.01846089900937 4.6668179188563981 12.10516168664253
leaf_count=419570 1546 3015 3214 7588 255 4035 3555 991 569 938 2239 1000 3611 6107 383 1014 26395 2082 8303 4460 94136 467 1652 370 1441 204 1972 4329 63 360
internal_value=-0.000205568 0.00261632 -0.00103418 -0.0366982 0.0308323 0.0374515 0.00894339 0.00319762 -0.00700597 -0.0433334 0.00927598 -0.109034 -0.0519498 -0.0606227 0.000330215 -0.0224107 0.0183574 0.0658581 0.0138865 0.0607749 0.00145895 0.0501005 0.123573 0.000912324 -0.0320645 0.0801551 0.0878089 0.115087 0.266454 0.377917
internal_weight=19617.1 8629.94 7641.33 810.524 988.61 952.153 570.979 6830.8 4082.8 685.976 495.561 314.963 653.648 618.108 3396.82 402.183 2748 236.401 2511.6 266.696 3372.38 221.836 88.9588 132.877 110.71 381.174 365.962 244.286 25.268 16.772
internal_count=605864 186294 168961 13842 17333 15787 8604 155119 110665 11647 9827 4015 10709 9718 99018 5049 44454 5296 39158 12763 98449 4313 2119 2194 1811 7183 6928 4956 627 423
is_linear=0
shrinkage=0.15


Tree=77
num_leaves=31
num_cat=0
split_feature=14 7 6 14 4 8 13 6 6 8 6 3 7 5 2 9 4 5 9 5 6 7 8 3 6 9 7 14 14 4
split_gain=5.93301 46.6708 37.9399 30.8139 49.5667 90.5963 25.7628 23.6676 20.5898 20.2175 20.0156 19.6975 54.7954 20.4338 19.5527 39.9289 19.2741 19.2119 17.5125 23.7183 24.7623 31.6794 17.144 16.8149 27.0303 46.544 37.5241 94.073 66.9047 38.8522
threshold=0.24978268146514895 0.050641026347875602 0.39296035468578344 0.28637890517711645 0.7245689630508424 0.26992064714431768 1.0000000180025095e-35 0.92711785435676586 0.30517394840717321 0.63673019409179699 0.50641131401062023 0.5634920895099641 0.15504807978868487 0.52394729852676403 0.84273937344551098 0.29285715520381933 0.77459675073623668 0.62509179115295421 0.11805555596947671 0.61296001076698314 0.33775007724761968 0.13423423469066623 0.2927700281143189 0.68333333730697643 0.63271072506904613 0.89444443583488475 0.25403225421905523 0.58537280559539806 0.5391930639743806 0.85053193569183361
decision_type=2 2 2 2 2 2 2 2 2 2 2 2 2 2 2 2 2 2 2 2 2 2 2 2 2 2 2 2 2 2
left_child=6 10 3 11 5 -5 -1 -8 -6 16 -2 22 13 -13 15 -12 -10 18 -18 20 -20 -22 -3 -4 26 -26 27 -25 29 -28
right_child=1 2 23 4 8 -7 7 -9 9 -11 14 12 -14 -15 -16 -17 17 -19 19 -21 21 -23 -24 24 25 -27 28 -29 -30 -31
leaf_value=-0.0023502386121283985 -0.13296582714965469 0.27030332366818222 0.0047449724391925695 1.1424181113860796 -0.16796865833391053 -0.0080109330440234199 -0.079322397198622663 0.22891718755667101 -0.13763552192627165 -0.083299863996371154 0.089548517686993068 0.23871569838162304 -0.44364942448641181 -0.066987856021501674 0.033003802113857603 2.1377801403550807 0.045592372162862174 0.34351008711348296 -0.017615153544456866 -0.10685196180573053 0.57159010331429827 0.20596790988132818 -0.048309563770262166 0.011602003733142349 -0.019704201965840842 0.099581711441889972 -0.060154226958145339 0.19724243538066205 -0.17045912193809309 0.15612572074509765
leaf_weight=7065.5258958095947 73.657462802653754 7.7316916093533887 9135.7649512037897 2.8839449648530708 6.4604849913976059 3.3055141479708254 136.94089928113499 5.8439792282879344 5.6749524258251247 11.135555456756263 0.62528359422867552 6.6898904829577104 7.677251863179662 18.591199668255285 3.9286435437388718 0.32568866980727762 36.031664130619895 9.9862091406948803 7.3285501108712188 5.3878556729468974 6.9175806135899647 23.26348360597283 7.4722151271271287 456.22086280635631 2254.1447301918233 76.082427356530388 39.454609616786911 70.973873064736836 59.784196129010525 35.505808386991703
leaf_count=157088 58264 91 147274 41 112 212 140087 80 155 1315 332 142 159 482 138 29 689 220 154 64 130 339 1064 6055 34129 52915 663 679 1877 885
internal_value=-0.000204225 0.00178868 0.00252499 0.0736334 0.114789 0.528025 -0.00362503 -0.0667066 0.0919904 0.107875 -0.113475 -0.0275213 -0.0926749 0.0139075 0.180732 0.791026 0.130381 0.147487 0.122686 0.187441 0.229713 0.289769 0.113716 0.00154854 -0.00821088 -0.0158095 0.0185385 0.0365939 -0.0521041 0.0422891
internal_weight=19581.3 12373 12294.5 166.538 118.376 6.18946 7208.31 142.785 112.186 105.726 78.5371 48.1622 32.9583 25.2811 4.87962 0.950972 94.5903 88.9153 78.9291 42.8975 37.5096 30.1811 15.2039 12127.9 2992.17 2330.23 661.939 527.195 134.745 74.9604
internal_count=605864 308609 249846 5369 3431 253 297255 140167 3178 3066 58763 1938 783 624 499 361 1751 1596 1376 687 623 469 1155 244477 97203 87044 10159 6734 3425 1548
is_linear=0
shrinkage=0.15


Tree=78
num_leaves=31
num_cat=0
split_feature=14 10 2 1 4 1 3 4 3 0 2 4 13 0 6 0 14 0 2 0 3 0 0 3 0 1 11 3 3 0
split_gain=5.10921 5.03554 4.68118 26.5368 20.6847 32.7986 23.8099 20.3733 21.5746 17.6601 31.4465 51.3976 24.7543 24.3828 21.3488 20.6804 20.6071 18.622 22.0209 27.7164 21.8649 19.1941 17.4205 16.4008 16.3637 21.8256 16.3557 23.3923 18.867 24.6558
threshold=0.97934588789939891 1.0000000180025095e-35 0.89386734366416942 0.78526219725608837 0.92637759447097789 0.89498749375343334 0.94999998807907116 0.99193549156188976 0.60769233107566845 0.95908567309379589 0.93957650661468517 0.96362435817718517 1.0000000180025095e-35 0.91744014620780956 0.69452759623527538 0.97506099939346325 0.83437529206275951 0.97584113478660595 0.91922956705093395 0.96805173158645641 0.58571431040763866 0.96672639250755321 0.97653886675834667 0.41428571939468389 0.96189683675766002 0.88273489475250255 1.0000000180025095e-35 0.44949495792388922 0.5634920895099641 0.98131763935089122
decision_type=2 2 2 2 2 2 2 2 2 2 2 2 2 2 2 2 2 2 2 2 2 2 2 2 2 2 2 2 2 2
left_child=1 -1 24 -4 6 7 -5 -6 -9 12 11 15 16 -14 -15 -11 -7 18 19 23 -20 -22 -12 -13 -3 -26 -24 -28 -29 -30
right_child=-2 2 3 4 5 9 -8 8 -10 10 22 17 13 14 -16 -17 -18 -19 20 -21 21 -23 26 -25 25 -27 27 28 29 -31
leaf_value=-0.15280239434124415 0.12930483140735188 -0.0022060426533338363 0.1018840697738025 0.01217301885709853 -0.1183284038116242 0.034210581193723277 0.19064933108118762 -0.045213928432318501 0.19790082744941842 0.0046845329351244023 0.069336771887787946 0.16149308105641733 -0.10229693174025524 -0.040801803086903045 0.19985876185902829 0.17742959848480469 -0.083742101658417126 0.056484370982572592 0.00018396372227358378 0.22399209549248025 0.020014064056525213 -0.19283720160388121 -0.012695478615809854 -0.095926445009177505 0.29815994257998146 0.039416694216761763 -0.19343737289916726 0.10771710375475874 -0.13748951320516054 0.0096682181996063533
leaf_weight=4.8665407441112611 6.8525773076980832 12962.748785993845 60.59128870904442 2308.2074971384081 89.801416155372863 161.52136645700011 16.941633634996833 50.234129145392217 9.8182264920906146 94.939600309433445 79.605685324229853 6.1408990776981218 9.7399517891462875 10.18194095927174 44.720323032932356 18.657303826854331 41.989690460730344 17.53968917137172 20.00021638389444 7.9829445623909114 10.617326564824905 93.275636888036388 1582.1486814537202 59.778687877187622 8.5553042177052685 51.432711187622772 12.823737797440115 43.257095286635376 26.021532882514293 1649.5961324456412
leaf_count=12887 7534 438400 1637 38163 977 2603 529 694 176 1567 1627 118 71 384 223 530 1980 485 427 229 218 760 40902 910 274 1284 269 898 348 48760
internal_value=-0.000193748 -0.00023913 -0.000201151 0.00307777 0.00215182 -0.00420615 0.0134734 -0.0731 -0.00546602 -0.00161903 -0.00429729 -0.04858 0.0355594 0.116425 0.155227 0.0330564 0.00987384 -0.0916461 -0.104782 -0.0399787 -0.143437 -0.171085 -4.89978e-06 -0.0719459 -0.00184433 0.0763179 -0.00167063 0.0084021 0.00990793 0.00738293
internal_weight=19560.6 19553.7 19548.9 6526.13 6465.54 4140.39 2325.15 149.854 60.0524 3990.54 3722.39 328.932 268.153 64.6422 54.9023 113.597 203.511 215.335 197.796 73.9025 123.893 103.893 3393.45 65.9196 13022.7 59.988 3313.85 1731.7 1718.87 1675.62
internal_count=605864 598330 585443 145485 143848 105156 38692 1847 870 103309 98048 5244 5261 678 607 2097 4583 3147 2662 1257 1405 978 92804 1028 439958 1558 91177 50275 50006 49108
is_linear=0
shrinkage=0.15


Tree=79
num_leaves=31
num_cat=0
split_feature=5 6 3 1 0 3 3 7 1 4 1 2 4 1 7 0 2 0 14 13 2 1 6 5 6 0 1 0 4 0
split_gain=5.00824 29.9038 18.2507 28.6531 21.3919 20.9939 20.7423 43.5368 40.6684 28.6324 36.1572 33.2683 27.4628 24.0956 20.2282 21.6497 21.2142 36.5312 19.9273 19.1089 18.6851 24.4696 18.5108 18.1612 37.1252 18.8122 27.0342 18.0507 17.2662 17.2262
threshold=0.82333505153656017 0.56455472111701976 0.94999998807907116 0.91922956705093395 0.9666518270969392 0.5634920895099641 0.72077924013137828 0.41885964572429663 0.70152652263641369 0.82650500535964977 0.81661394238471996 0.79262283444404613 0.85239651799201976 0.85565474629402172 0.4463601559400559 0.92677852511405956 0.8521554470062257 0.94859060645103466 0.67047616839408886 1.0000000180025095e-35 0.84877073764801036 0.75582656264305126 0.97373351454734813 0.89004361629486095 0.77629497647285473 0.83169281482696544 0.60120481252670299 0.75065314769744884 0.68469786643981945 0.47787250578403478
decision_type=2 2 2 2 2 2 2 2 2 2 2 2 2 2 2 2 2 2 2 2 2 2 2 2 2 2 2 2 2 2
left_child=-1 -2 3 4 6 -6 7 8 23 10 -10 -11 14 20 -8 -16 -17 -18 -15 -4 -9 -22 -5 25 28 29 -27 -20 -25 -3
right_child=1 2 19 22 5 -7 12 13 9 11 -12 -13 -14 18 15 16 17 -19 27 -21 21 -23 -24 24 -26 26 -28 -29 -30 -31
leaf_value=-0.0018983688660154071 0.087655628559056245 0.14128876772168503 0.11633744121569127 -0.034429342594643274 0.14080499421581708 0.026530616009193587 -0.055271182610202772 -0.0026026156436940746 -0.004187120154792643 0.061105461859747232 0.10570336960551388 -0.059701981714255462 0.21387756654202825 0.18561137079460668 -0.067839924877926797 0.068016396777688032 -0.23035700549179555 0.0076058009371823554 0.19203139146396239 -0.00076899097648629904 0.060594541519300889 -0.10881281554026297 0.064029072380814192 0.20699336505613636 0.084825951215858841 0.22502493669997989 0.057552759831453491 0.020252489937293849 0.4996030352390925 -0.01183608981896069
leaf_weight=12912.753146552302 92.950208629825283 20.438051677891053 63.630201811349252 648.49220198707189 45.614615766720817 174.74722946013208 296.2883853519379 3490.1549194731779 145.82502330561329 72.757211915166408 125.21629537746776 173.82419777305404 10.886024597217327 18.378545744752046 85.57119142182637 113.6345364585286 16.215967243770137 138.4108151732944 14.244780808920039 61.801883447449654 25.422546024135954 78.180787422752474 46.012067420582753 10.644444716963337 52.423098604670486 30.773840646834287 73.452103555025133 407.6101220769342 7.9084124260170929 86.4555511661747
leaf_count=465626 5202 352 35747 13337 1461 3476 2174 43383 1290 733 1379 1528 266 506 1165 2194 106 3213 302 3166 1631 986 2881 136 685 510 687 9645 159 1938
internal_value=-0.000177909 0.00317393 0.00197231 0.0008634 0.00435953 0.0501853 0.00252173 0.00592981 0.0379024 0.0129311 0.0465803 -0.0240561 -0.0224004 -0.000408604 -0.0263568 -0.00214471 0.018811 -0.0173498 0.0327141 0.0586377 -0.00446611 -0.067243 -0.0279063 0.0837229 0.149364 0.0616552 0.107001 0.026053 0.331722 0.0174414
internal_weight=19540.7 6627.97 6535.02 6409.58 5715.08 220.362 5494.72 4833.71 799.718 517.623 271.041 246.581 661.007 4033.99 650.121 353.833 268.261 154.627 440.233 125.432 3593.76 103.603 694.504 282.096 70.976 211.12 104.226 421.855 18.5529 106.894
internal_count=605864 140238 135036 96123 79905 4937 74968 65850 9397 4930 2669 2261 9118 56453 8852 6678 5513 3319 10453 38913 46000 2617 16218 4467 980 3487 1197 9947 295 2290
is_linear=0
shrinkage=0.15


Tree=80
num_leaves=31
num_cat=0
split_feature=6 8 13 9 9 7 14 1 0 6 8 13 9 7 0 3 2 5 1 4 3 3 3 4 7 3 4 5 7 7
split_gain=4.67963 85.1502 38.3186 28.7776 65.1201 51.0249 25.1377 35.2044 29.3869 28.7886 29.2326 34.4757 28.2989 27.8236 24.8057 85.7819 24.2064 23.7945 21.5742 28.7492 61.0801 21.1474 20.5372 21.4219 29.2691 18.2456 35.2217 17.4638 17.4599 16.7428
threshold=0.92711785435676586 0.90943267941474926 1.0000000180025095e-35 0.23611111193895343 0.38750000298023229 0.79057019948959362 0.5391930639743806 0.59675306081771862 0.72896364331245433 0.96309912204742443 0.95720389485359203 1.0000000180025095e-35 0.23611111193895343 0.50999999046325695 0.72103068232536327 0.19090909510850909 0.56374141573905956 0.98401230573654186 0.45199692249298101 0.52223318815231334 0.38750000298023229 0.240384615957737 0.080128207802772536 0.31866537034511572 0.87228259444236766 0.21111111342906955 0.74133810400962841 0.82604670524597179 0.78019323945045482 0.89736840128898632
decision_type=2 2 2 2 2 2 2 2 2 2 2 2 2 2 2 2 2 2 2 2 2 2 2 2 2 2 2 2 2 2
left_child=17 2 3 5 28 21 14 8 -8 13 11 12 -11 -9 15 16 22 -1 -17 -20 -21 -2 23 24 -3 26 -15 -7 -5 -6
right_child=1 6 -4 4 29 27 7 9 -10 10 -12 -13 -14 25 -16 18 -18 -19 19 20 -22 -23 -24 -25 -26 -27 -28 -29 -30 -31
leaf_value=-0.0013241502570641649 0.024180770804508336 0.097899292707645136 0.15697074851009099 0.25614100397793582 0.053391150932454452 0.13209957416343643 -0.15600026253467666 0.027170602823823872 -0.0043953422727231279 -0.1241600376645916 -0.0043327971814243055 0.20677860825811631 0.069783185214624177 -0.13349655011210573 -0.060051030608358452 0.080957676732865094 0.092292638999979248 0.26776606233379924 0.11883346814824847 0.64741142308332322 0.12010984989967853 -0.21130515632535637 -0.12777165665732515 0.020416385055264288 -0.054503915761131304 -0.052424579631825549 0.11406974074085707 -0.055206075340967761 0.031519858762248255 -0.032402697927865119
leaf_weight=16252.303472001495 11.671347930561749 32.976258923299611 77.260610459023155 43.433595684007742 256.24497014394728 34.518953164573759 72.373660029610619 150.42757982047624 47.747217508149333 21.210833708522841 577.83856386708794 32.803772808867507 83.833371449567494 19.0208576512523 97.93079775962542 22.924966546474025 70.621228731237352 7.3970763036340932 16.171657177153975 10.065382955130191 9.7117300378158671 32.399738732376136 27.022814939729869 588.46714113815688 202.2496370524168 588.99827060775715 40.381888343137689 16.579365370213054 9.4868430381175113 63.953187140024966
leaf_count=528789 90 195 703 388 11455 586 689 2024 1023 342 29217 345 6244 193 2575 222 422 257 221 124 84 224 102 3395 954 11162 932 354 64 2489
internal_value=-0.000162003 0.00502645 0.0590991 0.0429517 0.0617313 -0.0306753 -0.00584773 -0.0175744 -0.0957384 -0.011375 0.010474 0.0725418 0.0306216 -0.0309499 0.0119318 0.0191234 0.00790633 -0.00120173 0.194664 0.267176 0.388475 -0.148941 0.000901097 0.00512245 -0.0331385 -0.0444337 0.0347986 0.0713264 0.215874 0.0362555
internal_weight=19518 3258.33 545.549 468.288 373.119 95.1694 2712.78 1634.64 120.121 1514.52 715.687 137.848 105.044 798.829 1078.14 980.211 921.337 16259.7 58.8737 35.9488 19.7771 44.0711 850.716 823.693 235.226 648.401 59.4027 51.0983 52.9204 320.198
internal_count=605864 76818 16353 15650 14396 1254 60465 52171 1712 50459 36148 6931 6586 14311 8294 5719 5068 529046 651 429 208 314 4646 4544 1149 12287 1125 940 452 13944
is_linear=0
shrinkage=0.15


Tree=81
num_leaves=31
num_cat=0
split_feature=3 3 0 2 1 8 0 1 7 3 3 14 14 4 2 4 4 8 0 1 2 1 3 4 1 0 6 4 4 1
split_gain=5.26992 40.2522 126.002 94.1985 56.2248 51.7057 41.2459 65.579 52.7279 38.1707 48.8631 28.0553 58.5007 33.1128 26.4145 36.9178 42.7608 28.6122 44.1668 27.4831 24.8952 41.1534 41.0578 50.115 35.6405 30.7792 23.8485 23.7905 30.3206 30.9918
threshold=0.43650794029235845 0.38750000298023229 0.82000502943992626 0.87226107716560375 0.79795917868614208 0.73706510663032543 0.86516058444976818 0.88273489475250255 0.13423423469066623 0.29285715520381933 0.16025641560554507 0.5391930639743806 0.66591396927833568 0.74133810400962841 0.7282196879386903 0.81909090280532848 0.692928045988083 0.24336075037717822 0.92501050233840953 0.7282196879386903 0.62988328933715831 0.63373982906341564 0.58571431040763866 0.71081870794296276 0.60495716333389293 0.86111742258071911 0.64019700884819042 0.93405798077583324 0.99193549156188976 0.6696164906024934
decision_type=2 2 2 2 2 2 2 2 2 2 2 2 2 2 2 2 2 2 2 2 2 2 2 2 2 2 2 2 2 2
left_child=1 6 4 -4 -3 -6 8 9 -1 10 26 27 -13 -14 19 16 -16 18 -17 -11 22 25 23 -2 -24 -22 -8 -10 29 -29
right_child=20 2 3 -5 5 -7 7 -9 11 14 -12 12 13 -15 15 17 -18 -19 -20 -21 21 -23 24 -25 -26 -27 -28 28 -30 -31
leaf_value=-0.092250416420138981 0.0040360071579873943 0.033097421543187872 -0.1060879700765999 0.0492168675854208 0.64513809396517063 0.16532829163712667 0.0030262111108330771 -0.070828960691247125 0.0071938207391796455 0.16173138159440451 -0.04703590818719583 -0.05528579182138689 -0.099638790553545617 0.087142135991460895 0.21485254100863307 0.054410294492965715 -0.10332328589100033 0.071752050746030832 0.55474795046837877 -0.20562941418508426 -0.16375586654020904 0.00093401719849570738 0.12185735548481198 0.11568118879274789 -0.039834427882803031 -0.022537127904595652 0.10082698514047359 -0.094019144474211683 0.029839628441020886 0.12960845766485002
leaf_weight=152.28068566045613 170.91363978716618 116.00016609953309 413.09696715698919 111.61591694500748 6.1733291214623014 27.855161473911721 96.389693190122216 123.43602220959383 3003.0111608989791 102.69094523275999 164.64090463626235 498.28673484030878 26.083303911611438 117.82359422172885 11.703536219225496 8.7261796414386499 50.562144834693754 160.99050329889724 7.282595296856015 4.7960855577985049 58.302936704481908 13139.440789134056 35.914472739645134 192.1836210592628 210.15005321714307 85.873369500815897 134.21110818282341 164.67840484411863 94.527972593288723 15.233562805151449
leaf_count=199886 3040 3383 13873 2015 95 386 4685 2819 62173 4642 9961 5034 362 2329 314 125 2191 4502 128 260 793 258497 557 3212 3975 1505 8034 4666 2250 172
internal_value=-0.000147866 -0.00402717 -0.038391 -0.0730518 0.0828322 0.252374 0.000669016 0.0304075 -0.00565147 0.0472489 0.0153824 -0.00228705 -0.0309559 0.0532879 0.0835716 0.055823 -0.0435186 0.0907698 0.28202 0.14534 0.00141921 5.94474e-05 0.0310707 0.0631286 -0.0162346 -0.0796441 0.0599469 0.00333042 -0.0389442 -0.0750841
internal_weight=19504.9 5612.1 674.742 524.713 150.029 34.0285 4937.36 865.43 4071.93 741.994 395.242 3919.64 642.194 143.907 346.752 239.265 62.2657 176.999 16.0088 107.487 13892.8 13283.6 609.162 363.097 246.065 144.176 230.601 3277.45 274.44 179.912
internal_count=605864 334285 19752 15888 3864 481 314533 37661 276872 34842 22680 76986 7725 2691 12162 7260 2505 4755 253 4902 271579 260795 10784 6252 4532 2298 12719 69261 7088 4838
is_linear=0
shrinkage=0.15


Tree=82
num_leaves=31
num_cat=0
split_feature=8 6 8 6 9 6 8 6 9 5 9 6 7 13 5 6 8 6 13 7 5 6 7 7 0 8 5 8 9 9
split_gain=4.54773 37.5681 24.8122 21.0146 26.7818 20.7233 19.8474 23.6904 19.1546 18.739 18.4267 24.1646 19.3814 37.6977 15.451 15.8994 55.6965 37.1577 31.019 30.8748 21.82 19.8523 28.168 21.2252 30.4268 20.6829 20.2006 18.1393 22.5921 51.293
threshold=0.86692708730697643 0.88796159625053417 0.81096094846725475 0.8948570489883424 0.84523808956146251 0.47083130478858953 0.85023364424705516 0.91939309239387523 0.64583334326744091 0.86296862363815319 0.29285715520381933 0.90338954329490673 0.75499999523162853 1.0000000180025095e-35 0.67602732777595531 0.92711785435676586 0.91362464427948009 0.8948570489883424 1.0000000180025095e-35 0.76696833968162548 0.9736832082271577 0.96309912204742443 0.67424243688583385 0.50999999046325695 0.8020712435245515 0.92888745665550243 0.98126646876335155 0.95720389485359203 0.84523808956146251 0.43650794029235845
decision_type=2 2 2 2 2 2 2 2 2 2 2 2 2 2 2 2 2 2 2 2 2 2 2 2 2 2 2 2 2 2
left_child=1 -1 8 -4 6 -2 9 -8 -3 10 12 -12 13 -5 -7 17 18 19 -17 27 -19 23 -23 -18 -25 -26 -27 -16 29 -29
right_child=5 2 3 4 -6 14 7 -9 -10 -11 11 -13 -14 -15 15 16 21 20 -20 -21 -22 22 -24 24 25 26 -28 28 -30 -31
leaf_value=-0.00036149905179241833 -0.078631345701139374 0.18146850652135657 -0.043933038289949045 -0.16730383041650312 -0.0071686887302827157 0.026538662903683365 -0.032928559880805487 0.084241403533653045 0.014271266224270199 0.16991876970443981 0.020049042537971108 0.22978289699278878 0.12394232379035368 0.14728957225690809 -0.012102921155422292 0.033162715808122196 0.027690403994472205 -0.035929709387658069 0.13592247976119778 0.07838091277609989 0.092682124079677505 0.064279434643706154 -0.0014290974089220065 0.0076563215904426789 0.002849333571047915 -0.077983585264728664 0.059307414713632739 0.0039437413232701439 -0.04138344251013451 0.10000180513794285
leaf_weight=11049.816544204112 80.611896658316255 43.824665589432698 81.622837352129864 24.519485193770379 186.14040913313511 399.60232154620735 77.351700375322253 77.954565587453544 23.78368343328475 57.278622645360883 23.383449381159153 26.219465251720976 20.477211459190585 13.175631815800442 1932.9066846241867 479.46187864459353 160.93736931361491 1136.1603601776678 76.662364642485045 106.43684422314982 30.47700999333756 162.7937166117772 1493.1529937110317 282.57194636680651 114.54296677047387 381.36266007501399 25.741254083084641 601.37403926879233 141.3831191679019 157.92056140624845
leaf_count=343135 76186 788 1050 287 11007 19357 585 1308 1373 881 224 419 548 121 38852 15765 2102 14359 686 2088 829 3694 39760 2413 4981 4473 644 9491 6198 2260
internal_value=-0.000158468 0.0017086 0.036592 0.0266991 0.0380815 -0.00297335 0.0643734 0.0258838 0.122651 0.10059 0.063744 0.130912 0.00647082 -0.0573435 -0.00217958 -0.00375509 0.00421238 -0.00991934 0.0473283 -0.000931325 -0.0325699 -0.00493559 0.00503061 -0.0220349 -0.0319858 -0.0534596 -0.0693027 -0.0039105 0.0136709 0.0239222
internal_weight=19469.6 11705.5 655.732 588.123 506.501 7764.1 320.36 155.306 67.6083 165.054 107.775 49.6029 58.1723 37.6951 7683.49 7283.89 3177.23 4106.66 556.124 2940.02 1166.64 2621.1 1655.95 965.156 804.219 521.647 407.104 2833.58 900.678 759.295
internal_count=605864 361726 18591 16430 15380 244138 4373 1893 2161 2480 1599 643 956 408 167952 148595 74518 74077 16451 58889 15188 58067 43454 14613 12511 10098 5117 56801 17949 11751
is_linear=0
shrinkage=0.15


Tree=83
num_leaves=31
num_cat=0
split_feature=8 6 6 8 6 7 7 11 5 6 5 9 2 3 6 9 13 5 5 13 6 3 5 14 7 8 13 7 1 1
split_gain=4.48792 45.3213 38.2987 35.9002 39.728 19.2476 17.8703 23.6772 17.985 34.9645 41.4792 28.4643 19.1215 41.9109 27.8374 23.2617 23.0114 19.0934 18.4888 21.4743 17.9825 17.9271 19.9993 17.802 23.6336 15.7648 15.7315 15.4276 15.0193 14.9901
threshold=0.75096899271011364 0.77629497647285473 0.46188034117221838 0.70611578226089489 0.84384033083915722 0.62828946113586437 0.1012820526957512 1.0000000180025095e-35 0.68285810947418224 0.66170939803123485 0.76667019724845897 0.074175827205181136 0.83424910902977001 0.29285715520381933 0.56455472111701976 0.095454547554254546 1.0000000180025095e-35 0.70166474580764782 0.71231037378311168 1.0000000180025095e-35 0.67806348204612743 0.44949495792388922 0.88695701956748974 0.41829130053520208 0.37268517911434179 0.89494904875755321 1.0000000180025095e-35 0.29520697891712194 0.16064515709877017 0.71209660172462474
decision_type=2 2 2 2 2 2 2 2 2 2 2 2 2 2 2 2 2 2 2 2 2 2 2 2 2 2 2 2 2 2
left_child=1 -1 27 -3 5 -5 7 20 12 10 11 26 13 28 15 16 -15 -13 19 -11 -4 22 29 24 25 -16 -10 -2 -8 -12
right_child=2 3 6 4 -6 -7 8 -9 9 18 21 17 -14 14 23 -17 -18 -19 -20 -21 -22 -23 -24 -25 -26 -27 -28 -29 -30 -31
leaf_value=-0.00019592289795639727 -0.090375126840209888 0.10181125152653803 -0.13937465306540742 0.0070670393190461773 0.13137293802889713 -0.11404816322642637 0.23708988505701359 0.08618031316156681 0.052844692334857703 0.065589069005856301 -0.0348936869698077 -0.066137976642884191 -0.0017521488275204866 0.26756492327002457 0.61493612430798783 -0.11286526828527478 -0.090347101327833773 -0.18630318986052727 -0.0027221882894754705 -0.013072397768434501 1.2439655049330867 0.03337090902548738 0.24066552743970415 0.094406679824018389 0.05336227156189139 0.23484048336650395 -0.067058385503694889 0.36645778039033033 -0.040088080577762066 -0.18798712303350634
leaf_weight=8131.2357269844761 124.63383276971945 173.87893692455691 14.371843707575859 206.99454915456226 54.696675525156024 34.434427962172776 4.5893055993947192 95.374071433595418 33.393693487277233 192.86643582673059 61.910722523293771 50.584192664629882 386.33531102348206 9.4503122717724199 4.4612691535730864 26.17729491670616 7.0622069859527974 72.240056404596544 9057.7897185739712 131.2108775844099 0.21459110369323831 151.10135266122234 4.9323307437407484 165.8741687227739 7.5336209689266971 5.4600505558773875 93.708925734765216 1.6857752139621869 105.8618381429751 18.748198256915202
leaf_count=211384 133663 4250 11725 3844 2045 887 293 12632 1234 4860 3864 2212 6405 136 132 347 442 1895 171307 1765 15 2394 87 2232 67 102 9159 54 16275 157
internal_value=-0.000135987 0.00242187 -0.0021679 0.0477105 0.0159436 -0.0102073 -0.00119865 0.0589597 -0.00182323 -0.00349608 -0.0427 -0.0853185 0.0210162 0.0471589 0.0841668 -0.0249236 0.11449 -0.136814 -0.00146264 0.033741 -0.119023 0.00230137 -0.0525483 0.109569 0.253662 0.405756 -0.0355562 -0.0842785 -0.0285712 -0.0704784
internal_weight=19428.8 8601.24 10827.6 470.005 296.126 241.429 10701.3 109.961 10591.3 9868.49 486.619 249.927 722.805 336.47 226.019 42.6898 16.5125 122.824 9381.87 324.077 14.5864 236.693 85.5913 183.329 17.4549 9.92132 127.103 126.32 110.451 80.6589
internal_count=605864 222410 383454 11026 6776 4731 249737 24372 225365 198934 21002 14500 26431 20026 3458 925 578 4107 177932 6625 11740 6502 4108 2533 301 234 10393 133717 16568 4021
is_linear=0
shrinkage=0.15


Tree=84
num_leaves=31
num_cat=0
split_feature=0 4 0 4 3 3 7 9 2 9 9 7 2 3 2 3 0 4 1 0 9 14 0 4 3 3 14 3 1 2
split_gain=4.63685 32.7781 35.9319 110.966 35.3427 49.9525 37.3254 31.4356 27.0153 24.8593 32.8192 22.6234 22.5838 113.314 139.51 78.4091 42.0379 68.9369 40.9037 37.9542 42.3118 47.435 33.6964 31.9627 40.9622 39.1275 37.3393 32.3828 29.7785 47.0913
threshold=0.94000121951103222 0.77888888120651256 0.95557281374931347 0.88047617673873912 0.44949495792388922 0.68333333730697643 0.60434782505035411 0.41428571939468389 0.90824913978576671 0.38750000298023229 0.23611111193895343 0.67424243688583385 0.82167318463325512 0.5634920895099641 0.88784062862396251 0.86607143282890331 0.87071269750595104 0.79008570313453685 0.9495762586593629 0.92859193682670604 0.76388889551162731 0.32099005579948431 0.75796177983284008 0.91458967328071605 0.43650794029235845 0.41428571939468389 0.65285691618919384 0.94999998807907116 0.87570226192474376 0.77303031086921703
decision_type=2 2 2 2 2 2 2 2 2 2 2 2 2 2 2 2 2 2 2 2 2 2 2 2 2 2 2 2 2 2
left_child=12 4 3 7 -2 -6 -7 -3 -5 10 -8 -4 23 18 15 16 17 22 19 20 -14 -22 -15 27 25 26 -25 -1 29 -26
right_child=1 2 11 8 5 6 9 -9 -10 -11 -12 -13 13 14 -16 -17 -18 -19 -20 -21 21 -23 -24 24 28 -27 -28 -29 -30 -31
leaf_value=-0.0044979104532959354 -0.12245549733828627 -0.10675252136045206 0.00029927344661746178 -0.016041315541350996 0.065049607835035869 -0.013637849767092904 0.057988359668670206 -0.27285928266231674 0.068415923139322404 -0.01022900966715329 0.26548943418968635 0.04478543753164279 0.10285509137175915 -0.12652293750454346 0.033499034639368659 0.083878793310343341 -0.12502250281948452 -0.1308044578489761 -0.30330764048073161 -0.013421911033387555 0.61013298891503709 -0.062020380440905 0.17442900739641418 -0.015133356932570901 0.073659963622399044 -0.17103406963130227 0.084852234630893503 0.152606531920671 0.00020030350992194829 -0.013234518402851636
leaf_weight=7542.6416471027424 35.380489388589467 147.98101029107238 6341.3225905919462 412.21602839113257 510.61411919118109 552.09400174552457 48.37050873786211 31.00595880900164 107.42264486761815 44.249468013906153 26.571298878639936 268.08515965189144 250.41032395910179 10.682772478059631 304.17710462949617 53.501867689043138 476.45008636146804 59.138777036438114 7.7269815092440686 165.81591457268223 2.4597008130322129 59.6908557693896 38.680182003547088 630.06188492887486 583.33068850741984 32.094910907027952 96.97174273035489 29.636271480194409 354.53127830451558 184.77607675366016
leaf_count=319308 1742 1670 119232 8058 9308 6722 383 725 2316 2848 118 33172 4139 175 6010 2323 6043 694 109 3626 65 4086 755 46616 8842 519 1369 693 11530 2668
internal_value=-0.000139467 0.00248008 -0.00131589 -0.0336671 0.0252695 0.0296917 0.00279661 -0.135527 0.00141816 0.078921 0.13156 0.00210368 -0.00219156 -0.0197689 -0.0501044 -0.0899354 -0.105833 -0.0215691 0.0390564 0.0445864 0.0753603 -0.0354189 0.109299 0.000464803 0.0179606 -0.00895238 -0.00179728 -0.00388304 0.0361592 0.0527566
internal_weight=19408.1 8525.31 7308.03 698.626 1217.28 1181.9 671.285 178.987 519.639 119.191 74.9418 6609.41 10882.8 1428.73 942.631 638.454 584.952 108.502 486.104 478.377 312.561 62.1506 49.363 9454.04 1881.77 759.129 727.034 7572.28 1122.64 768.107
internal_count=605864 186294 165173 12769 21121 19379 10071 2395 10374 3349 501 152404 419570 28025 16000 9990 7667 1624 12025 11916 8290 4151 930 391545 71544 48504 47985 320001 23040 11510
is_linear=0
shrinkage=0.15


Tree=85
num_leaves=31
num_cat=0
split_feature=7 7 6 3 4 3 2 6 9 8 6 5 5 5 6 3 2 5 6 14 0 1 8 5 0 3 4 1 4 2
split_gain=4.37218 66.3866 30.0082 29.2078 22.248 22.7938 22.5378 18.4951 18.3335 30.7543 105.328 31.0866 29.1147 26.6618 28.2684 24.6881 22.7456 17.9379 45.6061 17.4894 17.4327 18.717 17.232 17.2214 17.036 24.1402 49.5956 43.6985 23.3228 22.9216
threshold=0.50999999046325695 0.53452381491661083 0.93359273672103893 0.94999998807907116 0.71547618508338939 0.81666666269302379 0.39369100332260137 0.7398052215576173 0.43650794029235845 0.24336075037717822 0.34733690321445471 0.84767559170722973 0.53064996004104625 0.89004361629486095 0.81096097826957714 0.58571431040763866 0.52976614236831676 0.75675535202026378 0.77116310596466076 0.68227687478065502 0.68333920836448681 0.23769168555736545 0.99698793888092052 0.96948841214180004 0.95285052061080944 0.76388889551162731 0.86754387617111217 0.8521554470062257 0.92206478118896495 0.97530487179756176
decision_type=2 2 2 2 2 2 2 2 2 2 2 2 2 2 2 2 2 2 2 2 2 2 2 2 2 2 2 2 2 2
left_child=2 -2 4 7 5 8 -6 -3 13 10 -10 12 -11 14 -1 16 -16 18 -14 -17 21 -13 -5 -4 25 29 27 -27 -26 -9
right_child=1 3 23 22 6 -7 -8 24 9 11 -12 20 17 -15 15 19 -18 -19 -20 -21 -22 -23 -24 -25 28 26 -28 -29 -30 -31
leaf_value=0.0026216192774913614 -0.14428700289302099 0.066523992863018674 0.090462861378195134 0.12086396924691474 -0.080924711768365784 0.14323697507873981 -0.0017745707175329814 -0.004474894977213568 0.012428672660469833 0.30570999253607056 1.1482415093646277 0.11728738528484482 -0.011857877940490178 -0.046020410250854432 0.011996766921404296 -0.024288411082470235 0.15319000337085387 -0.061109923313047938 0.16526658838254893 0.085931494319532661 0.13781600919054871 0.0047394008322452288 -0.080189443401016566 -0.03316565767959203 0.037302527736633874 0.024491105231712457 0.15755751647058272 -0.15308382068656945 -0.022942510322327952 -0.28183194447671345
leaf_weight=1385.1475424559503 74.333794613019563 85.346198839019053 128.25172907968226 64.411742091557244 81.586198261646132 30.108962725193123 10303.063617749618 5303.9499299969029 7.2416359542294213 6.9737756614849777 2.4614195024732908 52.551072447095066 195.8269442648234 206.75587832467863 37.948966989584733 92.000684116967022 79.349969252099982 89.722889716184 39.265876646764809 49.993881963193417 69.142592983334907 90.502515522792237 11.269886716676409 31.598155105464684 467.37096366591868 46.371427893289365 19.977489765151404 95.182726619648747 209.34704701445298 6.712703007971867
leaf_count=114728 544 1691 1757 31075 48882 432 255767 70255 271 1588 44 379 33339 1044 627 513 502 3044 651 291 2795 758 6997 407 17849 581 781 830 7331 111
internal_value=-0.000145932 -0.00335973 0.00143485 -0.00169955 0.000629471 0.0135341 -0.00239641 -0.00282397 0.0119102 0.0358577 0.300556 0.0311363 0.00246011 0.00474759 0.0111307 0.056586 0.107511 -0.00405065 0.017726 0.0145182 0.0759743 0.0460842 0.0909247 0.0660247 -0.00378651 -0.00656302 -0.0636881 -0.0949124 0.0186653 -0.00482548
internal_weight=19363.8 6384.27 12979.5 6309.94 12819.6 2434.99 10384.6 6234.26 2404.89 553.689 9.70306 543.986 331.789 1851.2 1644.44 259.294 117.299 324.816 235.093 141.995 212.196 143.054 75.6816 159.85 6148.91 5472.19 161.532 141.554 676.718 5310.66
internal_count=605864 138045 467819 137501 465655 161006 304649 99429 160574 42869 315 42554 38622 117705 116661 1933 1129 37034 33990 804 3932 1137 38072 2164 97738 72558 2192 1411 25180 70366
is_linear=0
shrinkage=0.15


Tree=86
num_leaves=31
num_cat=0
split_feature=3 2 9 0 7 3 4 6 3 2 1 8 6 7 1 0 4 8 8 1 0 0 0 5 1 9 1 4 6 2
split_gain=4.48348 40.3422 43.2925 40.298 48.429 38.3275 31.7653 31.4895 30.2605 34.5273 30.2627 29.957 28.55 19.6411 77.7691 18.1624 17.4443 17.2375 19.6648 16.9325 16.7393 16.6871 14.8885 19.9835 16.2265 14.6033 14.4914 32.0991 29.2673 15.9633
threshold=1.0000000180025095e-35 0.61938297748565685 0.84523808956146251 0.70030567049980175 0.43874999880790716 0.13392857462167743 0.85857143998146068 0.33264176547527319 0.11805555596947671 0.56992480158805858 0.61257407069206249 0.35859310626983648 0.57347801327705394 0.16064515709877017 0.64038833975791942 0.84857690334320079 0.25211864709854132 0.45788761973381048 0.43005377054214483 0.66360855102539074 0.82500126957893383 0.69171723723411571 0.8857199251651765 0.66878256201744091 0.79795917868614208 0.26136364042758947 0.72255688905715953 0.73385417461395275 0.83370706439018261 0.71503761410713207
decision_type=2 2 2 2 2 2 2 2 2 2 2 2 2 2 2 2 2 2 2 2 2 2 2 2 2 2 2 2 2 2
left_child=1 6 3 4 12 8 13 -4 9 -2 20 25 -3 14 -1 17 -7 18 -15 21 -11 -8 26 -24 -25 -5 29 -28 -29 -13
right_child=5 2 7 11 -6 16 19 -9 -10 10 -12 22 -14 15 -16 -17 -18 -19 -20 -21 -22 -23 23 24 -26 -27 27 28 -30 -31
leaf_value=-0.10676621202784792 -0.16571716312595708 0.1692793433439593 -0.18245255731406593 0.44116211706407621 0.052954460619090801 0.13096434638329915 -0.033735698438268305 0.11900064296694302 -0.19017108429223586 0.3863824300804109 -0.037308941679392804 -0.03159811712836362 0.5895406367106425 0.05516780525385636 5.7767462335504876 0.14870724134525876 -0.00077418095859913645 0.0022547707296592182 0.34408276261715715 0.30365925992718718 -0.048588993841012069 -0.12152777470823099 -0.056172143551545997 0.14494624870407732 -0.030239645408234886 0.079355236646519278 -0.33447038785565786 -0.17605469963108605 0.11244807692458995 0.072588433671443797
leaf_weight=40.885305713291928 19.977719416403488 7.78036743552377 8.1942240075586579 4.7860798810761462 46.865203753375681 22.647472616275991 277.81947801272418 160.69756500541268 42.760922903918981 8.5016982736124209 16.118023555500258 190.1758895078201 6.8297102072974667 29.68264115578495 0.05061200584168446 19.715983480797149 16127.592567051495 2054.5796233787169 6.4530643277248592 3.0891477502882472 2.5992864406798608 59.071584920071473 30.246062783378875 41.132000256283391 16.73692612976447 5.2780854093416565 10.634473054378757 15.983524847220908 15.666081544768529 40.058850052502748
leaf_count=74204 10605 307 18 167 351 1777 28471 9839 15807 373 371 2500 69 476 9 332 418408 34462 171 48 468 985 1656 1531 498 76 73 287 463 1062
internal_value=-0.000136498 0.00509831 0.0399785 0.0148126 0.12729 -0.0011333 -0.00331692 0.104375 -0.0987718 -0.0159627 0.0939514 -0.0038402 0.365737 0.00341626 -0.099492 0.00541237 -0.000589444 0.00406106 0.106762 -0.0459239 0.284534 -0.0491294 -0.0109636 0.0426355 0.0942788 0.251415 -0.0282941 -0.109007 -0.0332501 -0.0134706
internal_weight=19332.6 3092.41 601.065 432.173 61.4753 16240.2 2491.35 168.892 89.9577 47.1967 27.219 370.698 14.6101 2151.37 40.9359 2110.43 16150.2 2090.72 36.1357 339.98 11.101 336.891 360.634 88.115 57.8689 10.0642 272.519 42.2841 31.6496 230.235
internal_count=605864 158055 18897 9040 727 447809 139158 9857 27624 11817 1212 8313 376 109654 74213 35441 420185 35109 647 29504 841 29456 8070 3685 2029 243 4385 823 750 3562
is_linear=0
shrinkage=0.15


Tree=87
num_leaves=31
num_cat=0
split_feature=0 1 0 4 5 6 7 6 7 5 4 2 2 2 0 6 5 8 3 6 0 14 7 3 4 2 9 5 0 3
split_gain=4.22189 5.44939 12.256 32.5743 16.3238 13.4144 11.763 9.99339 11.557 12.3513 9.98373 9.82363 8.76942 23.1316 20.0199 15.0177 14.3288 15.9742 14.7408 14.2368 14.0541 11.9876 11.8411 10.5599 31.9289 32.7584 35.5141 31.138 28.3951 26.852
threshold=1.0000000180025095e-35 0.17817460745573047 0.57931920886039745 0.15268065780401233 0.99286460876464855 0.86755847930908214 0.3390804678201676 0.54589802026748668 0.20294117927551272 0.79241394996643078 0.37602458894252783 0.18301435559988025 0.37310734391212469 0.32466216385364538 0.54085317254066478 0.94349294900894176 0.55024906992912304 0.37194395065307623 0.31666667759418493 0.48497742414474493 0.50159111618995678 0.30769230425357824 0.21807064861059192 1.0000000180025095e-35 0.44782213866710668 0.61938297748565685 0.84523808956146251 0.67238590121269237 0.71357712149620067 0.13392857462167743
decision_type=2 2 2 2 2 2 2 2 2 2 2 2 2 2 2 2 2 2 2 2 2 2 2 2 2 2 2 2 2 2
left_child=-1 2 3 -2 5 6 7 -5 9 -9 -6 -4 13 16 21 -15 -3 19 22 -18 -17 -14 -19 24 27 -26 28 -16 -27 -25
right_child=1 12 11 4 10 -7 -8 8 -10 -11 -12 -13 14 15 23 20 17 18 -20 -21 -22 -23 -24 29 25 26 -28 -29 -30 -31
leaf_value=-0.080848071028309071 -0.14624985648318636 -0.184025863300155 0.061395197611233715 -0.05619517945540068 -0.073621594268958979 0.081333362166728873 -0.014825512097016342 0.052796532385254585 0.13300765875721263 0.83141533628925046 0.053350174214906579 0.26912701767170238 -0.0054777295990370454 -0.090554246913485084 -0.16382006490742165 0.15483635004476667 0.12859812441000865 -0.10220476839463341 0.27816751727094913 0.74556392602723043 -0.032684889931201347 0.11975838358333063 -0.0015722296040234303 -0.089379755042874126 -0.010848863321900076 0.098942720446015056 0.095718239078845219 0.15166336453853169 -0.0046933392380527706 -0.00069457741007438888
leaf_weight=14.597549634312598 27.232912177347316 9.8121156281131316 18.802330443293616 4.7569950524703009 49.742653418332338 113.29888282297179 87.743784419028088 0.73920715475105581 9.1303598262602446 1.2067078041727652 19.355123221874237 7.0399065759847863 26.129140157387155 127.33040573318885 8.0041667421037328 10.674169469391925 3.511134884760394 27.065869499047039 4.1722099836806583 1.1068122822325674 57.082646056660451 50.306670286263397 940.28764603716627 77.185718968368747 890.53429546211748 71.292814695334528 157.49882715305864 58.385024154762505 359.13692038948693 16076.113125078051
leaf_count=264 474 5546 318 2531 188 603 465 245 328 25 98 106 6284 39053 457 71 669 47180 137 17 472 1229 13577 23780 34051 810 9857 745 8230 408054
internal_value=-0.000209926 -0.000148919 0.0186999 0.010508 0.0254359 0.0456645 0.00664765 0.125646 0.203743 0.535636 -0.0380553 0.117985 -0.000486057 -0.0130023 0.000345593 -0.0601951 -0.00366446 -0.00185148 -0.00317443 0.27647 -0.00314346 0.0769471 -0.00438786 1.4762e-05 0.0118628 0.0072931 0.0347727 0.113627 0.0124721 -0.00111834
internal_weight=19309.3 19294.7 339.049 313.207 285.974 216.876 103.577 15.8333 11.0763 1.94591 69.0978 25.8422 18955.6 1181.04 17774.6 195.087 985.956 976.144 971.526 4.61795 67.7568 76.4358 967.354 17698.2 1544.85 1478.46 587.929 66.3892 430.43 16153.3
internal_count=605864 605600 5381 4957 4483 4197 3594 3129 598 270 286 424 600219 106722 493497 39596 67126 61580 60894 686 543 7513 60757 485984 54150 52948 18897 1202 9040 431834
is_linear=0
shrinkage=0.15


Tree=88
num_leaves=31
num_cat=0
split_feature=5 5 9 0 11 9 14 8 8 14 8 7 1 8 6 7 7 4 2 6 7 8 5 0 3 14 2 9 9 0
split_gain=4.36282 17.3324 19.4593 29.8594 43.883 36.9032 29.5491 26.995 23.6546 33.1197 23.592 27.1493 23.3433 20.2709 37.9498 17.3912 20.2506 23.129 21.4268 17.1502 19.3549 34.1664 17.1249 16.1946 28.6324 98.8497 26.9495 25.3086 42.7224 50.41
threshold=0.91469547152519237 0.8431212604045869 0.23611111193895343 0.83333438634872448 1.0000000180025095e-35 0.58571431040763866 0.44444443285465246 0.64453628659248363 0.58500602841377269 0.49675153195858007 0.99698793888092052 0.79057019948959362 0.91922956705093395 0.87453705072402965 0.76490330696105968 0.3390804678201676 0.77097901701927196 0.85857143998146068 0.59675306081771862 0.90338954329490673 0.54772728681564342 0.9631328582763673 0.89313769340515148 0.70030567049980175 0.19090909510850909 0.5391930639743806 0.61938297748565685 0.41428571939468389 0.86607143282890331 0.82666888833045971
decision_type=2 2 2 2 2 2 2 2 2 2 2 2 2 2 2 2 2 2 2 2 2 2 2 2 2 2 2 2 2 2
left_child=1 -1 7 15 5 12 -6 -3 9 -8 11 19 -5 -10 -15 -4 17 22 -18 -9 21 -21 -17 24 26 -26 -2 -25 -29 -30
right_child=23 2 3 4 6 -7 8 10 13 -11 -12 -13 -14 14 -16 16 18 -19 -20 20 -22 -23 -24 27 25 -27 -28 28 29 -31
leaf_value=-0.0012973532035822678 -0.0050745533644287509 0.11497871687537077 0.0730984243567811 0.11847010813242001 0.14390413838740537 -0.0099354249267168404 -0.662649131487141 -0.017560657900172853 0.034296653508920229 -0.028416485842147548 0.09038539559013968 -0.20089738214731223 0.0025536599209088542 0.12097047324255839 -0.063589937095228311 -0.036675523656005772 -0.00012299881911576388 -0.089392502057672837 0.14416311881779162 0.037167950547645767 -0.024901786227376189 0.2752539620557371 0.036608808888057807 -0.0013311052168615471 0.19129530126755304 -0.044872757996975758 0.11902472929074701 -0.082380937071875798 -0.073826855626893423 0.032644332582308172
leaf_weight=13468.634106110349 1038.7991023270301 42.21912724489971 60.709685227309819 268.73487785545512 33.908981143298888 84.710033724859386 2.8928166520781797 840.11404672449862 217.2603537598261 5.1517195605265442 52.817145826353226 16.914382476068567 45.742454498191364 29.964585791778518 153.3941588045418 172.97327513323398 71.954926773556508 101.10603123288456 34.147113381040981 68.432883092144039 63.727643337624613 16.913555442821234 122.59203394693395 1360.3421223179248 76.164575882256031 83.695630205504131 40.923704254149925 276.04915715893731 158.79430304007838 270.48038134658009
leaf_count=478396 5861 640 1370 2707 712 5724 66 6487 8642 468 492 156 2486 1313 5357 1260 476 1517 633 560 435 161 865 11934 783 2086 459 3345 7246 53227
internal_value=-0.000192327 0.000834034 0.0122875 0.0239873 0.041877 0.0779389 0.00935018 -0.00264336 -0.00181447 -0.256487 -0.00733296 -0.0124629 0.101609 0.00329941 -0.033429 -0.00273721 -0.0118943 -0.0274637 0.046313 -0.00924076 0.0376464 0.0843507 -0.00627928 -0.00515296 0.00840102 0.0676483 -0.000370937 -0.0132866 -0.0363448 -0.00674075
internal_weight=19280.3 15975 2506.38 1405.24 841.76 399.187 442.573 1101.14 408.664 8.04454 1058.92 1006.1 314.477 400.619 183.359 563.483 502.773 396.671 106.102 989.188 149.074 85.3464 295.565 3305.25 1239.58 159.86 1079.72 2065.67 705.324 429.275
internal_count=605864 520923 42527 33596 27475 10917 16558 8931 15846 534 8291 7799 5193 15312 6670 6121 4751 3642 1109 7643 1156 721 2125 84941 9189 2869 6320 75752 63818 60473
is_linear=0
shrinkage=0.15


Tree=89
num_leaves=31
num_cat=0
split_feature=0 2 3 2 5 7 3 14 5 0 2 4 2 0 14 3 5 4 6 4 3 7 0 11 7 0 0 4 5 8
split_gain=4.30241 21.8062 21.7778 15.8851 15.6434 33.3308 20.1966 16.7782 25.1059 14.9548 14.1771 16.0818 38.8499 32.0402 31.8873 20.5944 20.3785 16.4627 15.1702 14.336 37.2852 18.4334 21.2983 21.3691 19.549 16.953 19.3293 15.3633 14.9921 17.9576
threshold=0.96189683675766002 0.90501251816749584 0.65151515603065502 0.89825499057769786 0.62011814117431652 0.17752101272344592 0.68333333730697643 0.52941176295280468 0.67363518476486217 0.96192932128906261 0.90824913978576671 0.92637759447097789 0.93957650661468517 0.97653886675834667 0.54904562234878551 0.58571431040763866 0.60555833578109752 0.94804319739341747 0.97934588789939891 0.97259759902954113 0.68333333730697643 0.5577777922153474 0.98131763935089122 1.0000000180025095e-35 0.70710784196853649 0.97584113478660595 0.98340842127799999 0.94804319739341747 0.74645522236824047 0.58500602841377269
decision_type=2 2 2 2 2 2 2 2 2 2 2 2 2 2 2 2 2 2 2 2 2 2 2 2 2 2 2 2 2 2
left_child=-1 2 3 -2 6 7 -4 8 -6 -5 -3 18 13 14 16 -16 -13 -17 -12 25 21 -21 23 -23 -25 27 -27 -14 29 -22
right_child=1 10 4 9 5 -7 -8 -9 -10 -11 11 12 19 -15 15 17 -18 -19 -20 20 28 22 -24 24 -26 26 -28 -29 -30 -31
leaf_value=-0.0016442915440982025 0.17943912611150514 -0.08947896151734526 -0.058830021897338873 -0.11733256271076828 0.19383192550192629 0.035439947164998806 0.032899045853966379 0.18137256947558847 1.0666850558231229 0.089736291781226232 0.01201144323568604 -0.012312908865146625 -0.10768705380810199 0.098450152603919566 -0.033311896300886434 0.082697268582157382 0.23789786867671125 -0.14492617748932604 0.14400531248155915 0.10446402324670513 0.00144019032663804 -0.025523589817826629 0.099224022666821454 -0.19197765722593818 -0.8067040039944493 -0.11281301453976321 -0.01989670744140239 0.12895688516301823 0.043368992714272407 -0.034941762694477921
leaf_weight=13391.365011663464 35.144327699555106 39.247937530119088 100.92968717707117 9.9278638728137576 1.487403556471689 223.54729346117801 116.16576445305873 5.1698922795476392 1.4783837982686234 37.450664266067179 1563.1493227963492 60.572298755942029 8.228638134460196 27.702021492823405 70.34723095985828 7.5546130829025051 8.3312423928728077 133.18122755872901 19.840157942395308 116.42343776113466 2447.5164397687404 12.062964027572891 16.978479413781315 3.7229777952597933 1.6934088925481772 68.434138983633602 190.89369334917137 24.706037785246735 165.47703571430884 348.74776023955201
leaf_count=465403 948 430 1368 143 224 4810 1043 39 40 828 24028 1043 133 851 1159 145 309 1329 2101 1597 20930 532 949 151 141 792 3562 459 40536 29841
internal_value=-0.000160372 0.00322717 0.0322069 0.103027 0.0191843 0.0462937 -0.00974665 0.344526 0.628931 0.0463464 0.000341033 0.00100673 -0.0043909 -0.0554348 -0.0706603 -0.0995821 0.0179405 -0.132707 0.0136658 0.000221774 0.00320425 0.0759407 -0.0204315 -0.136658 -0.384169 -0.0315419 -0.0444164 0.069832 -0.000501192 -0.00309734
internal_weight=19257.5 5866.11 531.301 82.5229 448.778 231.683 217.095 8.13568 2.96579 47.3785 5334.81 5295.56 3712.57 307.689 279.987 211.083 68.9035 140.736 1582.99 3404.89 3112.62 150.881 34.4578 17.4794 5.41639 292.263 259.328 32.9347 2961.74 2796.26
internal_count=605864 140461 9443 1919 7524 5113 2411 303 264 971 131018 130588 104459 4836 3985 2633 1352 1474 26129 99623 94677 3370 1773 824 292 4946 4354 592 91307 50771
is_linear=0
shrinkage=0.15


Tree=90
num_leaves=31
num_cat=0
split_feature=10 4 3 0 3 5 1 0 3 3 9 7 8 1 3 1 6 7 4 0 0 1 2 0 0 1 14 8 7 5
split_gain=3.97577 3.8979 41.2779 22.708 22.374 56.7766 22.1533 21.49 29.1183 68.4563 28.4839 37.6743 28.0444 27.8743 26.9342 53.6452 25.6841 29.1544 23.3038 22.7673 37.5253 43.4055 44.9806 31.9289 27.3916 25.9789 37.2259 25.4275 25.2835 30.4607
threshold=1.0000000180025095e-35 0.87627550959587108 0.94999998807907116 0.91860401630401622 0.81666666269302379 0.44778597354888922 0.84273937344551098 0.93634951114654552 1.0000000180025095e-35 0.19090909510850909 0.43650794029235845 0.50999999046325695 0.96166095137596141 0.88548010587692272 0.72077924013137828 0.80788660049438488 0.96568545699119579 0.77097901701927196 0.65058138966560375 0.72103068232536327 0.90205737948417675 0.80788660049438488 0.6696164906024934 0.90001845359802257 0.85371854901313793 0.54641148447990429 0.6104828715324403 0.2927700281143189 0.60434782505035411 0.82106253504753124
decision_type=2 2 2 2 2 2 2 2 2 2 2 2 2 2 2 2 2 2 2 2 2 2 2 2 2 2 2 2 2 2
left_child=-1 2 4 -4 7 -6 -7 8 -2 -10 11 12 18 16 19 -16 -13 -18 -11 -12 21 22 24 25 28 -24 -27 -22 29 -21
right_child=1 -3 3 -5 5 6 -8 -9 9 10 14 13 -14 -15 15 -17 17 -19 -20 20 27 -23 23 -25 -26 26 -28 -29 -30 -31
leaf_value=-0.152654528525242 0.0058049821337087726 0.0023189095919434778 0.20111186221806029 0.04634334061389727 0.23975295851272074 0.13546112284995648 -0.10223045886331471 0.0075149318436379831 -0.091674813351388981 0.0054498333368975414 0.054656988188700358 -0.061144300185344065 0.057305805265183876 0.090502133987796565 0.047332983398155427 -0.14695991139964698 0.094394208072395069 -0.059630223652793128 -0.027541158910632014 -0.053610490692498632 0.442499076051389 0.082827028942233247 0.1754773941368426 -0.35737614467398909 0.052009017685567142 -0.13402301463243427 -0.015444216533895019 0.042432607930946227 -0.11183244212250991 0.15336242383053283
leaf_weight=3.8452132397214873 2602.3823697865173 8370.0273205344838 30.751006225385936 69.62592461550048 13.094743922352789 9.4454749881697335 133.76909333642107 3527.5778447692774 242.38140257225677 916.1779138931156 261.15738934906403 692.92571808979847 141.39949857562715 32.868469651788473 59.680739412502589 68.873365010083944 54.810467938892543 55.801384083926678 1015.9568061564723 44.800695488778729 3.6164426790815005 85.338808203363442 9.5037432574317773 8.8690855945460481 152.90647098072441 124.77231685295283 113.98710961069446 308.56356052280353 61.193037482502405 24.886428280656219
leaf_count=12887 120025 243119 850 1330 81 123 1220 57980 59749 27952 7065 3525 6024 316 1368 1579 375 536 36436 1818 73 2337 167 77 4514 1696 2847 8307 1182 306
internal_value=-0.000144507 -0.000114023 -0.00198791 0.0937575 -0.00288053 -0.0592177 -0.0865539 -0.00205059 -0.00681465 -0.0141445 -0.00971042 -0.0180183 -0.00717837 -0.0448914 0.00849182 -0.0567602 -0.0504296 0.0166921 -0.0118975 0.0154845 0.00458324 -0.0165944 -0.0322797 -0.0777215 0.00889402 -0.067731 -0.0774118 0.0470672 -0.041477 0.020303
internal_weight=19241 19237.1 10867.1 100.377 10766.7 156.309 143.215 10610.4 7082.85 4480.47 4238.09 2909.94 2073.53 836.406 1328.15 128.554 803.538 110.612 1932.13 1199.6 938.438 626.258 540.919 257.132 283.787 248.263 238.759 312.18 130.88 69.6871
internal_count=605864 592977 349858 2180 347678 1424 1343 346254 288274 168249 108500 75164 70412 4752 33336 2947 4436 911 64388 30389 23324 14944 12607 4787 7820 4710 4543 8380 3306 2124
is_linear=0
shrinkage=0.15


Tree=91
num_leaves=31
num_cat=0
split_feature=14 7 6 14 4 8 14 7 5 6 8 7 5 3 7 8 9 7 2 2 1 6 7 1 8 7 8 14 14 9
split_gain=3.89584 36.3465 25.9185 22.7406 27.3818 112.693 20.7293 25.4705 17.3626 18.0302 18.8442 15.8556 27.1778 16.5269 29.9258 21.4453 14.9986 22.818 15.3402 16.3735 14.9458 14.3556 13.6634 42.7069 42.8855 42.4232 40.7142 101.817 58.5985 42.5418
threshold=0.24978268146514895 0.050641026347875602 0.39296035468578344 0.28637890517711645 0.7245689630508424 0.24336075037717822 0.17771320044994357 0.065591398626565947 0.62509179115295421 0.33854293823242193 0.50159236788749706 0.067816093564033522 0.52394729852676403 0.5634920895099641 0.13423423469066623 0.24336075037717822 0.11805555596947671 0.13188406080007556 0.84877073764801036 0.87827670574188244 0.27812939882278448 0.37848958373069769 0.23205128312110904 0.77836257219314586 0.40926986932754522 0.24621212482452395 0.35859310626983648 0.41829130053520208 0.41829130053520208 0.41428571939468389
decision_type=2 2 2 2 2 2 2 2 2 2 2 2 2 2 2 2 2 2 2 2 2 2 2 2 2 2 2 2 2 2
left_child=6 -2 3 11 5 -5 -1 -8 9 -6 16 12 -3 -13 -15 -16 21 -18 -19 -20 -4 -11 23 24 -22 -24 27 -25 -28 -30
right_child=1 2 20 4 8 -7 7 -9 -10 10 -12 13 -14 14 15 -17 17 18 19 -21 22 -23 25 26 -26 -27 28 -29 29 -31
leaf_value=-6.279875832562917e-05 -0.10894101124706726 0.7841003886293153 0.063085235985859481 1.250728402583082 -0.054067688308202307 -0.051404598570480402 -0.12598695515301486 -0.018574042926568488 0.23841520847114958 -0.028319608407063386 -0.1082557239147211 0.080192341511392207 -0.032909690328487895 -0.0099913306190243904 -0.58578767689767286 -0.13774005563144401 0.43676461457081445 0.27392934021346005 -0.16974220343266647 0.13684773439982173 0.18552442953652445 0.21976691013456476 -0.14836942414532525 -0.20921163131233239 0.037960520967338984 -0.00046304361262726311 0.12656143945506951 0.16143656160041081 0.0084234656258119749 -0.092098524823707006
leaf_weight=6358.8376072217252 66.670269490941791 1.4323111490563456 87.423775102881336 2.2680367195207358 24.632258790592459 4.3899550349160563 53.251021518519792 738.91937251445552 13.489636470902367 19.630472732540522 9.031361873567219 14.505171438178875 2.5418607827596134 20.077670366910755 4.2029840363379645 5.6144197925459594 6.6622354025603263 10.705201656904139 5.4665292973468267 13.847205558055512 51.563650895869614 7.1630065195786292 43.819435929806787 57.94076902193774 315.14204446806889 10236.734266602554 85.518081812915625 23.414138282238127 817.99114844412543 107.13426413908746
leaf_count=194075 58763 63 563 29 630 224 52122 51058 591 277 1073 795 504 387 134 55 100 109 42 262 566 94 782 485 20603 208142 3316 298 7397 2325
internal_value=-0.000139332 0.00150563 0.00211965 0.0610401 0.0967319 0.392165 -0.00291329 -0.0257945 0.0789516 0.0568068 0.0944739 -0.0254962 0.261545 -0.0511886 -0.114935 -0.329556 0.123319 0.185636 0.129902 0.050071 0.00129433 0.0380042 0.000834165 0.0144196 0.05871 -0.00109347 -0.000453554 -0.102538 0.00776407 -0.0032175
internal_weight=19210 12059 11992.3 165.66 117.286 6.65799 7151.01 792.17 110.628 97.1383 72.506 48.3744 3.97417 44.4002 29.8951 9.8174 63.4747 36.6812 30.0189 19.3137 11826.7 26.7935 11739.3 1458.7 366.706 10280.6 1092 81.3549 1010.64 925.125
internal_count=605864 308609 249846 5369 3431 253 297255 103180 3178 2587 1957 1938 567 1371 576 189 884 513 413 304 244477 371 243914 34990 21169 208924 13821 783 13038 9722
is_linear=0
shrinkage=0.15


Tree=92
num_leaves=31
num_cat=0
split_feature=7 7 4 11 9 4 0 1 5 0 6 2 7 4 1 0 6 1 0 3 6 8 4 9 9 4 1 0 2 0
split_gain=3.79388 16.5971 17.2155 26.7215 22.6666 15.888 15.5017 15.3316 14.663 12.8387 12.7822 19.2123 13.3801 19.5046 18.5289 20.0148 16.9822 16.2672 25.5252 23.3465 16.0194 30.0711 18.092 15.3783 14.1391 16.517 13.8244 14.7659 13.1901 14.2728
threshold=0.81365740299224865 0.83666664361953746 0.31866537034511572 1.0000000180025095e-35 0.43650794029235845 0.35767590999603277 0.63927528262138378 0.41897974908351904 0.77965176105499279 0.67725098133087169 0.9878295660018922 0.46247655153274542 0.71714287996292125 0.81191039085388195 0.2237871587276459 0.94815975427627575 0.94142156839370739 0.62575301527977001 0.60489007830619823 0.27922078967094427 0.96309912204742443 0.955653876066208 0.36700680851936346 0.91883116960525524 0.38750000298023229 0.89528506994247448 0.84660631418228161 0.81112706661224376 0.6696164906024934 0.71357712149620067
decision_type=2 2 2 2 2 2 2 2 2 2 2 2 2 2 2 2 2 2 2 2 2 2 2 2 2 2 2 2 2 2
left_child=10 5 6 -4 7 -2 8 -5 -3 -9 12 -12 20 14 -14 26 -17 18 -15 -19 -1 22 -22 -24 -23 -26 -16 -28 29 -20
right_child=1 2 3 4 -6 -7 -8 9 -10 -11 11 -13 13 17 15 16 -18 19 28 -21 21 24 23 -25 25 -27 27 -29 -30 -31
leaf_value=-0.00045572441381498848 0.20133632196976717 -0.1708447712200161 -0.0063547558439610132 0.3171827652450086 0.030059538501090645 0.031084264640139556 0.097702152898398106 -0.14449339780679424 -0.036046351166473423 0.15168387152308416 -0.16109088124821991 0.16229755622751554 0.049249502459259478 0.12399239551211691 -0.041343397637163083 0.12156123559909504 -0.074060151277498057 0.12087582602554843 -0.04632448777319402 0.007304489445797758 0.46196715908530944 0.025009107377708339 0.16535535970570622 0.021473590375439239 0.011127824285078039 -0.1919913516745782 0.011037127652443447 -0.19798144285451399 0.045125365675906352 -0.16396457222231492
leaf_weight=15756.549225537543 12.875998367613645 20.00600968231447 973.0942692316894 10.05318453256041 333.82236387727608 292.4053276272607 17.646313812292647 4.1575038540177074 196.41808017273434 15.83789489691844 5.0829415991902378 22.127511488346499 57.11235186830163 18.918100295122713 560.56170178823231 30.048798243573401 14.953974948119138 45.543500550149474 71.796220293501392 384.98040120251244 3.3147569320863104 171.67236147756921 38.630426848714706 29.460512488018139 20.604256939695915 16.004375549731776 10.775494142260866 25.841542477661278 21.251089138793759 34.286488338606432
leaf_count=523625 88 91 32700 58 10958 6753 993 44 906 357 28 559 289 144 5259 915 366 1145 390 12414 27 1746 459 2808 783 962 101 199 420 277
internal_value=-0.000145631 0.00626158 4.27066e-05 0.0066128 0.0412917 0.0382651 -0.0374844 0.166075 -0.048507 0.0901018 -0.000838958 0.101888 -0.00100042 -0.0157833 -0.0326254 -0.0399069 0.0565582 0.0046364 -0.0385843 0.0193188 0.000175913 0.0357601 0.119762 0.103103 0.00696152 -0.0776708 -0.0471764 -0.136472 -0.0627385 -0.0843464
internal_weight=19215.8 1876.32 1571.04 1336.97 363.871 305.281 234.07 30.0486 216.424 19.9954 17339.5 27.2105 17312.3 1276.07 699.294 642.182 45.0028 576.776 146.252 430.524 16036.2 279.687 71.4057 68.0909 208.281 36.6086 597.179 36.617 127.334 106.083
internal_count=605864 52948 46107 44117 11417 6841 1990 459 997 401 552916 587 552329 21919 7129 6840 1281 14790 1231 13559 530410 6785 3294 3267 3491 1745 5559 300 1087 667
is_linear=0
shrinkage=0.15


Tree=93
num_leaves=31
num_cat=0
split_feature=14 5 0 9 9 0 4 3 1 3 0 1 4 6 8 7 9 6 8 5 6 5 2 3 1 1 3 0 3 14
split_gain=3.68815 3.58884 14.5043 33.1238 51.7317 33.1295 25.683 38.6755 43.3331 26.4604 24.3589 62.5099 22.6852 21.9571 20.3908 30.4851 20.289 17.9257 34.9677 19.9668 23.5538 18.7128 17.4443 27.9974 18.9184 16.9003 24.0784 16.836 16.533 79.5365
threshold=0.97934588789939891 0.92980411648750316 0.71357712149620067 0.41428571939468389 0.86607143282890331 0.82666888833045971 0.73385417461395275 0.240384615957737 0.78526219725608837 0.41428571939468389 0.81112706661224376 0.87226107716560375 0.91240409016609203 0.9878295660018922 0.98581486940383922 0.5313725769519807 0.64583334326744091 0.8824719786643983 0.90496715903282177 0.94646942615509044 0.91572603583335888 0.94380629062652599 0.82167318463325512 0.52272728085517894 0.84028983116149913 0.62575301527977001 0.21111111342906955 0.91403451561927807 0.19090909510850909 0.5391930639743806
decision_type=2 2 2 2 2 2 2 2 2 2 2 2 2 2 2 2 2 2 2 2 2 2 2 2 2 2 2 2 2 2
left_child=1 -1 28 13 16 6 -6 -8 9 -9 -10 -12 -11 14 15 17 -5 21 19 -19 -21 -4 -7 -24 27 26 -17 -25 -3 -30
right_child=-2 2 3 4 5 22 7 8 10 12 11 -13 -14 -15 -16 25 -18 18 -20 20 -22 -23 23 24 -26 -27 -28 -29 29 -31
leaf_value=0.00068330552909511954 0.12355696097153329 0.00035694481378868579 -0.11385572088804227 -0.079202821753890595 0.074864958460362743 0.068209359653897877 0.0099211224650862639 -0.18958911096035952 0.053667245678165811 -0.26371340378174107 -1.399997236430057 0.078933281612709003 -0.67689647999141944 0.11127134028145376 -0.041711980300832091 0.083321543149920629 -0.19254201680644192 0.14045187112636923 -0.053560107780667575 -0.060796054654867551 0.17549251127202475 0.038110421960460855 -0.088172077343376482 -0.45343318673689864 0.08895058022320812 0.041819667526064808 -0.13696976084317056 0.014731068489854655 0.17238217386153307 -0.037629463225000784
leaf_weight=16421.299449799124 5.4231908517540424 984.12921966600697 79.221582063444657 146.568842671928 22.374376670151833 107.14985870352757 41.926324540283531 29.526819194667041 19.416882971680028 6.5113315506241616 0.9630780871957535 1.9350494389946105 5.5281250569969416 39.144142830860801 238.09600669890642 18.0819423100329 46.911218506866135 43.936024766822811 129.49351625383133 36.167940106242895 12.86950595222879 23.68173502467107 59.322991690980416 2.8529811133630565 52.241974363467307 429.25096961902454 29.179540010169148 4.3843018213810865 70.504654174437746 95.583730320387986
leaf_count=530031 7534 5738 406 1521 2254 12301 1112 153 1745 156 43 410 129 801 1413 230 334 376 911 262 155 176 5573 97 23084 4568 172 1072 711 2396
internal_value=-0.000125126 -0.000160064 -0.00514726 -0.0142629 -0.0443099 -0.0102325 -0.0711454 -0.102021 -0.175491 -0.26601 -0.00687951 -0.412531 -0.453434 0.000984812 -0.0031663 0.00827873 -0.106683 -0.0271152 -0.00316971 0.0670141 0.00121609 -0.0788829 0.0243233 -0.0152584 0.0574638 0.0324462 -0.0526877 -0.169822 0.00774485 0.0515206
internal_weight=19203.7 19198.3 2776.95 1626.74 547.614 354.134 128.182 105.808 63.8813 41.5663 22.315 2.89813 12.0395 1079.12 1039.98 801.883 193.48 325.37 222.467 92.9735 49.0374 102.903 225.952 118.802 59.4793 476.512 47.2615 7.23728 1150.22 166.088
internal_count=605864 598330 68299 59454 49984 48129 6002 3748 2636 438 2198 453 285 9470 8669 7256 1855 2286 1704 793 417 582 42127 29826 24253 4970 402 1169 8845 3107
is_linear=0
shrinkage=0.15


Tree=94
num_leaves=31
num_cat=0
split_feature=10 0 1 7 0 6 7 7 8 4 2 2 6 1 2 4 0 7 8 5 6 5 0 0 5 2 9 0 9 3
split_gain=3.41007 3.30436 3.68403 9.3394 20.406 14.1401 10.3343 10.6309 9.83919 9.67676 7.99041 20.1463 13.4871 13.3853 19.8089 25.5896 17.8483 27.9459 16.9343 20.3089 20.6609 20.1721 17.1602 16.4245 20.4221 19.0222 39.8215 15.151 12.2757 11.1776
threshold=1.0000000180025095e-35 1.0000000180025095e-35 0.19139194488525393 0.91106721758842479 0.57725781202316295 0.9095003902912141 0.83045977354049694 0.78759399056434642 0.92274534702301036 0.23166368901729587 0.37310734391212469 0.30860805511474615 0.94939169287681591 0.40224720537662512 0.53747388720512401 0.47655677795410162 0.69789582490921032 0.43095238506793981 0.94466316699981701 0.67238590121269237 0.78659176826477062 0.91469547152519237 0.68139684200286876 0.81112706661224376 0.73974713683128368 0.64051279425621044 0.19090909510850909 0.70030567049980175 0.73214286565780651 0.240384615957737
decision_type=2 2 2 2 2 2 2 2 2 2 2 2 2 2 2 2 2 2 2 2 2 2 2 2 2 2 2 2 2 2
left_child=-1 -2 3 5 9 6 7 -3 -7 -5 11 -4 29 14 15 18 -16 23 19 -12 22 -22 -21 -18 25 -25 -27 -17 -29 -13
right_child=1 2 10 4 -6 8 -8 -9 -10 -11 13 12 -14 -15 16 27 17 -19 -20 20 21 -23 -24 24 -26 26 -28 28 -30 -31
leaf_value=-0.15236827998227534 -0.072465341763537597 0.010833757766400212 -0.0013642347063104715 -0.087241863665045272 0.12362782688177008 0.14201069012779982 -0.19082005563458379 0.285489059839517 0.031894322673546173 -0.0054794549812773232 -0.10553663179845919 -0.083964552861580014 -0.0030332333858733513 -0.00013373671963712067 0.16424080227318141 -0.0078273648840368019 0.60114552730451298 -0.063639680578996868 0.0013342972516639899 -0.075845623966183148 0.4361105437657003 0.14370169326198948 0.41772233795301561 -0.12187847696798892 0.34532656190246713 -0.15004423254372923 1.7297493051769248 -0.055702542299757428 -0.41011164398403183 0.083915964906411997
leaf_weight=3.3080557106113693 14.171197297368051 173.5864466051753 828.83686509553581 50.521136544644833 21.075305575039238 36.941920584067702 5.6167928054928771 3.2298577986657611 36.097295412793756 91.656478378921747 5.5354210463847258 158.48699087329669 91.892726772290189 17319.553930732593 40.755303087906213 192.09238954759894 1.8986349309561763 27.890969256353856 26.373832683377259 7.7311257513065375 10.575514065101745 10.65790517197456 1.9936389248114208 6.7169528253725712 5.7176206771118814 0.67502636816061545 0.4061032027748297 5.1476793189685832 3.8388390624895692 9.4557871847100596
leaf_count=12887 261 5626 50341 190 307 194 18 18 205 423 2663 47145 702 448256 1112 29989 153 526 702 569 118 85 85 1047 103 176 35 1007 140 781
internal_value=-8.6128e-05 -5.98758e-05 -6.36471e-06 0.013909 -0.0141149 0.0318169 0.00948778 0.0158508 0.0875892 -0.0345328 -0.000317019 -0.0127892 -0.0492332 0.000451515 0.0295782 0.00938221 0.0929928 0.0259403 0.0929109 0.159093 0.20641 0.289339 0.025339 0.188028 0.129995 -0.0278888 0.55606 -0.0167331 -0.207098 -0.0745123
internal_weight=19192.4 19189.1 19175 418.725 163.253 255.472 182.433 176.816 73.0392 142.178 18756.2 1088.67 259.836 17667.6 348.007 263.946 84.0606 43.3053 62.8674 36.4936 30.9582 21.2334 9.72476 15.4143 13.5157 7.79808 1.08113 201.079 8.98652 167.943
internal_count=605864 592977 592716 6981 920 6061 5662 5644 399 613 585735 98969 48628 486766 38510 35358 3152 2040 4222 3520 857 203 654 1514 1361 1258 211 31136 1147 47926
is_linear=0
shrinkage=0.15


Tree=95
num_leaves=31
num_cat=0
split_feature=14 13 6 8 4 8 14 14 9 4 8 3 5 5 7 14 14 1 1 4 4 0 2 2 9 13 9 9 6 7
split_gain=3.22409 21.4179 15.9749 43.1225 30.0275 24.5142 79.4942 160.43 96.3343 55.147 40.4206 41.0798 52.6955 38.302 31.9538 29.3378 19.2566 18.1228 41.8325 26.3612 41.6915 25.0436 25.0171 24.0265 23.3193 70.902 49.288 28.2011 122.922 46.0373
threshold=0.30474716424942022 1.0000000180025095e-35 0.39141938090324407 0.55450046062469494 0.71902412176132213 0.35859310626983648 0.35297878086566931 0.41829130053520208 0.23611111193895343 0.79516318440437328 0.31121593713760382 0.58571431040763866 0.58639368414878856 0.59181538224220287 0.19722222536802295 0.36619828641414648 0.41829130053520208 0.91922956705093395 0.90366768836975109 0.98300692439079296 0.97332859039306652 0.74315208196640026 0.87827670574188244 0.46841755509376531 0.095454547554254546 1.0000000180025095e-35 0.23611111193895343 0.41428571939468389 0.63271072506904613 0.29520697891712194
decision_type=2 2 2 2 2 2 2 2 2 2 2 2 2 2 2 2 2 2 2 2 2 2 2 2 2 2 2 2 2 2
left_child=1 -1 3 4 -2 6 14 8 -8 15 11 -11 -13 16 -4 -10 -7 18 19 20 -15 -20 -22 -21 25 -19 -26 28 -28 -29
right_child=2 -3 5 -5 -6 13 7 -9 9 10 -12 12 -14 17 -16 -17 -18 24 21 23 22 -23 -24 -25 26 -27 27 29 -30 -31
leaf_value=-0.0011616257336125879 0.70093722239011902 -0.050732166973940826 0.30434424870011284 -0.11125437010024138 0.10004128636444662 0.12703018599798804 -0.17936484947263789 0.12120228730384922 -0.70735258605920504 -0.068645226814613339 -0.30439353367561034 -0.85360716329187625 -2.8727845684084028 -0.00050922978771417713 0.025949313083773639 -1.5697984253713786 0.033929971800911458 0.080081760049888998 0.36065708891965453 0.26154270408301195 -0.066410788706894111 0.041865357163491268 -0.30613360200361989 0.02923103217505945 -0.22404355241969548 -0.016620193381552944 0.098439412775141635 -0.11123185033214114 -0.11828228368047534 0.028799282691160978
leaf_weight=7582.1185494017263 1.9178784987061437 201.32241663801506 12.953930133142419 25.059174962498219 76.763299507983007 69.700404900224385 52.522249140833082 36.122943528549513 1.7904365010545 0.61946511601854481 8.253331088124467 0.83556831895839401 0.44605020044764387 7941.6159892382748 32.676370246934312 1.7596500274266871 176.74303501714894 204.70475514262216 5.6074247246142468 10.22222085384419 29.067937545099994 494.40211638479377 14.772894086665472 498.61790756751725 29.724594228435308 1023.8629682740066 80.453750386135653 64.985353691019554 219.65534330706578 282.31221191218719
leaf_count=172083 47 171577 147 20009 3185 4383 245 934 41 42 177 95 149 116695 298 140 3732 7745 123 165 368 10183 109 7572 270 15021 741 2850 3789 62949
internal_value=-9.04565e-05 -0.00244379 0.00151656 0.0601104 0.114688 0.000978371 -0.0596721 -0.13308 -0.271776 -0.625941 -0.448026 -1.07159 -1.55635 0.00178357 0.104983 -1.13484 0.0602611 0.00046142 0.00327678 0.000794845 -0.00131452 0.0454405 -0.147189 0.033898 -0.0128262 -0.000507651 -0.0351766 -0.0265051 -0.0601832 0.00259705
internal_weight=19181.6 7783.44 11398.2 103.74 78.6812 11294.4 147.98 102.35 66.2268 13.7045 10.1544 1.90108 1.28162 11146.4 45.6303 3.55009 246.443 10900 8994.31 8494.3 7985.46 500.01 43.8408 508.84 1905.7 1228.57 677.131 647.407 300.109 347.298
internal_count=605864 343660 262204 23241 3232 238963 2268 1823 889 644 463 286 244 236695 445 181 8115 228580 135215 124909 117172 10306 477 7737 93365 22766 70599 70329 4530 65799
is_linear=0
shrinkage=0.15


Tree=96
num_leaves=31
num_cat=0
split_feature=0 2 4 0 14 5 3 7 1 4 9 0 3 13 11 1 0 4 2 3 8 8 1 4 14 6 7 6 4 4
split_gain=3.12425 25.4642 21.3042 13.9529 34.3099 24.3244 17.8497 12.8175 16.1682 17.5643 16.9057 12.2467 12.9601 12.0321 11.2796 11.2243 11.0647 10.7319 17.806 19.1583 10.2467 21.9315 10.0615 12.37 9.88445 44.955 29.0228 12.4423 10.4761 16.7433
threshold=0.97506099939346325 0.93127065896987926 0.92206478118896495 0.98243695497512828 0.58537280559539806 0.74645522236824047 0.5634920895099641 0.20942982286214831 0.9569842815399171 0.96362435817718517 0.43650794029235845 0.98521456122398388 0.38750000298023229 1.0000000180025095e-35 1.0000000180025095e-35 0.88548010587692272 0.98677420616149913 0.94804319739341747 0.96808147430419933 0.5634920895099641 0.93533453345298778 0.94274005293846141 0.91331183910369884 0.97700846195220958 0.63266637921333324 0.61298429965972911 0.24621212482452395 0.69452759623527538 0.97332859039306652 0.96720427274703991
decision_type=2 2 2 2 2 2 2 2 2 2 2 2 2 2 2 2 2 2 2 2 2 2 2 2 2 2 2 2 2 2
left_child=-1 13 15 4 6 11 -4 -7 22 -10 20 -5 16 -2 -14 -3 -13 -6 19 -19 -11 -22 23 -9 25 28 -26 -28 29 -16
right_child=1 2 3 5 17 7 -8 8 9 10 -12 12 14 -15 24 -17 -18 18 -20 -21 21 -23 -24 -25 26 -27 27 -29 -30 -31
leaf_value=-0.00099311259159199326 0.091768503341120508 0.15075967050480815 0.20203169395382156 0.087062693761972634 -0.31838677265753124 0.12935096624015771 -0.0033590716450979507 -0.16708583686037196 -0.076588571251076445 0.036035837001994989 0.11704697604341169 -0.34867228657041116 -0.01328972664635425 0.32346430954140454 0.017883767785902824 0.028926505602056757 -0.05778106306586081 0.042774533500101214 0.16813413593249238 -0.13885307179184614 -0.45210038527782498 -0.02561430139719522 0.16288877052419201 0.17326408651454056 -0.22077427408178185 0.25912896856392037 -0.10738003143629418 0.058473878468180973 0.0076243492202148818 -0.14630335930390551
leaf_weight=15323.140824207507 21.661316315003663 17.731289386149001 13.948886276302799 33.471928041491083 4.7409947101259595 34.579922860895749 29.986454697340378 5.3152574409396021 38.82005645983736 76.903770245029591 42.309662950871825 4.3204784367844686 1395.3508914320994 6.5733011257252647 30.067638220658182 420.67638702543763 9.2221534144282469 16.144083336228505 5.7683241366758002 68.555708141066134 2.9704629806219591 31.294559484085767 29.473649617459159 4.3848349790496286 16.940132325747982 15.843295484432018 14.672271485091185 33.219623551209224 1411.990846503928 26.110313439407037
leaf_count=498120 780 412 180 429 89 621 374 139 846 5139 33375 76 23811 124 434 7123 220 517 116 881 266 2059 1103 111 339 241 527 4259 22847 306
internal_value=-3.20287e-05 0.0037802 0.00273522 -0.0012816 -0.0477981 0.000705507 0.0618498 0.0441692 0.0314438 0.0135508 0.0363502 -0.00316035 -0.00418138 0.14571 -0.00350797 0.033854 -0.150584 -0.0983964 -0.0868678 -0.104234 0.00563788 -0.0625867 0.119278 -0.0132339 0.0053044 0.00780901 -0.0520264 0.00766249 0.00509697 -0.0584269
internal_weight=19186.2 3863.05 3834.81 3396.41 139.144 3257.26 43.9353 266.052 231.472 192.299 153.478 2991.21 2957.74 28.2346 2944.2 438.408 13.5426 95.2091 90.4681 84.6998 111.169 34.265 39.1737 9.70009 1548.84 1484.01 64.832 47.8919 1468.17 56.178
internal_count=605864 107744 106840 99305 2157 97148 554 43659 43038 41685 40839 53489 53060 904 52764 7535 296 1603 1514 1398 7464 2325 1353 250 28953 23828 5125 4786 23587 740
is_linear=0
shrinkage=0.15


Tree=97
num_leaves=31
num_cat=0
split_feature=4 3 4 2 2 0 2 3 3 7 0 4 2 4 3 2 6 0 2 1 1 2 3 7 3 0 2 3 2 0
split_gain=3.09827 28.1637 27.6437 41.9595 66.4394 57.6893 42.8274 39.765 31.7927 29.809 24.8025 22.3012 21.3954 20.9903 29.9422 41.6609 39.4998 23.9077 22.104 34.2778 21.2568 20.8229 21.5105 22.7588 20.7469 20.4989 20.4951 26.7732 19.7494 19.6269
threshold=0.96609193086624157 0.94999998807907116 0.99193549156188976 0.65545505285263073 0.83424910902977001 0.91250488162040722 0.90353596210479747 0.27922078967094427 0.58571431040763866 0.20942982286214831 0.90476423501968395 0.97259759902954113 0.78979855775833141 0.94312667846679699 0.44949495792388922 0.73746865987777721 0.88796159625053417 0.84681376814842235 0.63373982906341564 0.63373982906341564 0.96449580788612377 0.93957650661468517 0.81666666269302379 0.5313725769519807 0.41428571939468389 0.97783377766609203 0.5108746886253358 0.16025641560554507 0.64425608515739452 0.95553839206695568
decision_type=2 2 2 2 2 2 2 2 2 2 2 2 2 2 2 2 2 2 2 2 2 2 2 2 2 2 2 2 2 2
left_child=1 13 3 -2 5 7 8 -5 -6 11 -4 -7 -11 20 24 16 18 -18 -16 -20 29 28 23 -23 26 -8 -15 -28 -12 -1
right_child=2 -3 10 4 6 9 25 -9 -10 12 21 -13 -14 14 15 -17 17 -19 19 -21 -22 22 -24 -25 -26 -27 27 -29 -30 -31
leaf_value=-0.0037469879248213417 -0.15580895939675216 0.079964005489496531 0.03080794166248553 0.15456955894405625 0.014499294051657865 0.0027077809241408189 0.019391300387793093 -0.058179655902572194 -0.18332898149796037 0.27331851099656645 0.13672909380846088 0.35388916392957948 0.044318489813376043 -0.12064177369078334 0.061030273279806146 0.018005685885731676 -0.13665847307888102 0.07529072140174714 -0.12594669236062073 0.23930312838050721 -0.11638690915701351 0.082720257814026643 -0.00085459584874259464 -0.029381626164664942 -0.19529332186814219 -0.081076721719423053 0.083762548226762018 -0.036332024067409596 -0.027032659820403825 0.010406692656324308
leaf_weight=10159.737693412588 57.350071966046016 101.22692888236088 543.96836402792451 23.974241013776918 23.156975544232409 37.153138360452431 106.72481136079296 112.6486898712792 86.757188760988356 35.711741401377367 16.897607359962421 4.5689696519184499 12.355867944541385 33.396368128824633 35.191350136530673 537.17841526234497 18.80371210409794 32.970845477888361 6.351474995550233 64.384154802195553 35.820295128611178 140.57833586657944 2944.1870729087705 57.38011572411051 14.979736087676427 79.904379895298916 65.574360818773584 115.04349909782832 853.56536177545968 2815.2811179082473
leaf_count=379787 3938 2261 22906 474 355 769 1765 2317 1032 579 499 79 177 8640 521 8883 374 675 99 920 575 1895 91125 2446 161 1262 2955 4867 17457 46071
internal_value=-2.40633e-05 0.00112949 -0.00317601 -0.0340101 -0.020653 0.0405349 -0.0673702 -0.020847 -0.14165 0.133933 0.000750885 0.0411655 0.214454 0.000556804 0.0224041 0.037906 0.105692 -0.00168592 0.158176 0.206507 -0.000994529 -0.00332379 0.00236356 0.0502265 -0.0246361 -0.0236236 -0.0126911 0.00726901 -0.0238537 -0.000675964
internal_weight=19172.8 14035.9 5136.88 580.306 522.956 226.413 296.543 136.623 109.914 89.7897 4556.58 41.7221 48.0676 13934.7 923.874 694.88 157.702 51.7746 105.927 70.7356 13010.8 4012.61 3142.15 197.958 228.994 186.629 214.014 180.618 870.463 12975
internal_count=605864 456789 149075 12747 8809 4395 4414 2791 1387 1604 136328 848 756 454528 28095 11472 2589 1049 1540 1019 426433 113422 95466 4341 16623 3027 16462 7822 17956 425858
is_linear=0
shrinkage=0.15


Tree=98
num_leaves=31
num_cat=0
split_feature=7 14 8 6 8 6 2 9 7 1 7 5 5 14 5 6 8 4 2 0 3 2 2 0 8 11 5 5 0 14
split_gain=3.08787 13.8412 11.7419 14.4923 19.053 19.8883 17.8505 18.9915 30.095 17.3587 16.7788 15.4869 15.2207 14.7777 13.4604 15.7381 13.2219 14.0101 17.4907 12.8232 23.5128 20.0229 14.4984 12.6769 12.5416 14.8893 12.3186 13.2464 11.9908 13.3002
threshold=0.81365740299224865 0.099505204707384123 0.93533453345298778 0.99118927121162426 0.99698793888092052 0.95256841182708751 0.49295215308666235 0.29285715520381933 0.84807693958282482 0.60922586917877208 0.85960590839385997 0.64022511243820202 0.85762819647789013 0.58537280559539806 0.90394490957260143 0.94939169287681591 0.98726060986518871 0.85239651799201976 0.40936473011970526 0.83169281482696544 0.31666667759418493 0.56635221838951122 0.6696164906024934 0.61110162734985363 0.90797033905982982 1.0000000180025095e-35 0.93560370802879345 0.99286460876464855 0.51982739567756664 0.18965701758861545
decision_type=2 2 2 2 2 2 2 2 2 2 2 2 2 2 2 2 2 2 2 2 2 2 2 2 2 2 2 2 2 2
left_child=-1 -2 14 4 6 -6 23 8 13 -9 -7 -5 -11 -8 -3 -16 -13 18 28 20 22 -22 -19 -4 25 -17 -14 -28 -18 -30
right_child=1 2 3 11 5 10 7 9 -10 12 -12 16 26 -15 15 24 17 19 -20 -21 21 -23 -24 -25 -26 -27 27 -29 29 -31
leaf_value=-0.00066241011750914878 -0.096376334674924666 0.04567711228375599 0.03683588609261354 -0.178729845713993 0.084514737750953639 -0.057903526225162052 0.21975195828225735 -0.053672139545612119 -0.18828164694999047 -0.011974714723365244 -0.20540056207502572 0.12464330418509185 0.17275440649802179 -0.042318564268259341 -0.024190725216574747 0.068827758266915853 0.024686468329740231 -0.032383592839100819 0.060076042207420167 0.037535093496423234 0.06779569031143115 -0.20995327410686418 0.16962073656136359 0.22022771338087763 0.043163473753551083 0.53706497233044015 0.0067075678716621862 0.25964263280392108 0.070661804523627719 -0.041904683807353425
leaf_weight=17286.900526890302 29.380254950840026 319.18852206092561 44.025610504526412 9.5300219374184945 13.100327255000591 43.831526648486033 6.6930641462095108 96.609211825678358 34.305154781817691 95.28317297603644 28.725808724906528 23.436671319737798 22.173676444770535 17.497348058182979 170.62089271255536 3.5454274656949556 275.01445932220668 72.314679471775889 179.77203222281241 47.131974926553085 7.2887401567713814 29.378474108598311 8.9878928244579566 10.504272202320861 43.742644139667391 2.6853194351715501 39.897793114898377 5.2745490913803215 27.841295250225812 155.64813013048843
leaf_count=552916 177 7845 308 285 218 382 50 857 293 2807 240 504 964 298 6683 174 1324 542 11610 9986 158 944 270 135 1693 96 2462 309 268 1066
internal_value=-3.70497e-05 0.00576438 0.0074006 -0.000350315 -0.0218012 -0.0855863 -0.00712431 -0.0207317 -0.0979336 -0.00331161 -0.116298 0.0113946 0.0266049 0.0301918 0.0259854 -0.00250752 0.0135861 0.0103462 0.0204207 -0.0286014 -0.0550246 -0.154742 -0.0100523 0.0721633 0.071524 0.270628 0.0811884 0.0362415 0.00487251 -0.0248247
internal_weight=19150.3 1863.43 1834.05 1294.27 457.922 85.6577 372.264 317.734 58.4956 259.238 72.5573 836.344 162.629 24.1904 539.783 220.594 826.814 803.378 638.276 165.102 117.97 36.6672 81.3026 54.5299 49.9734 6.23075 67.346 45.1723 458.504 183.489
internal_count=605864 52948 52771 36280 9323 840 8483 8040 641 7399 622 26957 6542 348 16491 8646 26672 26168 14268 11900 1914 1102 812 443 1963 270 3735 2771 2658 1334
is_linear=0
shrinkage=0.15


Tree=99
num_leaves=31
num_cat=0
split_feature=10 14 1 14 2 11 14 0 14 14 8 6 2 4 4 7 6 8 0 9 0 1 2 4 3 7 4 0 0 0
split_gain=2.89207 2.79215 2.78487 19.0204 15.1996 16.944 12.4202 12.2876 15.0639 17.1322 15.4304 18.2385 18.7749 13.0615 18.0987 22.1993 15.1535 17.3984 14.8797 14.3929 12.5681 12.2664 22.6392 30.4814 28.5072 16.429 24.7287 30.5488 16.4169 16.1252
threshold=1.0000000180025095e-35 0.97934588789939891 0.27812939882278448 0.25876010954380041 0.40936473011970526 1.0000000180025095e-35 0.28121212124824529 0.46951715648174291 0.23931623250246051 0.21298110485076907 0.90634137392044078 0.85012078285217296 0.26735393702983862 0.56711712479591381 0.75235849618911754 0.46862745285034185 0.54589802026748668 0.89202436804771434 0.41118326783180242 0.64583334326744091 0.51518258452415477 0.41533938050270086 0.55612832307815563 0.84877073764801036 1.0000000180025095e-35 0.40370370447635656 0.70871210098266613 0.63289794325828563 0.62280380725860607 0.72103068232536327
decision_type=2 2 2 2 2 2 2 2 2 2 2 2 2 2 2 2 2 2 2 2 2 2 2 2 2 2 2 2 2 2
left_child=-1 2 3 7 5 6 -4 13 9 -9 11 -11 -13 18 15 16 -15 19 -2 -18 -10 22 23 24 25 -6 28 -28 -27 -24
right_child=1 -3 4 -5 21 -7 -8 8 20 10 -12 12 -14 14 -16 -17 17 -19 -20 -21 -22 -23 29 -25 -26 26 27 -29 -30 -31
leaf_value=-0.15205953156920662 0.0062238788982381084 0.11788174049967121 -0.10240016145216242 0.10327322690764094 -0.052765315084468668 -0.0011919064216544208 -0.030883223164508158 0.015992041586980286 0.042391412697305224 0.0037668034710840606 0.050416137932153042 0.42474893715997192 0.11094356799636185 -0.081428717544551374 -0.032029497315078051 0.045794089815064019 0.3185072884539179 0.15396885343168004 -0.048147389002122627 0.84388754591577864 -0.09377116912663995 -0.00021996374198650018 0.16398548101965107 -0.096211320501092615 -0.074465323799680419 -0.012094763712319106 0.36974597056069214 0.058739533484768701 0.12980579068213471 0.030904196520814088
leaf_weight=2.8149350468593175 211.63102923914812 4.5193219886205034 80.253902436536919 44.603872502688318 19.788848159187182 306.97137742011819 171.17685258949496 317.43216217063491 23.750577612780035 8.0624573745299148 60.491661168867722 9.1194681394554227 8.1001265150262025 2.1519293946003009 49.868771032011864 48.4908461519517 2.5214052250048535 4.6454099985567154 243.61597914121012 2.1942297849745955 42.627153024019208 17192.312045598854 41.08844012157715 51.048134419361304 39.279707215351664 41.27652794891037 14.325970314443113 14.100630884408018 33.019218602217734 40.85545187547541
leaf_count=12887 3429 7534 43067 308 5617 47782 2200 21506 157 86 438 102 72 2002 2818 317 285 192 5690 53 218 428339 957 6496 10456 282 178 121 301 1974
internal_value=-2.95233e-05 -7.15161e-06 -3.50096e-05 0.00736627 -0.000477683 -0.0248394 -0.0537106 0.00323192 0.021164 0.0320647 0.0915463 0.189957 0.277134 -0.0116687 0.0347504 0.0902506 0.277495 0.360004 -0.0228718 0.562972 -0.0450509 0.000300242 0.0306397 0.00484658 0.0367323 0.0723846 0.096494 0.215475 0.05097 0.097634
internal_weight=19132.1 19129.3 19124.8 1079.31 18045.5 558.402 251.431 1034.7 469.584 403.206 85.7737 25.2821 17.2196 565.12 109.873 60.0038 11.513 9.36105 455.247 4.71564 66.3777 17487.1 294.783 212.839 161.791 122.511 102.722 28.4266 74.2957 81.9439
internal_count=605864 592977 585443 37673 547770 93049 45267 37365 22579 22204 698 260 174 14786 5667 2849 2532 530 9119 338 375 454721 26382 23451 16955 6499 882 299 583 2931
is_linear=0
shrinkage=0.15


end of trees

feature_importances:
name_jac=336
name_jw=329
addr_jac=311
name_qratio=279
name_len_ratio=270
addr_tsr=257
addr_len_ratio=241
name_x_addr=220
name_tsr=217
num_jac=215
addr_jw=169
num_conflict=84
is_s3=53
country_eq=17
addr_missing=2

parameters:
[boosting: gbdt]
[objective: binary]
[metric: binary_logloss]
[tree_learner: serial]
[device_type: cpu]
[data_sample_strategy: bagging]
[data: ]
[valid: ]
[num_iterations: 100]
[learning_rate: 0.15]
[num_leaves: 31]
[num_threads: 2]
[seed: 20260927]
[deterministic: 0]
[force_col_wise: 0]
[force_row_wise: 0]
[histogram_pool_size: -1]
[max_depth: -1]
[min_data_in_leaf: 80]
[min_sum_hessian_in_leaf: 0.001]
[bagging_fraction: 1]
[pos_bagging_fraction: 1]
[neg_bagging_fraction: 1]
[bagging_freq: 0]
[bagging_seed: 30307]
[bagging_by_query: 0]
[feature_fraction: 1]
[feature_fraction_bynode: 1]
[feature_fraction_seed: 427]
[extra_trees: 0]
[extra_seed: 2444]
[early_stopping_round: 0]
[early_stopping_min_delta: 0]
[first_metric_only: 0]
[max_delta_step: 0]
[lambda_l1: 0]
[lambda_l2: 0]
[linear_lambda: 0]
[min_gain_to_split: 0]
[drop_rate: 0.1]
[max_drop: 50]
[skip_drop: 0.5]
[xgboost_dart_mode: 0]
[uniform_drop: 0]
[drop_seed: 16765]
[top_rate: 0.2]
[other_rate: 0.1]
[min_data_per_group: 100]
[max_cat_threshold: 32]
[cat_l2: 10]
[cat_smooth: 10]
[max_cat_to_onehot: 4]
[top_k: 20]
[monotone_constraints: ]
[monotone_constraints_method: basic]
[monotone_penalty: 0]
[feature_contri: ]
[forcedsplits_filename: ]
[refit_decay_rate: 0.9]
[cegb_tradeoff: 1]
[cegb_penalty_split: 0]
[cegb_penalty_feature_lazy: ]
[cegb_penalty_feature_coupled: ]
[path_smooth: 0]
[interaction_constraints: ]
[verbosity: -1]
[saved_feature_importance_type: 0]
[use_quantized_grad: 0]
[num_grad_quant_bins: 4]
[quant_train_renew_leaf: 0]
[stochastic_rounding: 1]
[linear_tree: 0]
[max_bin: 255]
[max_bin_by_feature: ]
[min_data_in_bin: 3]
[bin_construct_sample_cnt: 200000]
[data_random_seed: 5108]
[is_enable_sparse: 1]
[enable_bundle: 1]
[use_missing: 1]
[zero_as_missing: 0]
[feature_pre_filter: 1]
[pre_partition: 0]
[two_round: 0]
[header: 0]
[label_column: ]
[weight_column: ]
[group_column: ]
[ignore_column: ]
[categorical_feature: ]
[forcedbins_filename: ]
[precise_float_parser: 0]
[parser_config_file: ]
[objective_seed: 12956]
[num_class: 1]
[is_unbalance: 0]
[scale_pos_weight: 1]
[sigmoid: 1]
[boost_from_average: 1]
[reg_sqrt: 0]
[alpha: 0.9]
[fair_c: 1]
[poisson_max_delta_step: 0.7]
[tweedie_variance_power: 1.5]
[lambdarank_truncation_level: 30]
[lambdarank_norm: 1]
[label_gain: ]
[lambdarank_position_bias_regularization: 0]
[eval_at: ]
[multi_error_top_k: 1]
[auc_mu_weights: ]
[num_machines: 1]
[local_listen_port: 12400]
[time_out: 120]
[machine_list_filename: ]
[machines: ]
[gpu_platform_id: -1]
[gpu_device_id: -1]
[gpu_device_id_list: ]
[gpu_use_dp: 0]
[num_gpu: 1]

end of parameters

pandas_categorical:null
